fixed_acidity,volatile_acidity,citric_acid,residual_sugar,chlorides,free_sulfur_dioxide,total_sulfur_dioxide,density,pH,sulphates,alcohol
-1.4494820935885917,1.3298992193824941,-2.0840796404259723,-0.7419727826273592,-0.07614044921073289,-1.4051530181802352,-1.5290569601916357,-0.38346324766118123,2.114505651523913,2.060128820933992,1.6366246920662995
2.0643312206889863,1.152341987147723,0.9237822626401259,-0.6096062128782509,0.39055844788304406,-0.7859953600898807,-1.299921534133518,1.5385551982510524,0.9997069910881204,0.5808804945406519,-0.9729523750017269
2.140718466651542,2.27687112463461,0.7870612670462122,-0.6096062128782509,0.06112393228743678,-0.8422824199162766,-1.4585537521737533,0.695564651798342,-0.4866912228262732,0.24468769308761984,0.37392611122693176
-0.9147713718506992,-0.3864873588869651,-0.6485091866898801,1.5634116405029446,-0.24085770700853654,0.6774681953964116,0.8680521124163659,0.39208805507535577,-0.17702492826077312,-0.49493647010904973,-0.3836930372766892
-0.30367340415025107,-1.3926450082173383,-0.3067066977050961,0.7802427694873867,-0.3506692122070724,0.8463293748755991,-0.17187020584739945,0.0009404415212729803,-0.17702492826077312,-1.1000835127245072,-0.552052848055271
-0.4564478960753633,-0.564044591121737,-0.5117881910959666,-0.7419727826273592,-0.24085770700853654,-0.22312476182592217,0.18064583424201255,-0.11370627279630043,0.875840473261921,0.44640337395943913,-0.3836930372766892
-1.2203203557009237,0.027812849660835207,0.37689828026447153,-0.8964004473346523,-0.515386470004876,-1.3488659583538394,-0.7358958699904586,-1.4624911471206672,0.875840473261921,-1.3017991935963262,0.7106457327840968
-0.07451166626258313,-0.6824160792782514,0.5136192758583852,-0.764033877585544,-0.6801037278026797,-1.011143599395464,-0.8592764840217528,-1.5973696345530888,0.13264136630472417,-0.898367831852688,1.8049845028448814
0.07826282566252908,-0.8599733115130231,-0.16998570211118283,3.2731464997622606,-0.4879335937052421,2.1972188107090997,2.17236146074719,1.9667943958490361,-0.7963575173917705,-0.36045934952783726,-1.1413121857803101
-0.4564478960753633,-0.031372894417421755,0.17181678687360138,-0.5434229280036967,-0.15849907810963482,0.5930376056568177,1.6964648066264842,-0.4711342644922404,-0.4866912228262732,0.5136419342500456,-0.4678729426659801
1.2240715151008703,-0.6232303351999943,1.539026742812737,-0.5654840229618815,0.7199929634786517,-0.27941182165231804,-1.0002829000575177,1.2687982233861717,0.9997069910881204,0.042972012215801304,-1.1413121857803101
0.9949097772132016,1.8625709160868098,-0.7852301822837936,-0.6537284027946203,1.104333231673527,-0.3919859413051097,-0.013237987807164047,0.9417178913625416,-0.6105577406524727,-0.36045934952783726,-1.1413121857803101
-1.0675458637758115,-0.8599733115130231,-0.10162520431422599,-0.7860949725437287,-0.7075566041023137,-0.5045600609579014,-1.0002829000575177,-1.1421547394686282,1.3093732856536178,0.11021057250640773,0.37392611122693176
-1.5258693395511473,-1.0967162878260521,0.17181678687360138,-0.9405226372510218,-0.7624623567015816,-0.22312476182592217,-0.6477668599681057,-1.007276252036169,0.13264136630472417,-0.158743668656018,-0.3836930372766892
0.3838118095127535,0.5604845463651504,-0.5117881910959666,1.3538312384001894,-0.7075566041023137,0.6211811355700156,0.9385553204342484,0.08861145835236954,-0.672490999565571,-0.6966521509808691,0.6264658273948059
-0.30367340415025107,2.7503570772606682,-1.8106376492381455,-0.6757894977528051,0.3631055715834105,-1.3488659583538394,-1.7581923862497535,0.3651123575888415,1.7429060980453146,0.8498347357030777,0.20556630044835
0.6129735474004214,1.7441994279302953,-0.6485091866898801,-0.5875451179200661,1.021974602774625,-1.4051530181802352,-1.423302148164812,0.533710466879406,0.875840473261921,0.31192625337822627,0.37392611122693176
-0.4564478960753633,-0.031372894417421755,-0.9219511778777073,0.29489868040732287,0.6925400871790177,0.9589034945283909,2.225238866760602,0.8641627610888691,1.1855067678274183,-0.36045934952783726,-1.1413121857803101
0.8421352852880901,0.3237415700521216,0.4452587780614284,-0.8743393523764675,-0.515386470004876,-0.8422824199162766,-0.6830184639770468,-0.38346324766118123,-1.22989032978347,-0.6966521509808691,-1.1413121857803101
-0.6092223880004748,-0.14974438257393632,-0.5801486888929233,2.456885986309426,-0.04868757291109892,0.3397458364380364,1.0971875384744838,1.3699570889605253,0.19457462521782254,0.042972012215801304,-1.225492091169601
-1.831418323401372,-0.5048588470434797,-0.5801486888929233,1.221464668651081,-0.6251979752034118,-0.3919859413051097,-0.048489591816105244,-0.6060127519246995,1.4332398034798173,-1.7052305553399643,0.7948256381733877
-0.991158617813255,-0.7416018233565087,-0.9219511778777073,0.29489868040732287,-0.43302784110597414,-0.11055064217313045,0.11014262622413015,-0.17102962995508714,0.2565078841309237,-0.2259822289466244,-0.552052848055271
1.4532332529885377,2.602392717065025,-2.1524401382229295,-0.5434229280036967,0.994521726474991,-1.06743065922186,-1.5114311581871651,1.6397140638253687,0.81390721434882,2.1946059415152046,-0.9729523750017269
0.2310373175876413,1.3298992193824941,-1.6055561558472748,-0.5434229280036967,0.8847102212764552,-0.8985694797426724,-1.5290569601916357,0.4662712231631952,0.4423076608702215,0.3791648136688327,-0.13115332110881506
0.2310373175876413,1.0931562430694657,-1.7422771514411886,-0.5434229280036967,0.8023515923775533,-0.5608471207842973,-1.2294183261156355,0.6618450299402366,0.9377737321750194,0.3791648136688327,0.12138639505905761
-0.07451166626258313,-1.333459264139081,0.0350957912796877,1.000853719069234,-0.07614044921073289,1.9157835115771207,0.8504263104118953,0.5606861643658829,1.0616402500012188,-0.8311292715620819,-0.9729523750017269
0.30742456355019704,0.7972275226781793,0.37689828026447153,-0.9405226372510218,-0.54283934630451,-1.461440078006631,-0.24237341386528186,-1.4624911471206672,-1.22989032978347,-0.9656063921432944,0.7106457327840968
-0.991158617813255,0.5308916743260218,-1.058672173471621,0.29489868040732287,-0.7075566041023137,-0.5045600609579014,0.35690385428671856,-1.0207641007794261,0.07070810739162582,-0.49493647010904973,1.3840849758984255
1.3768460070259818,2.809542821338925,-1.1953931690655344,-0.5434229280036967,0.8847102212764552,-1.1800047788746517,-1.599560168209518,1.3025178452442772,0.9997069910881204,0.6481190548312584,-0.6362327534445619
0.001875579699973319,-0.8599733115130231,-0.03326470651726914,1.089098098901973,-0.07614044921073289,1.0714776141811826,0.9033037164253072,0.8304431392307637,1.0616402500012188,-0.7638907112714755,-0.552052848055271
-0.4564478960753633,-0.5048588470434797,-0.44342769329900983,1.4420756182329284,-0.3232163359074385,0.8463293748755991,1.132439142483425,0.8000954795584538,0.628107437609522,-0.6966521509808691,-0.6362327534445619
-1.7550310774388154,-0.06096576645655039,-1.1953931690655344,-0.8302171624600981,-0.570292222604144,2.1972188107090997,0.956181122438719,-0.8150744074449606,1.4951730623929185,-0.49493647010904973,-0.07503338137662405
0.3838118095127535,0.4421130582086359,-0.03326470651726914,0.9126093392364949,-0.24085770700853654,-0.4482730011315056,1.8903486286756608,0.7967235173726583,-1.0440905530441695,0.5136419342500456,-1.1413121857803101
0.9185225312506459,1.5074564516172662,-1.4688351602533614,-0.6316673078364355,0.7748987160779197,-0.8985694797426724,-0.048489591816105244,0.6281254080820937,-0.4866912228262732,0.8498347357030777,-0.6362327534445619
-0.6092223880004748,-0.564044591121737,0.0350957912796877,1.3758923333583744,-0.515386470004876,2.1972188107090997,1.3792003705460134,0.4022039416327799,-0.5486244817393715,-0.2259822289466244,-0.2995131318873983
0.30742456355019704,-0.2089301266521936,-0.5117881910959666,-0.7199116876691746,-0.54283934630451,0.508607015917224,0.6389166863582482,-1.09157530668147,-1.1060238119572705,-0.6294135906902626,1.0473653543412618
-0.6092223880004748,1.0931562430694657,-1.5371956580503183,-0.25662869354729534,1.8181080154640095,-0.8985694797426724,-1.4585537521737533,0.7630038955145528,1.6809728391322163,0.9170732959936841,0.37392611122693176
0.001875579699973319,-0.6232303351999943,-0.8535906800807505,0.5816929148637242,-0.3232163359074385,1.296625853486766,1.0971875384744838,0.4258076769334612,-0.36282470500007374,-1.0328449524339007,-0.8887724696124361
0.5365863014378657,0.0869985937390925,1.4706662450157801,1.72886985268933,-0.21340483070890257,1.8594964517507246,0.4450328643090716,1.1406636603253786,-1.7872896600013664,-0.5621750303996562,-1.225492091169601
0.5365863014378657,0.027812849660835207,-0.716869684486837,-0.6978505927109898,0.445464200482312,0.9026164347019949,-0.20712180985634066,0.6281254080820937,0.2565078841309237,0.31192625337822627,-0.8887724696124361
0.1546500716250855,0.14618433781734977,0.7870612670462122,-0.5434229280036967,0.6925400871790177,-0.6734212404370891,-0.5596378499457526,0.8574188367172405,0.628107437609522,0.9843118562842905,-0.7204126588338543
-0.9147713718506992,0.5012988022868932,0.17181678687360138,0.5596318199055395,-0.3232163359074385,-0.27941182165231804,0.07489102221518895,-0.7813547855868552,-1.22989032978347,-1.1000835127245072,0.37392611122693176
-1.4494820935885917,1.3890849634607514,-1.6739166536442318,0.4052041551982465,-0.3781220885067064,0.2271717167852447,0.6212908843537776,-0.04626702908008959,0.6900406965226205,0.24468769308761984,-0.7204126588338543
-0.991158617813255,-0.09055863849567904,0.0350957912796877,0.669937294696463,-0.515386470004876,-1.1800047788746517,-1.4056763461603414,-1.1590145503976808,-0.05315841043457366,-1.1673220730151137,1.8049845028448814
-0.532835142037919,-1.1559020319043094,1.6073872406096938,0.18459320561639925,-0.3232163359074385,2.534941169667475,0.8504263104118953,0.09535538272399811,-1.6014898832620656,-0.898367831852688,-1.057132280391018
-0.9147713718506992,-0.14974438257393632,-0.10162520431422599,-0.6978505927109898,-0.6526508515030457,0.6211811355700156,0.49791027032248336,-1.8266630631882357,0.38037440195712313,-0.7638907112714755,1.8891644082341736
-0.9147713718506992,-0.44567310296522245,-0.8535906800807505,-0.7419727826273592,-1.009538243398287,-0.33569888147871385,-0.06611539382057585,-1.5973696345530888,0.566174178696421,-0.4276979098184437,1.7208045974555906
-0.22728615818769465,-0.3864873588869651,0.10345628907664453,-0.8522782574182828,-0.4879335937052421,-0.7859953600898807,-0.27762501787422306,-1.3950519034044562,-0.9821572941310711,-0.9656063921432944,0.9631854489519694
0.07826282566252908,-0.8599733115130231,0.37689828026447153,-0.8522782574182828,-0.54283934630451,1.0151905543547868,0.09251682421965955,-0.8555379536746947,0.566174178696421,-0.29322078923723083,0.2897462058376409
1.300458761063426,1.6258279397737807,-0.9219511778777073,-0.2786897885054801,3.2731104593446085,1.24033879366037,0.5507876763358952,1.3699570889605253,-0.42475796391317205,2.3290830620964176,-1.1413121857803101
-0.07451166626258313,-0.2089301266521936,1.2655847516249097,2.0818473720202855,0.06112393228743678,-1.3488659583538394,0.6036650823493069,1.2687982233861717,-1.7872896600013664,-0.6294135906902626,-1.225492091169601
-1.4494820935885917,2.454428356869382,-1.9473586448320592,-0.521361833045512,-0.3781220885067064,-0.1668377019995263,-0.3657540278965761,-0.4509024913773921,0.6900406965226205,-1.0328449524339007,-1.1413121857803101
0.5365863014378657,0.9155990108346939,0.10345628907664453,-0.6757894977528051,0.7474458397782857,-0.8422824199162766,0.515536072326954,0.7630038955145528,-0.17702492826077312,0.11021057250640773,-0.8887724696124361
-0.30367340415025107,-0.7416018233565087,-0.10162520431422599,1.221464668651081,0.3631055715834105,2.084644691056308,1.4144519745549546,0.6753328786834563,-2.0969559545668637,-0.7638907112714755,-1.3096719965588919
0.9185225312506459,-0.44567310296522245,-0.10162520431422599,-0.6316673078364355,-0.54283934630451,0.3397458364380364,0.26877484426436554,-1.2433136050429443,-2.0969559545668637,-1.570753434758752,0.7667656725162878
-0.532835142037919,-0.6232303351999943,0.4452587780614284,-0.8964004473346523,-0.8173681093008495,0.05831053730605713,-0.41863143390998786,-1.7794555925868731,0.07070810739162582,-1.1673220730151137,1.4682648812877177
-0.6092223880004748,1.3298992193824941,-1.1953931690655344,-0.25662869354729534,0.3631055715834105,-0.1668377019995263,-0.718270067985988,0.7259123114706144,0.566174178696421,-0.36045934952783726,-1.1413121857803101
-0.532835142037919,-0.3864873588869651,0.24017728467055785,2.280397226643948,-0.4055749648063402,1.4091999731395577,1.4320777765594253,1.1002001140956446,0.008774848478524704,-0.2259822289466244,-0.8045925642231452
3.3629144020524384,-0.6824160792782514,1.7441082362036069,-0.7199116876691746,0.472917076781946,-1.5177271378330268,-1.863947198276577,1.2013589796699609,-0.5486244817393715,1.1187889768655026,-0.552052848055271
1.2240715151008703,0.027812849660835207,1.197224253827953,-0.8964004473346523,-0.570292222604144,-0.8985694797426724,-1.0179087020619884,-0.8555379536746947,-1.6634231421751668,-1.3690377538869325,-0.04697341571952417
2.2934929585766537,1.921756660165067,0.5136192758583852,-0.6978505927109898,-0.07614044921073289,-1.3488659583538394,-1.7053149802363416,1.0327608703794338,-0.36282470500007374,-0.4276979098184437,-0.4678729426659801
-0.6856096339630313,-1.0375305437477949,-0.5801486888929233,0.14047101570002976,-0.24085770700853654,0.7900423150492033,0.5860392803448363,-0.24184083585709354,-0.92022403521797,0.042972012215801304,-0.4678729426659801
-0.9147713718506992,-1.0375305437477949,0.10345628907664453,0.2066543005745839,-0.570292222604144,0.002023477479661268,-0.048489591816105244,-0.3092800795733418,0.566174178696421,0.31192625337822627,-0.341603084582043
-0.22728615818769465,-0.2681158707304509,0.9237822626401259,-0.8081560675019134,-0.4879335937052421,0.3397458364380364,0.14539423023307135,-1.3309846218740409,-0.9821572941310711,-0.4276979098184437,0.45810601661622263
-0.15089891222513888,-1.0375305437477949,0.10345628907664453,-0.23456759858911058,-0.6251979752034118,-0.7297083002634849,0.23352324025542434,-0.38346324766118123,-0.23895818717387424,-0.9656063921432944,0.037206489669766724
0.07826282566252908,-0.564044591121737,-0.3067066977050961,-0.2786897885054801,-0.26831058330817054,-0.7859953600898807,-0.6125152559591645,-0.9465809326915867,-0.9821572941310711,-0.49493647010904973,0.6264658273948059
-0.22728615818769465,0.3237415700521216,1.6757477384066508,1.3538312384001894,-0.3781220885067064,0.5648940757436198,0.49791027032248336,0.9990412485213283,-0.5486244817393715,-0.49493647010904973,-1.562211712726766
0.30742456355019704,2.5727998450258966,-2.1524401382229295,-0.7419727826273592,0.5278228293812139,0.17088465695884883,-1.211792524111165,0.533710466879406,0.5042409197833226,0.5808804945406519,0.12138639505905761
-0.6856096339630313,-0.031372894417421755,1.4023057472188234,0.27283758544913805,-0.26831058330817054,1.8594964517507246,1.2734455585191897,0.0919834205381651,-0.3008914460869726,-0.6294135906902626,-0.8045925642231452
-0.991158617813255,-0.031372894417421755,-0.10162520431422599,-0.2786897885054801,-0.5977450989037778,1.5217740927923493,0.3745296562911892,-1.4759789958638867,-0.8582907763048716,-1.3017991935963262,1.2157251651198437
-0.15089891222513888,-0.6824160792782514,-0.375067195502053,0.47138744007280065,-0.43302784110597414,-0.5045600609579014,-0.41863143390998786,0.18639836174089025,-0.05315841043457366,0.11021057250640773,-0.8887724696124361
-0.15089891222513888,2.3064639966737386,-1.8106376492381455,-0.6757894977528051,0.6650872108793838,-0.9548565395690684,-1.0531603060709294,0.695564651798342,0.9997069910881204,0.24468769308761984,-0.6362327534445619
-0.4564478960753633,-0.3273016148087082,0.5136192758583852,0.37211251276096935,-0.7075566041023137,-0.4482730011315056,-0.27762501787422306,-1.09157530668147,-0.4866912228262732,1.791174579771567,1.9733443136234645
0.2310373175876413,-1.0967162878260521,0.4452587780614284,1.6847476627729603,-0.3781220885067064,2.2816494004486936,0.8680521124163659,0.850674912345612,-0.4866912228262732,1.925651700352779,-0.13115332110881506
-0.8383841258881435,-0.6232303351999943,-0.3067066977050961,1.0449759089856037,0.1434825611863387,0.17088465695884883,0.6741682903671894,0.695564651798342,0.5042409197833226,-0.4276979098184437,-0.8887724696124361
0.2310373175876413,4.555522271647514,-1.4688351602533614,-0.43311745321277306,0.8023515923775533,-1.4051530181802352,-1.7934439902586947,0.4258076769334612,1.928705874784615,0.44640337395943913,0.5422859220055135
0.765748039325533,-0.3273016148087082,0.10345628907664453,0.8905482442783103,-0.570292222604144,-0.11055064217313045,0.07489102221518895,0.25720956764289665,-1.6634231421751668,-0.898367831852688,0.2897462058376409
-0.22728615818769465,-0.564044591121737,-0.10162520431422599,-0.21250650363092594,-0.07614044921073289,-0.3919859413051097,0.03963941820624775,-0.1811455165125113,-1.4776233654358661,-1.0328449524339007,-0.9729523750017269
-0.8383841258881435,-0.09055863849567904,-0.10162520431422599,-0.4551785481709578,-0.570292222604144,0.002023477479661268,0.18064583424201255,-1.7929434413301302,0.5042409197833226,-0.898367831852688,2.1417041244020463
-0.6092223880004748,1.2115277312259802,-0.375067195502053,1.000853719069234,-0.8173681093008495,-0.5608471207842973,-0.17187020584739945,-0.720659466242273,-0.05315841043457366,1.3205046577373218,2.1417041244020463
-0.532835142037919,-0.14974438257393632,0.17181678687360138,0.14047101570002976,-0.3506692122070724,-0.1668377019995263,-0.40100563190551725,-0.9094893486476483,0.318441143044022,0.44640337395943913,1.2157251651198437
0.001875579699973319,0.5012988022868932,-0.5117881910959666,0.361081965281877,0.033671055987803,0.5648940757436198,0.8680521124163659,0.15605070206858038,-0.17702492826077312,-0.8311292715620819,-0.552052848055271
-0.15089891222513888,0.4421130582086359,-0.8535906800807505,-0.6096062128782509,0.39055844788304406,-0.6734212404370891,-1.3704247421514002,0.0751236096091124,0.9997069910881204,0.17744913279701416,0.2897462058376409
-0.30367340415025107,2.128906764438967,-0.44342769329900983,-0.41105635825458836,-0.24085770700853654,-1.123717719048256,-1.0002829000575177,0.49324692064967207,0.81390721434882,-0.09150510836541155,-0.8887724696124361
0.5365863014378657,0.3237415700521216,-0.16998570211118283,-0.7199116876691746,2.751505809651564,-1.6303012574858187,-1.2294183261156355,0.9316020048050799,0.4423076608702215,2.5980373032588435,-0.8887724696124361
-0.3800606501128069,0.738041778599922,-0.16998570211118283,-0.06910938640272515,-0.6251979752034118,-0.05426358234673459,0.35690385428671856,-1.341100508431465,0.38037440195712313,-0.49493647010904973,2.0575242190127554
-1.2203203557009237,-0.6232303351999943,0.17181678687360138,-0.6757894977528051,-0.43302784110597414,-0.8985694797426724,-0.718270067985988,-1.5939976723672933,-1.1679570708703688,-0.5621750303996562,0.8790055435626786
0.07826282566252908,-0.6824160792782514,-0.3067066977050961,-0.5434229280036967,-0.5977450989037778,0.508607015917224,0.11014262622413015,-1.0645996091949557,-1.1679570708703688,0.3791648136688327,0.6264658273948059
-0.4564478960753633,-0.9783447996695377,-0.2383461999081393,-0.7419727826273592,-0.43302784110597414,1.296625853486766,0.8328005084074248,-0.8319342183740133,-0.6105577406524727,-0.5621750303996562,-0.2995131318873983
-0.4564478960753633,0.3829273141303786,-0.3067066977050961,1.2435257636092658,1.4612206235687681,-0.5608471207842973,-0.18949600785187004,0.7360281980280761,-0.92022403521797,-0.8311292715620819,-1.3096719965588919
-0.15089891222513888,-1.0375305437477949,2.906236698751872,1.7068087577311453,-0.3232163359074385,-0.33569888147871385,0.21589743825095375,-0.11370627279630043,0.19457462521782254,-1.0328449524339007,1.3840849758984255
-0.8383841258881435,-0.800787567434766,-0.10162520431422599,0.27283758544913805,-0.4879335937052421,0.9589034945283909,0.39215545829565973,-1.300636962201731,0.2565078841309237,-1.5035148744681455,1.8049845028448814
-0.4564478960753633,-0.6232303351999943,-0.3067066977050961,2.3686416064766873,-0.5977450989037778,0.9026164347019949,1.308697162528131,1.2350786015280661,0.07070810739162582,-0.158743668656018,-1.1413121857803101
1.0712970231757575,0.8564132667564366,-0.16998570211118283,-0.6757894977528051,1.4612206235687681,-0.6171341806106931,0.33927805228224794,0.8978823829469745,-1.8492229189144647,9.725324694063119,-0.6362327534445619
0.6893607933629772,2.217685380556353,-1.5371956580503183,-0.49930073808732733,0.7474458397782857,-0.6734212404370891,-1.1412893160932824,1.6397140638253687,1.2474400267405195,1.2532660974467156,0.45810601661622263
-0.30367340415025107,-1.1559020319043094,0.6503402714522984,1.72886985268933,-0.3506692122070724,2.7882329388862566,1.2205681525057779,0.972065551034814,0.07070810739162582,1.656697459190354,-0.2995131318873983
-0.4564478960753633,-0.3273016148087082,-0.03326470651726914,-0.25662869354729534,-0.8173681093008495,0.508607015917224,-0.31287662188316423,-1.411911714333509,0.07070810739162582,0.44640337395943913,1.7208045974555906
0.1546500716250855,0.26455582597386434,1.128863756030996,-0.6757894977528051,0.6925400871790177,-0.8985694797426724,-0.8240248800128116,0.8978823829469745,0.6900406965226205,0.11021057250640773,-1.1413121857803101
-0.3800606501128069,-0.031372894417421755,1.539026742812737,2.4789470812676107,-0.26831058330817054,0.7900423150492033,1.1853165484968367,1.4036767108186308,-1.1679570708703688,0.17744913279701416,-1.4780318073374736
-1.1439331097383671,-0.6232303351999943,1.0605032582340392,0.27283758544913805,0.3356526952837765,0.28345877661164054,1.2029423505013073,-0.21149317618482114,-0.7344242584786721,-0.49493647010904973,-0.692352690651357
0.765748039325533,-0.031372894417421755,0.4452587780614284,-0.5654840229618815,0.6376343345797498,-1.011143599395464,-1.0002829000575177,1.1002001140956446,0.4423076608702215,-0.4276979098184437,-1.3096719965588919
-0.7619968799255871,-0.564044591121737,-0.2383461999081393,0.758181674529202,-0.5977450989037778,-0.11055064217313045,-0.10136699782951705,0.10884323146721782,1.0616402500012188,-0.7638907112714755,-0.13115332110881506
-0.8383841258881435,-0.3864873588869651,-0.3067066977050961,-0.08013993388181748,-0.7350094804019477,1.4654870329659535,0.46265866631354213,-1.3883079790328277,-0.42475796391317205,-0.7638907112714755,1.6366246920662995
0.3838118095127535,-0.564044591121737,1.197224253827953,-0.5654840229618815,-0.26831058330817054,0.05831053730605713,0.9738069244431895,-0.6801959200125389,-0.9821572941310711,0.24468769308761984,0.037206489669766724
-0.3800606501128069,-0.564044591121737,-0.375067195502053,-0.7750644250646364,-0.43302784110597414,4.983428272115694,1.8022196186533077,0.12233108021047497,1.9906391336977136,0.6481190548312584,-0.9729523750017269
-0.30367340415025107,-0.3864873588869651,0.17181678687360138,0.5375707249473548,-0.5977450989037778,0.2271717167852447,1.1148133404789544,0.8034674417442869,0.628107437609522,-0.6966521509808691,-1.225492091169601
2.217105712614098,0.6196702904434077,-0.5801486888929233,-0.6978505927109898,0.6925400871790177,-1.123717719048256,-1.687689178231871,1.0799683409807588,-0.05315841043457366,0.7825961754124713,-1.057132280391018
0.6893607933629772,-0.9191590555912804,1.8124687340005636,2.556160913621257,-0.21340483070890257,1.0151905543547868,1.1853165484968367,2.044349526122671,-0.17702492826077312,0.5808804945406519,-1.225492091169601
0.1546500716250855,-0.6232303351999943,0.7187007692492553,1.9715418972293621,0.2532940663848746,1.0151905543547868,1.4849551825728369,1.1339197359537498,-2.0969559545668637,-0.7638907112714755,-1.3938519019481828
-0.15089891222513888,-0.800787567434766,0.17181678687360138,0.6478761997382784,0.006218179688169026,-0.6171341806106931,-0.22474761186081124,0.29092918950100205,-1.4776233654358661,0.3791648136688327,-0.9729523750017269
0.1546500716250855,-0.564044591121737,-0.16998570211118283,-0.6316673078364355,-0.07614044921073289,-0.6171341806106931,-1.1412893160932824,0.7157964249131903,1.0616402500012188,1.5222203386091413,0.2897462058376409
-0.4564478960753633,-1.0967162878260521,0.24017728467055785,-0.7199116876691746,-0.4055749648063402,-0.22312476182592217,-0.15424440384292884,-1.658064953897671,-0.23895818717387424,1.4549817783185348,1.5524447866770086
0.765748039325533,-0.09055863849567904,0.5136192758583852,-0.5654840229618815,0.472917076781946,-0.05426358234673459,-1.158915118097753,0.2504656432713055,0.566174178696421,2.3290830620964176,1.5524447866770086
0.001875579699973319,-1.0967162878260521,-0.375067195502053,0.4493263451146158,-0.07614044921073289,0.6211811355700156,1.9432260346890726,0.695564651798342,0.9377737321750194,0.11021057250640773,-0.3836930372766892
-0.6092223880004748,1.2707134753042375,-1.1270326712685776,-0.7199116876691746,0.5827285819804818,-0.7297083002634849,-0.8592764840217528,-0.5385735082084512,0.628107437609522,0.44640337395943913,-0.04697341571952417
-0.7619968799255871,0.20537008189560707,0.7187007692492553,-0.5654840229618815,-0.515386470004876,0.2271717167852447,0.05726522021071835,-1.0848313823098414,0.81390721434882,0.3791648136688327,0.8790055435626786
0.5365863014378657,-0.5048588470434797,0.6503402714522984,2.225244489248486,-0.46048071740560814,0.45231995609082815,1.8022196186533077,1.0327608703794338,-1.6634231421751668,0.44640337395943913,-0.4678729426659801
-0.07451166626258313,-0.7416018233565087,0.10345628907664453,-0.49930073808732733,-0.6526508515030457,1.0151905543547868,0.69179409237166,-1.5636500126949833,-0.4866912228262732,-1.0328449524339007,1.8049845028448814
-0.991158617813255,-1.0375305437477949,-0.16998570211118283,-0.43311745321277306,-0.7350094804019477,0.11459759713245299,0.16302003223754197,-1.82329110100244,1.12357350891432,-1.3690377538869325,2.6467835567377933
-0.991158617813255,-0.6824160792782514,-0.10162520431422599,1.72886985268933,-0.07614044921073289,1.5217740927923493,0.9914327264476601,0.8978823829469745,0.318441143044022,-0.9656063921432944,-0.9729523750017269
-0.07451166626258313,-1.2742735200608237,0.581979773655342,-0.8522782574182828,-0.26831058330817054,1.3529129133131619,0.35690385428671856,-0.4509024913773921,0.4423076608702215,2.9342301047118746,-0.6362327534445619
0.30742456355019704,0.027812849660835207,0.9921427604370827,2.125969561936655,-0.26831058330817054,0.17088465695884883,0.6565424883627188,0.8607907989030735,-1.22989032978347,-0.024266548074805126,-0.21533322649810593
3.3629144020524384,1.0931562430694657,2.3593527163762182,-0.3117814309427571,1.7632022628647415,-1.3488659583538394,-1.7581923862497535,1.1002001140956446,-1.1060238119572705,1.3877432180279283,0.7948256381733877
-0.532835142037919,-0.09055863849567904,-0.2383461999081393,0.22871539553276854,-1.064443995997555,0.6211811355700156,-0.18949600785187004,-1.118551004167947,0.07070810739162582,-1.436276314177539,1.3840849758984255
-0.532835142037919,-0.031372894417421755,0.9921427604370827,-0.8964004473346523,-0.9271796144993852,-1.3488659583538394,-0.5948894539546938,-1.9851452859213385,-0.4866912228262732,0.042972012215801304,1.9733443136234645
-0.8383841258881435,-0.9191590555912804,-0.44342769329900983,-0.23456759858911058,-0.9271796144993852,-0.3919859413051097,-0.030863789811634647,-0.7543790881003783,0.875840473261921,-0.158743668656018,0.8790055435626786
-0.991158617813255,0.41252018616950725,-2.0157191426290155,-0.9405226372510218,-0.515386470004876,-0.4482730011315056,-0.8945280880306941,-0.4509024913773921,0.81390721434882,-1.1673220730151137,-1.057132280391018
-0.6856096339630313,0.26455582597386434,-0.6485091866898801,-0.49930073808732733,-0.24085770700853654,1.296625853486766,1.044310132461072,-0.5048538863503458,0.07070810739162582,-0.5621750303996562,-0.6362327534445619
2.0643312206889863,1.0931562430694657,1.7441082362036069,-0.5875451179200661,0.994521726474991,0.002023477479661268,-1.0884119100798706,0.8641627610888691,-0.23895818717387424,1.5222203386091413,0.8790055435626786
-0.8383841258881435,-0.031372894417421755,-0.16998570211118283,-0.6316673078364355,-0.570292222604144,-0.27941182165231804,-0.24237341386528186,-1.738992046357139,-1.0440905530441695,-0.6294135906902626,1.0473653543412618
-1.0675458637758115,-0.6824160792782514,-0.716869684486837,-0.7860949725437287,-0.3506692122070724,-0.5045600609579014,-0.06611539382057585,-1.0645996091949557,0.4423076608702215,0.24468769308761984,0.37392611122693176
-0.3800606501128069,-0.3864873588869651,-0.2383461999081393,-0.5875451179200661,-1.229161253795359,0.3397458364380364,-0.24237341386528186,-1.3141248109449883,0.19457462521782254,-0.9656063921432944,0.9631854489519694
-0.15089891222513888,1.3890849634607514,-0.2383461999081393,-0.05807883892363283,0.7748987160779197,-1.011143599395464,-0.7887732760038705,0.6045216727814499,0.566174178696421,1.1187889768655026,0.37392611122693176
1.6060077449136505,-0.8599733115130231,0.10345628907664453,-0.7419727826273592,-0.1859519544092686,-0.11055064217313045,1.132439142483425,0.29092918950100205,-0.42475796391317205,-0.6966521509808691,-1.3096719965588919
0.30742456355019704,1.152341987147723,-2.0157191426290155,-0.7419727826273592,0.7748987160779197,-0.7297083002634849,-1.4585537521737533,0.45615533660577107,0.875840473261921,-0.158743668656018,-0.13115332110881506
-0.07451166626258313,1.5666421956955234,-2.0157191426290155,-0.5654840229618815,0.6650872108793838,-0.7297083002634849,-0.47150883992339965,0.9821814375922381,1.5571063213060168,0.44640337395943913,-0.7204126588338543
0.5365863014378657,-0.3864873588869651,0.6503402714522984,-0.03601774396544798,0.033671055987803,0.05831053730605713,0.69179409237166,0.695564651798342,0.2565078841309237,-0.158743668656018,-0.7204126588338543
0.30742456355019704,0.3237415700521216,-0.3067066977050961,-0.8522782574182828,-0.10359332551036686,-0.3919859413051097,1.396826172550484,-0.9769285923638966,-0.05315841043457366,-1.0328449524339007,0.8790055435626786
-0.22728615818769465,-0.6232303351999943,0.10345628907664453,1.640625472856591,-0.2957634596078045,0.9589034945283909,0.69179409237166,1.2687982233861717,0.318441143044022,1.5894588988997476,-0.8045925642231452
-0.07451166626258313,-0.44567310296522245,-0.3067066977050961,1.1773424787347118,-0.43302784110597414,-0.22312476182592217,0.0043878141973065525,-0.400323058590234,-1.1679570708703688,-0.09150510836541155,0.7948256381733877
-0.532835142037919,0.20537008189560707,-0.375067195502053,0.030165540909106146,-0.4055749648063402,0.17088465695884883,-0.030863789811634647,-1.3040089243875266,-1.0440905530441695,-0.2259822289466244,1.4682648812877177
0.001875579699973319,1.921756660165067,-2.1524401382229295,-0.6316673078364355,0.30819981898414256,-1.123717719048256,-1.5819343662050473,0.35836843321725037,1.1855067678274183,1.2532660974467156,0.45810601661622263
-0.4564478960753633,-0.3864873588869651,0.7187007692492553,0.6919983896546477,-0.3506692122070724,1.690635272271537,1.4497035785638959,0.3651123575888415,-0.5486244817393715,-0.36045934952783726,-0.9729523750017269
-0.07451166626258313,-0.5048588470434797,0.0350957912796877,2.0708168245411933,0.472917076781946,-0.05426358234673459,-0.11899279983398765,1.1676393578118553,-1.6634231421751668,-0.7638907112714755,-1.1413121857803101
-0.15089891222513888,-0.3273016148087082,0.24017728467055785,-0.8081560675019134,-0.570292222604144,0.6774681953964116,-0.08374119582504645,-1.128666890725371,0.5042409197833226,0.5808804945406519,0.8790055435626786
-0.07451166626258313,-0.031372894417421755,1.197224253827953,-0.7860949725437287,-0.8173681093008495,-0.22312476182592217,0.21589743825095375,-1.529930390836878,0.4423076608702215,-1.3690377538869325,1.3840849758984255
0.8421352852880901,-0.9191590555912804,1.197224253827953,-0.8522782574182828,-0.15849907810963482,-1.06743065922186,0.40978126030013035,-0.9229771973909054,-1.0440905530441695,-0.49493647010904973,0.37392611122693176
0.1546500716250855,0.20537008189560707,-0.3067066977050961,0.5375707249473548,-0.43302784110597414,-0.33569888147871385,0.8151747064029542,0.27406937857194935,-0.36282470500007374,-0.6966521509808691,-0.4678729426659801
-0.4564478960753633,-0.564044591121737,1.3339452494218664,0.6478761997382784,-0.26831058330817054,1.7469223320979328,1.3263229645326016,0.5067347693929292,-0.05315841043457366,-0.29322078923723083,-1.1413121857803101
-0.7619968799255871,-0.7416018233565087,1.197224253827953,0.2066543005745839,-0.7624623567015816,0.05831053730605713,0.25114904225989493,-0.5857809788098138,1.12357350891432,-1.1673220730151137,0.6264658273948059
0.3838118095127535,-0.5048588470434797,-0.03326470651726914,-0.8302171624600981,-0.3781220885067064,0.9589034945283909,0.7270456963806011,-0.28230438208682757,1.1855067678274183,-0.2259822289466244,-0.3836930372766892
-0.7619968799255871,-0.3864873588869651,-0.3067066977050961,1.1552813837765272,-0.7350094804019477,-0.22312476182592217,-0.10136699782951705,-0.22160906274224526,-0.17702492826077312,-1.1673220730151137,0.12138639505905761
0.6129735474004214,-0.2089301266521936,0.9237822626401259,-0.6537284027946203,4.371225511329967,-1.4051530181802352,-1.7229407822408123,-0.32276792831656154,-0.4866912228262732,1.8584131400621733,1.6366246920662995
0.6129735474004214,-0.5048588470434797,0.3085377824675147,-0.6757894977528051,-0.07614044921073289,0.002023477479661268,0.12776842822860077,-0.8555379536746947,-0.8582907763048716,1.2532660974467156,0.8790055435626786
0.30742456355019704,-0.2089301266521936,-0.16998570211118283,1.1994035736928965,-0.46048071740560814,-0.5045600609579014,0.5507876763358952,0.695564651798342,-1.1679570708703688,-1.2345606333057202,-0.9729523750017269
0.3838118095127535,-0.3864873588869651,-0.16998570211118283,-0.16838431371455645,-0.15849907810963482,-0.27941182165231804,0.49791027032248336,-0.2148651383706167,-0.42475796391317205,-0.9656063921432944,-0.2995131318873983
-1.0675458637758115,-0.3273016148087082,-1.8106376492381455,-0.9405226372510218,-0.515386470004876,-1.06743065922186,-1.4761795541782239,-0.720659466242273,0.81390721434882,-1.2345606333057202,-1.1413121857803101
0.8421352852880901,-0.800787567434766,1.8124687340005636,2.6554358409330887,-0.21340483070890257,1.8032093919243288,1.7493422126398959,2.044349526122671,-1.3537568476096695,-0.158743668656018,-1.057132280391018
-0.991158617813255,-0.9783447996695377,-0.2383461999081393,0.008104445950921305,-0.4879335937052421,1.1277646740075784,0.4450328643090716,-0.9735566301780636,-0.42475796391317205,-0.6294135906902626,0.6264658273948059
0.07826282566252908,-0.14974438257393632,1.128863756030996,1.817114232522069,0.08857680858707076,1.5217740927923493,1.4497035785638959,1.2350786015280661,-1.1679570708703688,-0.2259822289466244,-1.1413121857803101
1.4532332529885377,-0.2681158707304509,0.17181678687360138,-0.6757894977528051,0.19838831378560665,-1.011143599395464,-1.564308564200577,0.21000209704157152,0.19457462521782254,2.060128820933992,0.9631854489519694
0.001875579699973319,0.26455582597386434,1.539026742812737,-0.8081560675019134,2.751505809651564,0.2271717167852447,0.32165225027777733,-0.01591936940777973,-0.7344242584786721,-0.024266548074805126,-1.3096719965588919
0.8421352852880901,1.152341987147723,-0.2383461999081393,-0.6978505927109898,0.5552757056808479,-1.06743065922186,-1.299921534133518,1.1002001140956446,0.9997069910881204,0.5136419342500456,-0.4678729426659801
0.001875579699973319,-0.8599733115130231,0.3085377824675147,-0.5654840229618815,-0.7899152330012155,-0.4482730011315056,0.7622973003895424,-0.2485847602287221,1.5571063213060168,-0.29322078923723083,0.037206489669766724
-0.6856096339630313,0.14618433781734977,-0.2383461999081393,0.27283758544913805,-0.6251979752034118,0.8463293748755991,0.6741682903671894,-0.8218183318165891,0.38037440195712313,-0.49493647010904973,0.8790055435626786
-0.07451166626258313,-0.9783447996695377,0.3085377824675147,-0.8081560675019134,-0.3781220885067064,0.05831053730605713,-0.47150883992339965,-1.5973696345530888,0.19457462521782254,-1.1000835127245072,1.8049845028448814
-0.30367340415025107,-1.1559020319043094,-0.10162520431422599,0.052226635867290795,-0.1859519544092686,0.5648940757436198,0.23352324025542434,-0.11370627279630043,1.0616402500012188,-0.9656063921432944,-0.7204126588338543
-0.30367340415025107,-0.2089301266521936,-0.10162520431422599,0.6478761997382784,-0.7899152330012155,0.17088465695884883,0.14539423023307135,-0.9769285923638966,-0.6105577406524727,0.6481190548312584,1.7208045974555906
-0.15089891222513888,0.5604845463651504,-0.5117881910959666,1.552381093023852,-0.021234696611464945,2.140931750882704,1.6964648066264842,0.891138458575346,-1.1060238119572705,-0.2259822289466244,-0.8887724696124361
-0.30367340415025107,-0.44567310296522245,-1.3321141646594479,-0.8302171624600981,-0.46048071740560814,3.2103858875842253,0.956181122438719,-0.8555379536746947,-0.3008914460869726,-0.8311292715620819,-0.4678729426659801
-0.30367340415025107,-0.564044591121737,-0.3067066977050961,1.2435257636092658,0.5278228293812139,0.9589034945283909,0.7094198943761305,0.7292842736564474,-1.1060238119572705,-1.0328449524339007,-1.3096719965588919
0.001875579699973319,-0.3273016148087082,0.581979773655342,1.8832975173966227,-0.3232163359074385,2.0283576312299125,2.066606648720367,1.066480492237539,-0.92022403521797,0.3791648136688327,-0.8045925642231452
2.4462674505017667,0.5012988022868932,1.2655847516249097,-0.6096062128782509,0.30819981898414256,-0.9548565395690684,-1.6700633762274004,0.49324692064967207,-0.7963575173917705,2.261844501805811,0.7106457327840968
1.6823949908762061,-1.0375305437477949,1.6073872406096938,-0.764033877585544,-0.21340483070890257,-0.8985694797426724,-0.34812822589210546,0.12233108021047497,-1.2918235886965683,0.5136419342500456,-0.21533322649810593
-0.6092223880004748,-0.2089301266521936,1.2655847516249097,0.1625321106582144,-0.515386470004876,0.6774681953964116,-0.048489591816105244,-0.8926295377185955,-0.3008914460869726,-0.024266548074805126,1.1315452597305526
-0.3800606501128069,-0.5048588470434797,0.5136192758583852,-0.8743393523764675,-0.46048071740560814,0.8463293748755991,0.5860392803448363,-0.3497436258030384,0.566174178696421,0.31192625337822627,-0.8045925642231452
-1.0675458637758115,0.3237415700521216,0.7187007692492553,-0.1463232187563716,-0.26831058330817054,0.48046348600402605,2.3133678767829555,-0.28230438208682757,0.13264136630472417,0.24468769308761984,-0.8045925642231452
-0.8383841258881435,-0.7416018233565087,-0.44342769329900983,1.552381093023852,-0.5977450989037778,1.3529129133131619,0.3745296562911892,0.0919834205381651,-0.11509166934767477,-0.898367831852688,0.12138639505905761
-0.4564478960753633,-0.6824160792782514,0.0350957912796877,-0.7860949725437287,-0.43302784110597414,-1.2362918387010475,-0.7358958699904586,-1.701900462313238,-0.05315841043457366,-0.9656063921432944,1.8049845028448814
0.1546500716250855,1.8625709160868098,-2.1524401382229295,-0.7199116876691746,0.5003699530815799,-0.9548565395690684,-1.299921534133518,1.1002001140956446,1.7429060980453146,0.17744913279701416,-0.9729523750017269
0.765748039325533,0.9155990108346939,0.24017728467055785,-0.4772396431291426,0.5552757056808479,-0.5045600609579014,0.23352324025542434,1.0327608703794338,0.008774848478524704,0.5808804945406519,-0.9729523750017269
1.2240715151008703,-0.6824160792782514,2.906236698751872,-0.41105635825458836,-0.4055749648063402,-0.8422824199162766,0.21589743825095375,-0.38346324766118123,-1.2918235886965683,-0.158743668656018,0.5422859220055135
-0.3800606501128069,-1.0967162878260521,0.17181678687360138,-0.764033877585544,-0.8448209856004835,-0.1668377019995263,-0.08374119582504645,-0.38346324766118123,0.6900406965226205,0.31192625337822627,-0.3836930372766892
1.0712970231757575,0.8564132667564366,-0.2383461999081393,-0.6978505927109898,1.4612206235687681,-0.5608471207842973,0.39215545829565973,0.8978823829469745,-1.8492229189144647,9.5236090131913,-0.552052848055271
0.1546500716250855,-1.2150877759825665,-0.10162520431422599,-0.8302171624600981,-0.6526508515030457,-0.27941182165231804,-0.40100563190551725,-0.6262445250395478,1.866772615871514,-0.9656063921432944,0.037206489669766724
-1.6022565855137039,0.26455582597386434,-0.716869684486837,-0.7419727826273592,-0.8173681093008495,-0.8422824199162766,-0.7358958699904586,-1.732248121985548,1.6809728391322163,-0.5621750303996562,1.6366246920662995
-0.22728615818769465,-0.3864873588869651,0.37689828026447153,0.8905482442783103,-0.54283934630451,-0.7859953600898807,-0.6653926619725763,0.08861145835236954,-1.1060238119572705,0.042972012215801304,0.45810601661622263
-0.15089891222513888,-1.0375305437477949,0.37689828026447153,-0.7860949725437287,-0.7899152330012155,-0.22312476182592217,-0.6830184639770468,-0.7880987099584837,0.4423076608702215,-0.49493647010904973,0.20556630044835
-0.3800606501128069,-0.4752659750043511,-0.6485091866898801,0.7802427694873867,-0.24085770700853654,1.3529129133131619,1.4849551825728369,0.3246488113591449,0.13264136630472417,-0.8311292715620819,-0.2995131318873983
1.3768460070259818,-0.8599733115130231,0.10345628907664453,-0.3448730733800342,-0.21340483070890257,-1.123717719048256,-1.299921534133518,-0.04626702908008959,-0.5486244817393715,-1.1673220730151137,-0.6362327534445619
-0.30367340415025107,-0.6232303351999943,1.197224253827953,3.1407799300131525,0.006218179688169026,1.4091999731395577,2.3486194807918968,2.027489715193656,-1.4156901065227678,0.17744913279701416,-1.562211712726766
0.765748039325533,1.3298992193824941,-0.375067195502053,-0.6316673078364355,0.08857680858707076,-0.11055064217313045,-0.8592764840217528,0.4595272987915666,0.4423076608702215,-0.6966521509808691,-0.3836930372766892
-0.3800606501128069,-0.6232303351999943,0.0350957912796877,0.8684871493201256,-0.9271796144993852,-0.5608471207842973,-0.08374119582504645,-0.6464762981544335,0.6900406965226205,-1.2345606333057202,1.7208045974555906
-1.1439331097383671,-0.800787567434766,-0.44342769329900983,-0.8743393523764675,-0.5977450989037778,-0.22312476182592217,-0.5772636519502232,-1.4624911471206672,0.5042409197833226,-0.09150510836541155,0.7106457327840968
-0.07451166626258313,-0.5048588470434797,-0.10162520431422599,-0.6757894977528051,-0.7075566041023137,-0.9548565395690684,0.25114904225989493,-0.9566968192490108,-0.23895818717387424,-0.29322078923723083,0.7106457327840968
1.0712970231757575,0.0869985937390925,-0.375067195502053,1.3317701434420048,-0.7350094804019477,0.7618987851360053,1.0090585284521307,0.08861145835236954,-1.22989032978347,-0.29322078923723083,1.2157251651198437
-1.1439331097383671,-1.1559020319043094,1.0605032582340392,1.397953428316559,-0.5977450989037778,1.0714776141811826,0.25114904225989493,0.0076843658929015525,-1.22989032978347,-1.3017991935963262,-0.04697341571952417
0.001875579699973319,-0.7416018233565087,-0.5117881910959666,-0.8081560675019134,-0.43302784110597414,-0.7297083002634849,0.7975489043984836,-0.8690258024179518,0.13264136630472417,-0.024266548074805126,0.5422859220055135
-0.15089891222513888,-0.2681158707304509,1.197224253827953,-0.08013993388181748,-0.570292222604144,-0.7297083002634849,-0.15424440384292884,-0.9904164411071162,0.19457462521782254,0.9843118562842905,1.5524447866770086
-0.22728615818769465,1.685013683852038,0.10345628907664453,0.361081965281877,4.892830161023011,2.0283576312299125,0.022013616201777154,1.1238038493963258,-0.05315841043457366,0.17744913279701416,-0.8887724696124361
-0.07451166626258313,-0.2089301266521936,-0.44342769329900983,1.3538312384001894,-0.24085770700853654,0.11459759713245299,0.39215545829565973,0.7056805383557662,-0.5486244817393715,-0.898367831852688,-0.8887724696124361
1.1476842691383131,2.0993138923998385,-0.5117881910959666,-0.5654840229618815,4.645754274326307,-1.4051530181802352,-1.7405665842452829,1.5385551982510524,0.566174178696421,0.44640337395943913,-1.3096719965588919
-0.3800606501128069,-0.564044591121737,-1.2637536668624911,-0.8522782574182828,-0.43302784110597414,2.8726635286258504,1.0619359344655426,-0.8555379536746947,-0.5486244817393715,-0.7638907112714755,-0.6362327534445619
-1.6022565855137039,-1.3926450082173383,0.0350957912796877,-0.764033877585544,-0.7899152330012155,-1.011143599395464,-0.41863143390998786,-1.502954693350401,2.114505651523913,-0.09150510836541155,1.3840849758984255
-0.532835142037919,-0.3273016148087082,-0.44342769329900983,-0.5654840229618815,2.3397126651570543,-1.2362918387010475,-0.048489591816105244,-0.6195006006679192,-1.4156901065227678,-0.6294135906902626,-0.552052848055271
-0.30367340415025107,-0.5048588470434797,0.17181678687360138,1.949480802271177,-0.6251979752034118,0.508607015917224,0.35690385428671856,0.12233108021047497,0.628107437609522,-0.024266548074805126,1.2157251651198437
-1.4494820935885917,0.738041778599922,-1.4004746624564048,-0.6316673078364355,-0.24085770700853654,-0.7859953600898807,-0.4362572359144585,-0.9162332730192769,1.928705874784615,2.3290830620964176,2.5345436856914025
-0.6856096339630313,-0.8599733115130231,0.37689828026447153,1.4861978081492981,-0.3232163359074385,1.5780611526187454,0.28640064626883616,0.22011798359899568,-0.17702492826077312,-1.2345606333057202,0.20556630044835
-0.7619968799255871,2.454428356869382,-2.0840796404259723,-0.41105635825458836,-0.43302784110597414,-0.6734212404370891,0.11014262622413015,-1.4422593740057814,-0.17702492826077312,2.7325144238400556,2.6467835567377933
-1.2203203557009237,-0.8599733115130231,-0.6485091866898801,-0.8302171624600981,-0.21340483070890257,-0.27941182165231804,0.7270456963806011,-0.5318295838368601,3.16737105304661,-0.6966521509808691,-0.4678729426659801
1.4532332529885377,0.3237415700521216,1.2655847516249097,-0.7199116876691746,0.39055844788304406,-1.2925788985274433,-1.7229407822408123,0.02791613900774983,-0.11509166934767477,1.0515504165748963,1.6366246920662995
-1.2203203557009237,-0.5048588470434797,1.2655847516249097,1.397953428316559,-0.7624623567015816,-0.27941182165231804,-0.3657540278965761,-0.08673057530978615,0.008774848478524704,-0.29322078923723083,-0.04697341571952417
1.3768460070259818,0.738041778599922,-0.03326470651726914,-0.521361833045512,0.7474458397782857,-0.33569888147871385,0.19827163624648314,1.3025178452442772,0.5042409197833226,0.5136419342500456,-0.9729523750017269
-0.6856096339630313,-0.6232303351999943,0.24017728467055785,-0.6096062128782509,-0.4879335937052421,0.7337552552228074,-0.08374119582504645,-1.341100508431465,0.6900406965226205,-0.6294135906902626,1.0473653543412618
-1.5258693395511473,0.14618433781734977,0.10345628907664453,-0.8522782574182828,-0.7899152330012155,-0.9548565395690684,-0.5772636519502232,-1.4624911471206672,0.875840473261921,-1.0328449524339007,0.9631854489519694
0.1546500716250855,-0.44567310296522245,-0.2383461999081393,-0.7199116876691746,-0.46048071740560814,0.8463293748755991,0.12776842822860077,-1.3849360168469946,-1.2918235886965683,-0.898367831852688,1.1315452597305526
-0.3800606501128069,-0.5048588470434797,1.197224253827953,0.669937294696463,-0.13104620181000085,1.0151905543547868,1.4673293805683663,0.3516245088456218,-0.23895818717387424,-0.36045934952783726,-0.8887724696124361
1.2240715151008703,1.4482707075390087,-0.9219511778777073,-0.4772396431291426,0.8847102212764552,-1.011143599395464,-0.7006442659815174,0.9585777022915942,-0.5486244817393715,0.042972012215801304,-0.9729523750017269
0.9949097772132016,-0.6824160792782514,0.17181678687360138,-0.8302171624600981,-0.5977450989037778,1.3529129133131619,-0.06611539382057585,-0.9364650461341626,-0.9821572941310711,0.11021057250640773,0.37392611122693176
-0.9147713718506992,-0.44567310296522245,-0.3067066977050961,-0.764033877585544,-0.2957634596078045,0.11459759713245299,-0.013237987807164047,-0.720659466242273,1.12357350891432,-0.158743668656018,-0.04697341571952417
-0.3800606501128069,-0.2089301266521936,-0.03326470651726914,-0.03601774396544798,-0.7075566041023137,-0.5608471207842973,0.6565424883627188,-0.6532202225260246,0.81390721434882,1.925651700352779,1.2157251651198437
-0.07451166626258313,1.4482707075390087,-2.0840796404259723,-0.6096062128782509,0.6376343345797498,-0.1668377019995263,-1.2470441281201061,0.3246488113591449,1.1855067678274183,0.31192625337822627,0.12138639505905761
-0.22728615818769465,-0.14974438257393632,-0.375067195502053,0.7140594846128328,-0.10359332551036686,0.11459759713245299,1.1676907464923663,0.6618450299402366,0.13264136630472417,-0.158743668656018,-1.1413121857803101
2.0643312206889863,2.217685380556353,1.6073872406096938,-0.7419727826273592,2.1749954073592512,-0.33569888147871385,-1.0884119100798706,1.0057851728929195,0.7519739554357215,2.7325144238400556,-0.4678729426659801
0.6129735474004214,1.4482707075390087,2.701155205361002,2.7105885783285504,-0.515386470004876,1.7469223320979328,2.013729242706955,1.8420317949740388,-1.7253564010882652,1.4549817783185348,-1.057132280391018
1.2240715151008703,-0.09055863849567904,0.6503402714522984,0.18459320561639925,0.445464200482312,-1.2925788985274433,-1.775818188254224,0.6888207274267134,0.4423076608702215,0.5808804945406519,1.2999050705091346
-0.532835142037919,-0.5048588470434797,0.5136192758583852,-0.8081560675019134,-1.009538243398287,-1.011143599395464,-0.8416506820172822,-1.2298257562996873,0.13264136630472417,1.4549817783185348,0.6264658273948059
-1.0675458637758115,-0.44567310296522245,0.581979773655342,-0.8522782574182828,0.5278228293812139,0.9589034945283909,0.28640064626883616,-0.9061173864618527,-0.6105577406524727,-0.5621750303996562,-0.21533322649810593
0.46019905547530926,1.6258279397737807,-1.8106376492381455,-0.6096062128782509,0.6101814582801158,-1.3488659583538394,-1.687689178231871,0.9484618157341327,0.38037440195712313,0.6481190548312584,-1.057132280391018
0.07826282566252908,-0.9191590555912804,-0.3067066977050961,1.949480802271177,0.006218179688169026,0.8463293748755991,0.7270456963806011,1.1912430931125366,-1.7872896600013664,-0.8311292715620819,-1.4780318073374736
-0.3800606501128069,-0.6232303351999943,-0.375067195502053,0.07428773082547563,-0.7350094804019477,-0.8422824199162766,-0.34812822589210546,-1.3781920924753661,-0.4866912228262732,-1.0328449524339007,1.8049845028448814
0.8421352852880901,-0.3864873588869651,0.581979773655342,0.6037540098219089,-0.43302784110597414,0.45231995609082815,1.4144519745549546,1.0327608703794338,0.6900406965226205,-0.158743668656018,-0.8045925642231452
-1.3730948476260352,-0.7416018233565087,0.24017728467055785,0.3169597753655075,-0.7624623567015816,-0.22312476182592217,-0.47150883992339965,-1.219709869742263,0.38037440195712313,-0.6294135906902626,1.6366246920662995
0.8421352852880901,-0.3864873588869651,-0.3067066977050961,2.7436802207658273,-0.3232163359074385,1.0151905543547868,2.4543742928187204,1.8892392655754013,-1.2918235886965683,0.17744913279701416,-1.225492091169601
-0.9147713718506992,-0.9191590555912804,-0.375067195502053,1.6185643778984062,-0.24085770700853654,1.1277646740075784,0.5860392803448363,0.8978823829469745,0.4423076608702215,-1.1673220730151137,-1.3938519019481828
2.2934929585766537,-0.3273016148087082,2.2909922185792615,-0.5875451179200661,0.5003699530815799,-1.3488659583538394,-1.7053149802363416,0.37522824414630307,-0.05315841043457366,0.6481190548312584,1.0473653543412618
0.30742456355019704,1.2707134753042375,-1.3321141646594479,1.1773424787347118,1.076880355373893,-0.4482730011315056,1.1148133404789544,1.2687982233861717,0.566174178696421,-0.5621750303996562,-1.225492091169601
0.2310373175876413,0.9747847549129511,-2.0157191426290155,-0.7419727826273592,0.7474458397782857,-0.9548565395690684,-1.4585537521737533,0.28418526512941095,0.81390721434882,0.042972012215801304,-0.04697341571952417
-0.7619968799255871,0.14618433781734977,-0.5117881910959666,0.22871539553276854,-0.6801037278026797,-0.6171341806106931,-0.48913464192787026,-1.7524798951003961,-1.1679570708703688,-1.8397076759211772,2.3942438405699207
-0.3800606501128069,-0.44567310296522245,-0.03326470651726914,2.346580511518502,-0.570292222604144,0.7900423150492033,1.1500649444878956,1.1339197359537498,0.19457462521782254,0.17744913279701416,-0.8045925642231452
0.1546500716250855,-0.800787567434766,-0.10162520431422599,0.6258151047800937,-0.4879335937052421,-0.8985694797426724,0.07489102221518895,-0.11370627279630043,-1.6634231421751668,-1.3017991935963262,-0.13115332110881506
0.6129735474004214,-0.564044591121737,1.197224253827953,0.8684871493201256,-0.3506692122070724,0.05831053730605713,1.255819756514719,1.1676393578118553,0.6900406965226205,-0.29322078923723083,-0.4678729426659801
-0.991158617813255,-0.44567310296522245,-0.3067066977050961,-0.01395664900726334,-0.5977450989037778,-0.8985694797426724,-0.29525081987869367,-1.3343565840598366,-0.7963575173917705,-1.3690377538869325,1.0473653543412618
4.355948599565667,0.027812849660835207,1.197224253827953,0.1625321106582144,0.2532940663848746,-1.4051530181802352,-1.3880505441558708,2.3141065009875894,-0.17702492826077312,0.8498347357030777,1.2157251651198437
-0.6856096339630313,-0.3864873588869651,-0.10162520431422599,0.33902087032369216,4.151602500932896,1.690635272271537,0.7094198943761305,0.08186753398074097,-0.7963575173917705,-0.898367831852688,-0.9729523750017269
-0.532835142037919,-0.2681158707304509,0.0350957912796877,-0.6757894977528051,-0.3506692122070724,0.2271717167852447,-0.41863143390998786,-0.9061173864618527,0.875840473261921,0.9843118562842905,0.37392611122693176
-0.3800606501128069,1.2707134753042375,-1.5371956580503183,-0.4772396431291426,0.6101814582801158,-1.2925788985274433,-1.6171859702139886,0.7259123114706144,1.4332398034798173,0.5136419342500456,-0.2995131318873983
0.1546500716250855,-1.1263091598651807,0.17181678687360138,-0.6096062128782509,-0.3232163359074385,2.4505105799278812,1.7669680146443665,-0.38346324766118123,-0.3008914460869726,0.5136419342500456,-0.552052848055271
0.6893607933629772,-0.3864873588869651,0.9921427604370827,2.280397226643948,0.06112393228743678,0.11459759713245299,1.1148133404789544,1.9769102824064604,0.2565078841309237,0.31192625337822627,-1.3096719965588919
-0.15089891222513888,-1.2150877759825665,1.197224253827953,0.18459320561639925,-0.10359332551036686,-0.4482730011315056,0.07489102221518895,0.29092918950100205,0.81390721434882,-1.1673220730151137,-0.9729523750017269
0.9185225312506459,-0.6824160792782514,0.0350957912796877,-0.8302171624600981,-0.24085770700853654,1.6343482124451412,-0.013237987807164047,-0.929721121762534,-0.7963575173917705,0.11021057250640773,0.37392611122693176
-0.991158617813255,-0.3273016148087082,0.0350957912796877,-0.8081560675019134,-0.9546324907990192,-0.7297083002634849,-1.1765409201022237,-1.5636500126949833,0.7519739554357215,-1.2345606333057202,0.7948256381733877
-0.8383841258881435,0.20537008189560707,1.0605032582340392,-0.8081560675019134,-0.15849907810963482,1.6343482124451412,1.6964648066264842,-0.4879940754212931,0.07070810739162582,-0.2259822289466244,-0.8045925642231452
1.0712970231757575,-0.9783447996695377,-0.2383461999081393,-0.9405226372510218,-0.6801037278026797,-0.27941182165231804,-0.6301410579636351,-1.1792463235125292,-1.4776233654358661,-1.0328449524339007,0.45810601661622263
0.2310373175876413,-0.6232303351999943,1.197224253827953,0.9567315291528646,-0.24085770700853654,1.1277646740075784,0.6212908843537776,0.5606861643658829,-0.36282470500007374,0.3791648136688327,-0.04697341571952417
2.599041942426878,-0.3864873588869651,0.5136192758583852,2.302458321602133,0.3356526952837765,-1.3488659583538394,-1.599560168209518,2.7187419632848546,-0.672490999565571,0.8498347357030777,-1.1413121857803101
0.2310373175876413,0.4421130582086359,0.0350957912796877,-0.521361833045512,0.28074694268450856,-1.2925788985274433,-1.564308564200577,0.5876618618523972,0.07070810739162582,-0.6294135906902626,-0.13115332110881506
-0.07451166626258313,-0.9783447996695377,0.5136192758583852,2.0818473720202855,-0.15849907810963482,1.0151905543547868,0.7446714983850717,1.66331779912605,0.7519739554357215,1.656697459190354,-1.225492091169601
-1.0675458637758115,-0.14974438257393632,-0.03326470651726914,-0.521361833045512,-0.21340483070890257,-0.27941182165231804,0.69179409237166,-1.3040089243875266,1.3093732856536178,1.3205046577373218,1.3840849758984255
1.758782236838762,1.2115277312259802,2.3593527163762182,-0.6096062128782509,9.065667358567373,-1.011143599395464,-1.3527989401469296,1.2350786015280661,-0.36282470500007374,0.9170732959936841,-0.8045925642231452
0.30742456355019704,-0.8599733115130231,-0.375067195502053,-0.12426212379818696,0.8023515923775533,0.3960328962644323,0.33927805228224794,0.5944057862239883,-0.4866912228262732,-0.7638907112714755,-1.1413121857803101
-1.4494820935885917,-0.2681158707304509,-0.7852301822837936,-0.8743393523764675,0.5552757056808479,1.0151905543547868,0.9209295184297778,-0.04626702908008959,0.4423076608702215,0.042972012215801304,-1.562211712726766
-0.532835142037919,-0.8599733115130231,-0.5117881910959666,0.9126093392364949,-0.3506692122070724,-0.27941182165231804,0.6389166863582482,0.16279462644020895,-0.05315841043457366,-0.6294135906902626,-0.04697341571952417
-0.22728615818769465,-0.3273016148087082,-0.10162520431422599,0.6919983896546477,-0.8448209856004835,0.28345877661164054,-0.030863789811634647,-1.0443678360801074,-1.4156901065227678,-1.1000835127245072,1.4682648812877177
-0.6092223880004748,-0.3273016148087082,0.0350957912796877,-0.5875451179200661,-1.174255501196091,0.2271717167852447,-0.4362572359144585,-1.502954693350401,0.07070810739162582,0.8498347357030777,1.6366246920662995
1.2240715151008703,2.010535276282453,-0.375067195502053,-0.764033877585544,0.8572573449768213,-0.7859953600898807,-1.599560168209518,0.8102113661159154,0.566174178696421,-0.4276979098184437,-0.9729523750017269
0.9185225312506459,-0.7416018233565087,-0.10162520431422599,-0.8302171624600981,-0.515386470004876,0.8463293748755991,0.14539423023307135,-0.929721121762534,-0.6105577406524727,0.042972012215801304,0.20556630044835
0.3838118095127535,0.26455582597386434,-1.3321141646594479,-0.7419727826273592,1.104333231673527,-0.6171341806106931,-1.5290569601916357,0.4797590719064149,-0.42475796391317205,-0.29322078923723083,-0.9729523750017269
0.1546500716250855,-0.14974438257393632,-0.6485091866898801,-0.7419727826273592,-0.15849907810963482,1.1277646740075784,1.1500649444878956,0.3246488113591449,0.318441143044022,1.0515504165748963,-1.3938519019481828
-0.3800606501128069,-0.44567310296522245,2.564434209767088,-0.8522782574182828,3.2731104593446085,0.3397458364380364,-0.13661860183845825,-0.558805281323337,-1.6634231421751668,-0.6966521509808691,-1.1413121857803101
1.4532332529885377,1.4482707075390087,0.4452587780614284,-0.764033877585544,0.2532940663848746,0.2271717167852447,1.2029423505013073,0.7630038955145528,0.008774848478524704,-1.0328449524339007,-1.7305715235053478
-0.30367340415025107,-1.0375305437477949,-0.9903116756746639,0.008104445950921305,-0.21340483070890257,-0.22312476182592217,-0.5596378499457526,-0.5183417350936029,-1.4156901065227678,-1.0328449524339007,-0.6362327534445619
0.2310373175876413,-0.09055863849567904,-0.2383461999081393,-0.03601774396544798,-0.4055749648063402,-0.5045600609579014,0.7270456963806011,-0.2317249492996694,0.81390721434882,0.24468769308761984,0.2897462058376409
-2.595290783026932,-0.2089301266521936,-2.0157191426290155,1.3317701434420048,-0.570292222604144,-0.5608471207842973,0.0043878141973065525,-0.6936837687557587,3.2293043119597082,-0.6294135906902626,1.5524447866770086
-0.22728615818769465,-0.09055863849567904,-0.716869684486837,-0.8964004473346523,-0.10359332551036686,0.508607015917224,0.6036650823493069,-0.6195006006679192,-0.672490999565571,-0.5621750303996562,-0.9729523750017269
0.001875579699973319,-1.1559020319043094,0.4452587780614284,-0.8522782574182828,-0.515386470004876,-0.6734212404370891,-0.06611539382057585,-0.9566968192490108,-0.23895818717387424,-0.6966521509808691,0.45810601661622263
-0.8383841258881435,1.0931562430694657,-1.6055561558472748,-0.6978505927109898,0.5552757056808479,-0.33569888147871385,-1.211792524111165,0.2504656432713055,2.3003054282632136,0.9843118562842905,-0.21533322649810593
-0.30367340415025107,0.5012988022868932,-0.375067195502053,0.030165540909106146,-0.3781220885067064,0.5648940757436198,1.0971875384744838,-1.1387827772827952,-0.36282470500007374,-0.8311292715620819,1.4682648812877177
-0.991158617813255,-0.7416018233565087,-0.10162520431422599,-0.8302171624600981,-0.13104620181000085,0.6774681953964116,-0.48913464192787026,-1.2972650000159356,0.5042409197833226,-0.4276979098184437,0.8369155908680339
0.46019905547530926,-0.5048588470434797,-0.03326470651726914,-0.32281197842184944,-0.8722738619001174,-0.4482730011315056,-0.24237341386528186,-1.3073808865733596,-1.4776233654358661,-0.4276979098184437,1.2999050705091346
-0.07451166626258313,-0.14974438257393632,-0.10162520431422599,1.0670370039437882,-0.43302784110597414,1.8594964517507246,1.3792003705460134,0.6348693324537223,-0.672490999565571,-0.29322078923723083,-0.2995131318873983
-0.22728615818769465,0.0869985937390925,0.17181678687360138,-0.1904454086727411,-1.064443995997555,1.5217740927923493,0.09251682421965955,-1.5973696345530888,0.318441143044022,-1.1673220730151137,1.8049845028448814
-0.7619968799255871,-0.3864873588869651,-0.2383461999081393,-0.16838431371455645,-0.8448209856004835,-0.4482730011315056,-0.15424440384292884,-1.8671266094179695,-1.5395566243489673,0.7153576151218648,2.1417041244020463
0.46019905547530926,1.3890849634607514,-1.2637536668624911,-0.6537284027946203,1.2415976131716964,-0.7297083002634849,-1.3704247421514002,-0.04626702908008959,0.07070810739162582,-0.024266548074805126,0.5422859220055135
1.0712970231757575,2.691171333182411,-1.4004746624564048,-0.6096062128782509,0.7474458397782857,-1.011143599395464,-1.4585537521737533,1.1339197359537498,1.0616402500012188,-0.36045934952783726,-0.552052848055271
-0.15089891222513888,2.365649740751996,-1.3321141646594479,-0.7199116876691746,1.5710321287673041,-0.8422824199162766,-0.8769022860262234,0.45278337441993805,-0.05315841043457366,0.3791648136688327,-0.8887724696124361
-0.532835142037919,-0.9191590555912804,-0.375067195502053,0.030165540909106146,-0.46048071740560814,0.05831053730605713,0.46265866631354213,0.15605070206858038,0.19457462521782254,0.9843118562842905,-0.8887724696124361
-0.15089891222513888,-0.7416018233565087,-0.2383461999081393,-0.7860949725437287,-0.54283934630451,-0.05426358234673459,0.022013616201777154,-0.6195006006679192,-0.7344242584786721,0.11021057250640773,-0.04697341571952417
-0.991158617813255,0.14618433781734977,-0.10162520431422599,-0.7860949725437287,-0.6526508515030457,0.28345877661164054,-0.33050242388763484,-1.5771378614382405,0.81390721434882,0.17744913279701416,1.2157251651198437
-1.2967076016634793,-0.3864873588869651,-0.716869684486837,-0.764033877585544,-0.6801037278026797,-0.3919859413051097,-0.5067604439323409,-1.4388874118199857,1.1855067678274183,-0.7638907112714755,1.6366246920662995
-0.07451166626258313,-0.3273016148087082,-0.10162520431422599,2.4127637963930564,-0.570292222604144,1.5780611526187454,1.5378325885862487,1.6869215344267312,0.4423076608702215,0.9170732959936841,-1.3096719965588919
6.647565978442348,0.0869985937390925,2.2909922185792615,0.5375707249473548,1.076880355373893,-0.4482730011315056,-0.7535216719949293,1.0327608703794338,-1.5395566243489673,2.060128820933992,3.6569424214092883
0.001875579699973319,0.20537008189560707,0.4452587780614284,-0.49930073808732733,0.30819981898414256,-0.3919859413051097,-1.2646699301245767,-0.3295118526881901,0.6900406965226205,1.2532660974467156,1.9733443136234645
0.5365863014378657,1.3298992193824941,-0.03326470651726914,-0.6757894977528051,0.6101814582801158,-1.123717719048256,-0.6125152559591645,0.7528880089571287,0.38037440195712313,1.0515504165748963,-0.8887724696124361
0.46019905547530926,-0.031372894417421755,-0.3067066977050961,-0.8522782574182828,-0.46048071740560814,-0.27941182165231804,-0.13661860183845825,-0.4509024913773921,-1.3537568476096695,0.11021057250640773,-0.13115332110881506
-1.1439331097383671,-0.6824160792782514,-0.2383461999081393,1.0118842665483263,-0.8722738619001174,-0.22312476182592217,0.12776842822860077,-0.68693984438413,0.318441143044022,-1.0328449524339007,0.6264658273948059
0.9185225312506459,0.027812849660835207,2.701155205361002,1.5744421879820367,-0.2957634596078045,-0.4482730011315056,0.8151747064029542,1.2350786015280661,-1.5395566243489673,0.7825961754124713,-0.9729523750017269
-0.30367340415025107,0.26455582597386434,-0.03326470651726914,2.048755729583008,-0.3781220885067064,-0.11055064217313045,0.8504263104118953,1.4373963326767363,-0.36282470500007374,0.042972012215801304,-1.225492091169601
0.1546500716250855,-0.3273016148087082,1.2655847516249097,-0.7199116876691746,-0.4055749648063402,0.28345877661164054,0.23352324025542434,-0.28230438208682757,1.371306544566719,-0.2259822289466244,-0.2995131318873983
-0.6856096339630313,0.7972275226781793,-1.8789981470351023,-0.8743393523764675,-0.2957634596078045,0.002023477479661268,-0.25999921586975244,-0.5857809788098138,0.07070810739162582,-1.1673220730151137,-0.8045925642231452
-0.22728615818769465,-0.14974438257393632,-0.375067195502053,-0.6096062128782509,-0.7350094804019477,-1.06743065922186,-0.18949600785187004,-1.1725023991409005,-1.0440905530441695,-0.7638907112714755,0.45810601661622263
-0.07451166626258313,0.20537008189560707,0.7187007692492553,1.4861978081492981,-0.43302784110597414,0.11459759713245299,1.396826172550484,0.5741740131091401,-1.1679570708703688,-0.29322078923723083,-0.4678729426659801
0.5365863014378657,-0.9783447996695377,0.37689828026447153,-0.4551785481709578,0.11602968488670473,-0.27941182165231804,1.132439142483425,0.15605070206858038,-0.05315841043457366,-0.158743668656018,-0.4678729426659801
2.4462674505017667,-0.09055863849567904,2.154271222985348,-0.49930073808732733,0.7474458397782857,-1.4051530181802352,-1.6171859702139886,1.7745925512578278,0.19457462521782254,1.3877432180279283,0.5422859220055135
-0.15089891222513888,-1.0375305437477949,0.3085377824675147,0.29489868040732287,-0.04868757291109892,0.6774681953964116,0.16302003223754197,-0.45764641574902065,-0.7344242584786721,-0.2259822289466244,0.37392611122693176
-0.30367340415025107,-0.6232303351999943,0.24017728467055785,0.29489868040732287,-0.24085770700853654,0.7900423150492033,1.0266843304566013,-0.04626702908008959,0.38037440195712313,0.11021057250640773,-0.04697341571952417
0.5365863014378657,0.9747847549129511,0.3085377824675147,0.2507764904909534,-0.15849907810963482,0.002023477479661268,1.044310132461072,1.3025178452442772,-0.8582907763048716,-0.024266548074805126,-0.7204126588338543
-0.6092223880004748,0.027812849660835207,-0.716869684486837,-0.6537284027946203,-0.15849907810963482,0.9026164347019949,1.0090585284521307,-0.4509024913773921,-0.42475796391317205,-0.2259822289466244,-0.8887724696124361
1.0712970231757575,-1.0375305437477949,-0.2383461999081393,-0.521361833045512,-0.26831058330817054,0.45231995609082815,0.6389166863582482,-0.29916419301588026,-0.7963575173917705,0.17744913279701416,0.20556630044835
-0.6856096339630313,-0.8599733115130231,-0.8535906800807505,1.5965032829402217,-0.24085770700853654,1.3529129133131619,0.5507876763358952,0.7225403492848189,-0.42475796391317205,-0.7638907112714755,-1.057132280391018
1.300458761063426,1.7146065558911665,0.37689828026447153,-0.7419727826273592,5.661510697412762,-1.4051530181802352,-0.9121538900351647,0.8641627610888691,-1.4156901065227678,3.741092828199152,-1.057132280391018
-0.6856096339630313,-0.6232303351999943,1.6073872406096938,0.669937294696463,-0.46048071740560814,2.084644691056308,1.8022196186533077,0.4797590719064149,0.07070810739162582,-0.2259822289466244,-1.1413121857803101
-0.7619968799255871,-0.5048588470434797,-0.16998570211118283,-0.6757894977528051,-0.570292222604144,-0.7859953600898807,-0.47150883992339965,-1.2568014537862016,0.628107437609522,0.5136419342500456,1.0473653543412618
1.2240715151008703,-0.8599733115130231,0.7870612670462122,2.1921528468112093,-0.10359332551036686,1.690635272271537,1.2381939545102485,2.111788769838882,0.318441143044022,1.7239360194809605,-1.4780318073374736
-0.3800606501128069,-0.6232303351999943,0.5136192758583852,-0.4772396431291426,3.1907518304457065,1.8594964517507246,0.7622973003895424,-0.28230438208682757,-0.7963575173917705,-1.3017991935963262,-0.9729523750017269
-0.30367340415025107,0.6196702904434077,0.3085377824675147,-0.01395664900726334,-0.6526508515030457,-0.11055064217313045,0.7446714983850717,-1.1927341722557863,-0.7344242584786721,-0.898367831852688,1.5524447866770086
0.9185225312506459,-0.6824160792782514,1.197224253827953,0.6037540098219089,-0.5977450989037778,-0.4482730011315056,-0.33050242388763484,-0.3497436258030384,-1.1679570708703688,-1.3017991935963262,1.2157251651198437
1.758782236838762,3.1942501578475975,-0.3067066977050961,-0.6096062128782509,0.7474458397782857,0.05831053730605713,0.5507876763358952,1.1002001140956446,0.07070810739162582,-0.024266548074805126,-0.9729523750017269
0.765748039325533,0.26455582597386434,0.4452587780614284,-0.7860949725437287,0.033671055987803,-1.123717719048256,-1.4938053561826945,0.5606861643658829,0.19457462521782254,1.3877432180279283,-0.6362327534445619
-0.15089891222513888,1.6258279397737807,-1.4688351602533614,-0.8081560675019134,0.39055844788304406,-0.1668377019995263,-0.8945280880306941,0.49324692064967207,0.318441143044022,0.5136419342500456,-1.1413121857803101
1.9115567287638735,2.040128148321581,0.0350957912796877,-0.5654840229618815,0.8572573449768213,-0.4482730011315056,-0.40100563190551725,1.1339197359537498,0.38037440195712313,0.5808804945406519,-0.3836930372766892
2.9809781722396584,-0.2089301266521936,1.4706662450157801,-0.6316673078364355,0.08857680858707076,-1.5177271378330268,-1.828695594267636,0.39883197944698434,-1.2918235886965683,1.9928902606433856,0.2897462058376409
-0.4564478960753633,1.3890849634607514,-2.0157191426290155,-0.5875451179200661,0.3356526952837765,-0.6171341806106931,-1.299921534133518,-0.22498102492804084,0.9377737321750194,0.8498347357030777,1.7208045974555906
-0.15089891222513888,2.010535276282453,-2.1524401382229295,-0.6978505927109898,1.159238984272795,-1.1800047788746517,-1.6171859702139886,0.5134786937645204,0.6900406965226205,0.44640337395943913,-0.7204126588338543
-0.3800606501128069,-0.8599733115130231,-0.5117881910959666,0.3169597753655075,-0.3506692122070724,-0.11055064217313045,-0.24237341386528186,-0.35648755017466693,-0.672490999565571,-1.3690377538869325,-0.2995131318873983
1.300458761063426,-0.5048588470434797,0.10345628907664453,0.669937294696463,-0.8997267381997514,0.9589034945283909,1.5554583905907193,0.3516245088456218,-0.6105577406524727,-0.49493647010904973,0.20556630044835
-0.991158617813255,1.152341987147723,-2.1524401382229295,-0.9405226372510218,-0.6801037278026797,-1.011143599395464,-0.5596378499457526,-0.5655492056949655,0.13264136630472417,-1.1673220730151137,-1.4780318073374736
-0.15089891222513888,-0.14974438257393632,0.24017728467055785,-0.7860949725437287,-0.4879335937052421,-0.33569888147871385,0.19827163624648314,-0.9229771973909054,-0.36282470500007374,0.7153576151218648,1.3840849758984255
0.765748039325533,-0.9783447996695377,-0.2383461999081393,0.758181674529202,-0.5977450989037778,0.6211811355700156,0.46265866631354213,0.22348994578479123,-1.1679570708703688,-1.1000835127245072,-0.3836930372766892
-1.6786438314762595,0.3237415700521216,1.2655847516249097,-0.16838431371455645,-0.2957634596078045,-0.05426358234673459,-0.5948894539546938,-1.4624911471206672,1.619039580219118,0.8498347357030777,2.5626036513485024
0.6893607933629772,-0.3273016148087082,1.197224253827953,0.4493263451146158,-0.4055749648063402,-0.4482730011315056,0.18064583424201255,-0.04626702908008959,-0.5486244817393715,-0.8311292715620819,0.20556630044835
0.1546500716250855,-1.0967162878260521,0.0350957912796877,-0.8081560675019134,0.22584119008524062,-0.3919859413051097,0.46265866631354213,-1.078087457938213,-1.0440905530441695,-0.4276979098184437,0.7106457327840968
-0.6856096339630313,0.0869985937390925,1.2655847516249097,0.7140594846128328,-0.10359332551036686,1.1840517338339742,1.5554583905907193,0.3246488113591449,-0.17702492826077312,-0.158743668656018,-0.8045925642231452
-1.4494820935885917,-0.14974438257393632,-1.3321141646594479,0.33902087032369216,-0.3781220885067064,-0.4482730011315056,0.48028446831801275,-0.28230438208682757,0.81390721434882,0.44640337395943913,-0.13115332110881506
-0.6092223880004748,0.3829273141303786,-2.0840796404259723,0.22871539553276854,-0.24085770700853654,-0.5608471207842973,-0.7711474739993999,-0.3092800795733418,-0.23895818717387424,-0.7638907112714755,-0.4678729426659801
0.8421352852880901,0.5012988022868932,-0.10162520431422599,-0.36693416833821896,0.6101814582801158,-1.2925788985274433,-1.4056763461603414,1.1271758115821213,0.81390721434882,0.5136419342500456,-0.04697341571952417
-0.6856096339630313,-0.2681158707304509,-0.8535906800807505,0.5816929148637242,-0.21340483070890257,0.9589034945283909,1.2381939545102485,0.20325817266994295,-0.05315841043457366,-0.36045934952783726,-0.8887724696124361
-0.30367340415025107,2.8687285654171824,-1.5371956580503183,-0.7199116876691746,0.472917076781946,-1.461440078006631,-1.564308564200577,0.2706974163861538,0.9377737321750194,-0.5621750303996562,-0.8045925642231452
-1.6786438314762595,-0.6232303351999943,-0.716869684486837,-0.6316673078364355,-0.4879335937052421,0.05831053730605713,-0.24237341386528186,-1.1994780966274148,2.85770475848111,0.5808804945406519,0.9631854489519694
3.057365418202214,0.3237415700521216,1.2655847516249097,-0.6757894977528051,1.159238984272795,-0.6171341806106931,-1.1236635140888118,1.1103160006530686,-0.7963575173917705,0.31192625337822627,-0.13115332110881506
-0.6856096339630313,3.756514726591041,-2.0840796404259723,-0.6757894977528051,0.006218179688169026,-0.8422824199162766,-1.423302148164812,0.11558715583884639,2.3003054282632136,-0.49493647010904973,0.5422859220055135
-0.22728615818769465,-0.44567310296522245,-0.44342769329900983,0.5375707249473548,-0.7350094804019477,-0.6734212404370891,0.05726522021071835,-1.1387827772827952,-0.8582907763048716,-1.0328449524339007,2.0575242190127554
-0.9147713718506992,-0.3864873588869651,-0.3067066977050961,-0.6096062128782509,-0.15849907810963482,-0.3919859413051097,0.5860392803448363,-0.1811455165125113,0.008774848478524704,0.9170732959936841,-0.21533322649810593
-0.22728615818769465,-0.564044591121737,-0.5117881910959666,-0.32281197842184944,0.006218179688169026,-0.9548565395690684,-0.5067604439323409,-0.11370627279630043,-1.4776233654358661,-0.36045934952783726,-0.8887724696124361
0.8421352852880901,-0.564044591121737,1.197224253827953,2.5892525560585344,-0.24085770700853654,1.1277646740075784,2.013729242706955,1.875751416832144,-1.22989032978347,-0.09150510836541155,-1.1413121857803101
3.057365418202214,1.8625709160868098,-0.5117881910959666,-0.5654840229618815,0.7748987160779197,-0.7859953600898807,-1.0707861080754,1.6059944419672634,-1.0440905530441695,1.2532660974467156,0.37392611122693176
0.46019905547530926,-0.7416018233565087,0.3085377824675147,-0.8081560675019134,-0.021234696611464945,-0.5045600609579014,0.69179409237166,-0.5183417350936029,-0.17702492826077312,-0.024266548074805126,-0.13115332110881506
0.2310373175876413,-0.44567310296522245,3.2480391877366563,1.5192894505865748,-0.46048071740560814,1.1840517338339742,0.7975489043984836,1.2991458830584814,-1.5395566243489673,-0.6294135906902626,-1.562211712726766
-1.6786438314762595,-0.44567310296522245,0.0350957912796877,-0.12426212379818696,-0.6801037278026797,1.5780611526187454,1.132439142483425,-1.6782967270125568,1.371306544566719,-1.5035148744681455,1.7208045974555906
0.5365863014378657,-0.9783447996695377,0.3085377824675147,0.18459320561639925,0.033671055987803,0.05831053730605713,0.32165225027777733,0.15605070206858038,0.13264136630472417,-0.09150510836541155,0.2897462058376409
0.2310373175876413,-0.14974438257393632,1.197224253827953,-0.7419727826273592,-0.7075566041023137,0.7900423150492033,-0.08374119582504645,-1.3276126596882079,-0.9821572941310711,-0.49493647010904973,1.6366246920662995
-0.6092223880004748,0.9155990108346939,-0.7852301822837936,-0.5875451179200661,0.06112393228743678,-0.6171341806106931,-0.030863789811634647,-0.4711342644922404,-0.3008914460869726,-0.898367831852688,-1.1413121857803101
-0.30367340415025107,-0.5048588470434797,-0.6485091866898801,-0.05807883892363283,-0.43302784110597414,4.50498826359133,1.4849551825728369,-0.05638291563751373,0.38037440195712313,0.9170732959936841,0.037206489669766724
-0.7619968799255871,-0.564044591121737,0.855421764843169,2.3686416064766873,0.006218179688169026,0.508607015917224,0.9385553204342484,1.1811272065551126,-0.5486244817393715,-0.158743668656018,-1.1413121857803101
-1.6022565855137039,0.9747847549129511,-0.9219511778777073,-0.6537284027946203,-0.4055749648063402,-0.7859953600898807,-0.22474761186081124,-0.720659466242273,1.4332398034798173,2.261844501805811,1.9733443136234645
0.001875579699973319,-0.5048588470434797,-0.375067195502053,1.6847476627729603,-0.570292222604144,1.0714776141811826,1.7669680146443665,1.3699570889605253,1.12357350891432,-0.2259822289466244,-0.4678729426659801
-0.8383841258881435,0.0869985937390925,-0.3067066977050961,-0.6537284027946203,-0.5977450989037778,-0.7859953600898807,-0.24237341386528186,-0.9566968192490108,1.0616402500012188,1.186027537156109,0.7948256381733877
-0.30367340415025107,1.7441994279302953,-1.6055561558472748,1.0229148140274185,0.1434825611863387,-0.22312476182592217,0.49791027032248336,0.8978823829469745,0.875840473261921,-0.49493647010904973,-1.3938519019481828
-0.07451166626258313,-0.3864873588869651,-0.03326470651726914,-0.7860949725437287,-0.10359332551036686,-0.5608471207842973,-0.27762501787422306,-1.2972650000159356,-0.4866912228262732,-0.2259822289466244,0.7106457327840968
-0.7619968799255871,-1.0967162878260521,0.17181678687360138,-0.7419727826273592,-0.515386470004876,3.0978117679314336,0.69179409237166,-1.2264537941138918,0.628107437609522,2.1946059415152046,1.2157251651198437
-0.6856096339630313,-0.6824160792782514,0.10345628907664453,-0.7860949725437287,-0.570292222604144,-0.8422824199162766,-0.15424440384292884,-1.1927341722557863,0.566174178696421,-0.7638907112714755,0.5422859220055135
1.4532332529885377,1.7441994279302953,-0.5801486888929233,-0.43311745321277306,1.049427479074259,-0.9548565395690684,-1.335173138142459,1.7745925512578278,0.318441143044022,0.3791648136688327,-0.7204126588338543
0.07826282566252908,-0.6824160792782514,-0.5117881910959666,-0.9184615422928369,-0.7075566041023137,-0.05426358234673459,-0.48913464192787026,-1.7794555925868731,-2.0350226956537654,-1.0328449524339007,1.3840849758984255
1.9879439747264307,-0.564044591121737,2.906236698751872,1.089098098901973,-0.021234696611464945,0.3397458364380364,1.9608518366935432,1.066480492237539,-1.0440905530441695,-0.6966521509808691,-0.4678729426659801
0.30742456355019704,-0.3864873588869651,0.5136192758583852,-0.8522782574182828,-0.515386470004876,-0.5045600609579014,0.022013616201777154,-0.1811455165125113,-0.42475796391317205,0.9170732959936841,-0.4678729426659801
4.203174107640555,1.5074564516172662,1.197224253827953,-0.49930073808732733,0.5003699530815799,-1.4051530181802352,-1.6700633762274004,1.6397140638253687,-0.5486244817393715,0.24468769308761984,0.7106457327840968
-0.532835142037919,-0.9191590555912804,-0.10162520431422599,-0.9405226372510218,-0.3781220885067064,0.17088465695884883,0.5331618743314246,-0.31602400394493296,1.1855067678274183,-0.9656063921432944,-1.225492091169601
-1.1439331097383671,-0.800787567434766,0.0350957912796877,-0.9184615422928369,-0.515386470004876,0.45231995609082815,0.12776842822860077,-1.2804051890868828,0.07070810739162582,-0.49493647010904973,0.037206489669766724
-0.15089891222513888,-0.031372894417421755,-0.375067195502053,1.1552813837765272,-0.43302784110597414,1.1840517338339742,0.9209295184297778,-0.24184083585709354,-0.92022403521797,-1.2345606333057202,0.8790055435626786
-1.4494820935885917,-0.800787567434766,-0.16998570211118283,-0.9625837322092065,-0.7899152330012155,-1.06743065922186,-0.8416506820172822,-0.8049585208875365,0.4423076608702215,-0.898367831852688,-0.6362327534445619
0.3838118095127535,0.20537008189560707,-0.5801486888929233,1.2655868585674508,-0.7350094804019477,-0.11055064217313045,-0.33050242388763484,-0.9769285923638966,-1.8492229189144647,-0.8311292715620819,2.5626036513485024
-1.4494820935885917,0.738041778599922,-1.4688351602533614,-0.8302171624600981,-0.570292222604144,-1.06743065922186,-0.7006442659815174,-1.2534294916003685,1.5571063213060168,0.042972012215801304,0.5422859220055135
0.5365863014378657,0.027812849660835207,-0.2383461999081393,1.72886985268933,-0.6801037278026797,-0.9548565395690684,-0.8945280880306941,-0.4509024913773921,-1.4776233654358661,-0.6966521509808691,2.0575242190127554
-0.3800606501128069,-1.2150877759825665,0.9921427604370827,-0.764033877585544,-0.570292222604144,-0.8422824199162766,-0.38337982990104663,-0.6397323737828049,0.875840473261921,-0.29322078923723083,0.2897462058376409
2.2934929585766537,0.5604845463651504,1.8124687340005636,-0.21250650363092594,0.9670688501753572,-1.06743065922186,-1.5819343662050473,0.9821814375922381,0.38037440195712313,3.0687072252930876,1.2157251651198437
0.1546500716250855,-0.8599733115130231,0.3085377824675147,-0.8522782574182828,-0.515386470004876,0.7900423150492033,-0.048489591816105244,-0.6532202225260246,0.81390721434882,-1.3017991935963262,-0.552052848055271
2.2934929585766537,0.3829273141303786,0.7870612670462122,-0.6316673078364355,1.4612206235687681,-1.06743065922186,-1.3527989401469296,0.9248580804334888,-0.42475796391317205,0.9170732959936841,0.20556630044835
-0.9147713718506992,-0.5048588470434797,-1.1270326712685776,-0.8522782574182828,-0.10359332551036686,0.28345877661164054,0.18064583424201255,-0.35985951236049996,-0.92022403521797,-0.49493647010904973,-1.4780318073374736
0.2310373175876413,0.3237415700521216,-0.9219511778777073,-0.764033877585544,0.6101814582801158,-0.33569888147871385,-0.982657098053047,0.6618450299402366,0.6900406965226205,0.31192625337822627,-0.9729523750017269
0.30742456355019704,0.26455582597386434,0.9921427604370827,1.464136713191113,0.7474458397782857,1.4091999731395577,0.9914327264476601,1.0765963787949633,-1.9730894367406642,-0.158743668656018,-1.3096719965588919
-0.9147713718506992,-0.44567310296522245,0.581979773655342,-0.7419727826273592,-0.982085367098653,-0.6734212404370891,-0.5596378499457526,-1.8334069875598642,0.07070810739162582,2.799752984130662,2.169764090059146
1.300458761063426,-0.6232303351999943,0.10345628907664453,2.3576110589975947,-0.5977450989037778,-0.7859953600898807,0.32165225027777733,0.49324692064967207,-1.4156901065227678,-1.1000835127245072,1.2999050705091346
-0.6092223880004748,-1.3038663920999525,-0.16998570211118283,0.17356265813730673,-0.4055749648063402,-0.33569888147871385,-0.25999921586975244,-0.8555379536746947,0.008774848478524704,-1.436276314177539,1.2157251651198437
-0.15089891222513888,-0.6232303351999943,-0.10162520431422599,0.361081965281877,-0.4879335937052421,0.3960328962644323,0.19827163624648314,-0.059754877823309294,-0.17702492826077312,-0.9656063921432944,-0.552052848055271
-0.8383841258881435,-0.5048588470434797,-0.44342769329900983,-0.4772396431291426,-0.26831058330817054,14.580371972516188,5.750399267654722,-0.4711342644922404,1.3093732856536178,0.7153576151218648,-0.04697341571952417
-0.6856096339630313,-0.44567310296522245,1.197224253827953,-0.8522782574182828,0.17093543748597267,0.28345877661164054,-0.38337982990104663,-1.1590145503976808,0.9377737321750194,-0.7638907112714755,1.3840849758984255
-0.991158617813255,-0.3864873588869651,-1.1953931690655344,0.7802427694873867,-0.6801037278026797,0.002023477479661268,0.49791027032248336,0.2976731138726306,0.318441143044022,-0.6294135906902626,-0.8887724696124361
-1.0675458637758115,-0.44567310296522245,-0.7852301822837936,2.1811222993321167,-0.3506692122070724,-0.4482730011315056,1.1500649444878956,0.5606861643658829,0.875840473261921,-1.1000835127245072,-0.2995131318873983
-0.991158617813255,-0.2681158707304509,-0.5801486888929233,-0.1904454086727411,-0.515386470004876,0.6774681953964116,0.09251682421965955,-0.720659466242273,-0.4866912228262732,-0.2259822289466244,0.37392611122693176
-0.532835142037919,3.2830287739649835,-2.1524401382229295,-0.764033877585544,-0.13104620181000085,-1.1800047788746517,-1.7053149802363416,0.044775949936839976,1.6809728391322163,0.6481190548312584,0.2897462058376409
-0.6092223880004748,0.20537008189560707,-0.8535906800807505,-0.12426212379818696,-0.515386470004876,0.3397458364380364,0.09251682421965955,-1.0207641007794261,-0.9821572941310711,-0.7638907112714755,0.5422859220055135
-0.9147713718506992,-0.3273016148087082,-0.7852301822837936,1.6626865678147755,-0.3232163359074385,0.8463293748755991,1.2910713605236603,0.8978823829469745,0.628107437609522,-0.7638907112714755,-0.8887724696124361
-1.0675458637758115,-0.8599733115130231,-0.3067066977050961,-0.8081560675019134,-0.7075566041023137,-1.011143599395464,-0.6477668599681057,-1.3613322815463134,0.13264136630472417,-1.1673220730151137,0.2897462058376409
0.9185225312506459,-0.3273016148087082,-0.16998570211118283,-0.88536989985556,-0.6801037278026797,-1.461440078006631,-1.0355345040664587,-1.260173415971997,-1.9730894367406642,-1.436276314177539,0.7106457327840968
0.9185225312506459,-0.8599733115130231,-0.3067066977050961,0.27283758544913805,-0.24085770700853654,0.002023477479661268,0.515536072326954,0.695564651798342,0.13264136630472417,-0.2259822289466244,-1.225492091169601
-0.15089891222513888,-1.1559020319043094,0.17181678687360138,-0.8081560675019134,-0.4879335937052421,-0.5045600609579014,1.1148133404789544,-0.6195006006679192,0.566174178696421,0.5808804945406519,0.20556630044835
-0.6856096339630313,0.14618433781734977,1.3339452494218664,0.27283758544913805,-0.24085770700853654,0.28345877661164054,0.5684134783403657,-0.07998665093819501,-0.7963575173917705,3.2031843458743006,-0.04697341571952417
0.5365863014378657,-0.564044591121737,0.17181678687360138,1.397953428316559,-0.46048071740560814,1.296625853486766,1.5554583905907193,0.8574188367172405,-0.7344242584786721,0.24468769308761984,-0.8045925642231452
0.3838118095127535,-0.44567310296522245,2.496073711970132,-0.3448730733800342,8.269533945877987,-1.4051530181802352,-1.828695594267636,0.8978823829469745,0.13264136630472417,3.6738542679085455,-0.552052848055271
0.3838118095127535,3.371807390082369,-1.3321141646594479,-0.6316673078364355,2.3671655414566883,-1.2925788985274433,-1.599560168209518,0.6281254080820937,0.7519739554357215,0.7825961754124713,-0.2995131318873983
0.3838118095127535,-0.9783447996695377,1.4706662450157801,-0.8522782574182828,-0.43302784110597414,0.6774681953964116,0.9385553204342484,-1.260173415971997,-0.7344242584786721,-0.6294135906902626,1.1315452597305526
-0.4564478960753633,-0.9191590555912804,4.6152491436757925,-0.8522782574182828,1.7906551391643755,0.8463293748755991,0.26877484426436554,-0.31602400394493296,-0.8582907763048716,-1.5035148744681455,-1.562211712726766
-0.9147713718506992,-1.0375305437477949,-0.16998570211118283,1.0229148140274185,-0.3506692122070724,0.17088465695884883,-0.27762501787422306,0.2774413407577824,-0.672490999565571,-1.1673220730151137,-1.1413121857803101
0.765748039325533,0.5604845463651504,-0.5117881910959666,-0.6096062128782509,0.17093543748597267,-1.123717719048256,-1.5114311581871651,0.5370824290652016,0.13264136630472417,-0.024266548074805126,-0.2995131318873983
0.2310373175876413,0.4421130582086359,-1.1953931690655344,1.2435257636092658,-0.2957634596078045,-0.6734212404370891,-0.33050242388763484,0.4595272987915666,-0.05315841043457366,-1.3690377538869325,0.12138639505905761
-0.22728615818769465,-0.564044591121737,-0.375067195502053,0.030165540909106146,-0.8997267381997514,0.3397458364380364,0.3745296562911892,0.08861145835236954,-0.42475796391317205,1.2532660974467156,0.12138639505905761
-1.2203203557009237,-0.9191590555912804,-0.03326470651726914,-0.521361833045512,-0.8173681093008495,-1.06743065922186,-0.24237341386528186,-1.6513210295260798,1.4332398034798173,-0.898367831852688,2.225884029791337
0.5365863014378657,-0.0017800223782934374,1.3339452494218664,2.2583361316857635,-0.26831058330817054,1.3529129133131619,1.0090585284521307,1.4036767108186308,-0.8582907763048716,-0.158743668656018,-1.225492091169601
-0.6856096339630313,-0.564044591121737,-0.5801486888929233,2.170091751853024,-0.4879335937052421,0.9589034945283909,0.49791027032248336,0.8473029501598164,-0.5486244817393715,-1.2345606333057202,-0.7204126588338543
0.46019905547530926,2.0993138923998385,-1.7422771514411886,-0.6978505927109898,0.6101814582801158,-0.5608471207842973,-1.3880505441558708,0.5876618618523972,1.0616402500012188,1.0515504165748963,0.2897462058376409
-0.6856096339630313,-0.8599733115130231,-0.375067195502053,-0.08013993388181748,-0.46048071740560814,4.392414143938538,0.956181122438719,-0.5925249031814424,-0.9821572941310711,1.4549817783185348,0.12138639505905761
-0.22728615818769465,-0.3864873588869651,0.6503402714522984,-0.7419727826273592,-0.1859519544092686,-1.123717719048256,0.39215545829565973,-0.5183417350936029,-0.42475796391317205,1.186027537156109,0.7106457327840968
-0.3800606501128069,-0.6232303351999943,-0.375067195502053,1.6626865678147755,-0.10359332551036686,0.7900423150492033,1.2029423505013073,1.1743832821834839,1.1855067678274183,-0.7638907112714755,-0.7204126588338543
-1.2203203557009237,1.6258279397737807,-1.9473586448320592,-0.7860949725437287,0.6376343345797498,-1.3488659583538394,-1.775818188254224,0.1493067776969518,2.671904981741812,0.5808804945406519,-0.3836930372766892
0.001875579699973319,-0.6824160792782514,0.4452587780614284,2.0377251821039164,0.033671055987803,1.4091999731395577,1.4144519745549546,1.1339197359537498,-0.8582907763048716,-0.6294135906902626,-1.3096719965588919
-0.9147713718506992,-0.2089301266521936,-0.5117881910959666,-0.3889952632964037,-0.43302784110597414,-0.27941182165231804,0.515536072326954,-1.0578556848233647,0.5042409197833226,-0.6294135906902626,0.6264658273948059
-0.8383841258881435,0.20537008189560707,0.7187007692492553,-0.01395664900726334,-1.119349748596823,0.05831053730605713,-0.013237987807164047,-1.5063266555361967,-0.4866912228262732,-1.5035148744681455,1.5524447866770086
-0.532835142037919,0.9747847549129511,-1.1270326712685776,-0.4551785481709578,0.19838831378560665,-1.011143599395464,-1.5290569601916357,-0.5520613569517083,0.628107437609522,0.3791648136688327,1.8891644082341736
0.2310373175876413,-0.6824160792782514,1.197224253827953,0.5816929148637242,-0.21340483070890257,1.7469223320979328,1.6788390046220136,-0.14742589465440586,-0.5486244817393715,-1.570753434758752,0.45810601661622263
0.6893607933629772,1.3594920914216229,-0.6485091866898801,-0.6537284027946203,0.5552757056808479,-1.011143599395464,-0.8592764840217528,0.7292842736564474,0.38037440195712313,-0.158743668656018,-1.1413121857803101
-0.9147713718506992,-0.3864873588869651,-0.44342769329900983,-0.7199116876691746,-0.4055749648063402,-1.2362918387010475,-0.10136699782951705,-0.5520613569517083,-0.92022403521797,0.11021057250640773,-1.3096719965588919
0.1546500716250855,2.3360568687128676,-1.6739166536442318,-0.7419727826273592,0.8023515923775533,-0.8422824199162766,-1.158915118097753,0.16279462644020895,-0.672490999565571,-0.36045934952783726,-0.4678729426659801
-0.4564478960753633,-0.3568944868478368,1.197224253827953,1.397953428316559,-0.5977450989037778,1.5217740927923493,0.40978126030013035,0.9383459291767086,-0.92022403521797,0.042972012215801304,-1.3938519019481828
-0.6856096339630313,-0.09055863849567904,-0.7852301822837936,0.1625321106582144,-0.46048071740560814,-0.33569888147871385,0.5331618743314246,-0.09684646186724771,-0.4866912228262732,0.6481190548312584,-0.552052848055271
0.30742456355019704,-0.3864873588869651,-0.9903116756746639,-0.764033877585544,-0.2957634596078045,-0.11055064217313045,0.05726522021071835,-0.558805281323337,-0.92022403521797,-0.6966521509808691,-0.4678729426659801
2.0643312206889863,0.027812849660835207,0.4452587780614284,-0.7860949725437287,0.033671055987803,0.05831053730605713,-1.1765409201022237,0.7495160467712957,0.19457462521782254,1.925651700352779,0.037206489669766724
-0.3800606501128069,-1.0375305437477949,0.7187007692492553,1.1773424787347118,-0.515386470004876,3.0978117679314336,1.2029423505013073,0.5876618618523972,-1.1679570708703688,-0.6294135906902626,-1.3938519019481828
-0.30367340415025107,-1.0375305437477949,0.3085377824675147,-0.8081560675019134,-0.570292222604144,0.45231995609082815,-0.10136699782951705,-1.5096986177219922,-0.23895818717387424,0.8498347357030777,1.2157251651198437
-0.07451166626258313,-0.6824160792782514,-0.5801486888929233,-0.3448730733800342,-0.515386470004876,-0.3919859413051097,-0.030863789811634647,-1.000532327664578,-1.1060238119572705,-1.1000835127245072,0.6825857671269969
-0.3800606501128069,-0.5048588470434797,1.197224253827953,0.7140594846128328,-0.26831058330817054,1.3529129133131619,1.3615745685415428,0.29092918950100205,0.008774848478524704,-0.898367831852688,-0.21533322649810593
1.6823949908762061,-0.2681158707304509,0.0350957912796877,1.2435257636092658,-0.7624623567015816,-0.8985694797426724,-0.048489591816105244,0.4258076769334612,-2.3446889902192627,-0.7638907112714755,0.037206489669766724
1.4532332529885377,-0.7416018233565087,-0.5117881910959666,-0.6537284027946203,0.5827285819804818,-1.6303012574858187,-1.5114311581871651,1.504835576392947,1.12357350891432,2.261844501805811,-0.21533322649810593
1.3768460070259818,-0.2089301266521936,1.128863756030996,0.33902087032369216,-0.3781220885067064,-1.06743065922186,-0.718270067985988,-0.2485847602287221,-2.0350226956537654,-1.0328449524339007,0.8790055435626786
1.5296204989510933,1.685013683852038,-0.716869684486837,-0.521361833045512,1.104333231673527,-0.05426358234673459,-0.8592764840217528,1.4373963326767363,0.318441143044022,0.31192625337822627,-0.8045925642231452
-0.532835142037919,0.14618433781734977,0.10345628907664453,-0.25662869354729534,-0.8173681093008495,0.5648940757436198,0.28640064626883616,-1.3276126596882079,0.318441143044022,-0.9656063921432944,1.8049845028448814
-0.4564478960753633,-0.564044591121737,0.6503402714522984,0.5155096299891702,-0.3781220885067064,-0.05426358234673459,0.6565424883627188,0.021172214636158697,-0.4866912228262732,0.44640337395943913,-0.2995131318873983
-0.30367340415025107,0.8564132667564366,-0.6485091866898801,-0.6096062128782509,0.39055844788304406,-0.9548565395690684,-1.5819343662050473,-0.05301095345168072,1.12357350891432,1.9928902606433856,0.6264658273948059
0.3838118095127535,-0.3864873588869651,0.5136192758583852,0.846426054361941,-0.570292222604144,-1.2362918387010475,0.05726522021071835,-0.3497436258030384,-1.0440905530441695,-1.0328449524339007,1.2157251651198437
-0.9147713718506992,-0.564044591121737,-0.2383461999081393,-0.6316673078364355,-0.8448209856004835,1.3529129133131619,0.21589743825095375,-1.5973696345530888,1.2474400267405195,0.7825961754124713,1.9733443136234645
-0.07451166626258313,-0.800787567434766,0.581979773655342,-0.8522782574182828,0.3356526952837765,-0.33569888147871385,0.7446714983850717,-0.5857809788098138,1.1855067678274183,-0.6966521509808691,0.037206489669766724
0.001875579699973319,1.3298992193824941,-1.8106376492381455,-0.6096062128782509,0.6650872108793838,-0.7859953600898807,-1.3704247421514002,0.37185628196047005,0.9377737321750194,0.44640337395943913,-0.21533322649810593
0.9185225312506459,-0.9191590555912804,0.7870612670462122,-0.6537284027946203,-0.13104620181000085,-0.5608471207842973,-0.17187020584739945,-0.1811455165125113,-2.3446889902192627,-0.49493647010904973,-0.8887724696124361
-0.4564478960753633,-0.5048588470434797,0.9921427604370827,0.4052041551982465,-0.26831058330817054,1.6343482124451412,1.2205681525057779,0.47301514753482377,-0.17702492826077312,-0.5621750303996562,-1.057132280391018
0.5365863014378657,1.8625709160868098,-2.1524401382229295,-0.8081560675019134,1.076880355373893,-1.3488659583538394,-1.775818188254224,0.3887160928895228,1.2474400267405195,0.31192625337822627,-0.8887724696124361
0.8421352852880901,3.9932577029040703,-2.0157191426290155,-0.36693416833821896,0.7474458397782857,-1.3488659583538394,-1.8110697922631653,1.47785987890647,1.5571063213060168,-0.29322078923723083,0.37392611122693176
1.2240715151008703,0.14618433781734977,1.128863756030996,-0.6537284027946203,1.104333231673527,0.508607015917224,0.5507876763358952,0.9990412485213283,-1.1679570708703688,3.337661466455513,-1.057132280391018
-0.4564478960753633,0.20537008189560707,-0.16998570211118283,-0.5875451179200661,2.1749954073592512,-0.8422824199162766,-0.3657540278965761,-0.39695109640440096,-0.3008914460869726,0.44640337395943913,-0.8887724696124361
0.07826282566252908,-0.7416018233565087,1.197224253827953,1.0670370039437882,-0.7075566041023137,1.0151905543547868,0.8328005084074248,-0.28230438208682757,-1.3537568476096695,-1.7052305553399643,0.5422859220055135
0.9949097772132016,-0.5048588470434797,-0.716869684486837,2.456885986309426,0.472917076781946,0.6211811355700156,1.4673293805683663,1.1676393578118553,-1.2918235886965683,-0.2259822289466244,-0.6362327534445619
0.765748039325533,5.828015769330045,-2.1524401382229295,-0.7419727826273592,0.6650872108793838,-1.5177271378330268,-1.7934439902586947,0.6281254080820937,1.866772615871514,-0.29322078923723083,0.2897462058376409
-0.4564478960753633,-1.0967162878260521,-0.16998570211118283,-0.7199116876691746,-0.1859519544092686,0.5648940757436198,0.5860392803448363,-1.1252949285395755,-1.0440905530441695,-0.6294135906902626,0.7106457327840968
-1.2967076016634793,-0.2681158707304509,-0.44342769329900983,-0.6978505927109898,-0.7624623567015816,0.17088465695884883,0.07489102221518895,-1.6243453320395655,0.81390721434882,0.8498347357030777,1.6366246920662995
-0.30367340415025107,-0.800787567434766,1.6073872406096938,2.10390846697847,-0.10359332551036686,0.2271717167852447,0.7975489043984836,1.184499168740908,-1.8492229189144647,-0.6294135906902626,-1.1413121857803101
-0.3800606501128069,-1.0967162878260521,0.3085377824675147,-0.6757894977528051,-0.3232163359074385,-0.33569888147871385,0.30402644827330677,-0.5722931300665941,0.4423076608702215,0.3791648136688327,-0.04697341571952417
0.6129735474004214,0.0869985937390925,0.7870612670462122,1.1111591938601575,-0.10359332551036686,-0.05426358234673459,0.5684134783403657,1.2350786015280661,1.0616402500012188,-0.49493647010904973,-0.8887724696124361
-0.15089891222513888,1.832978044047681,-1.058672173471621,-0.6537284027946203,0.472917076781946,-1.2362918387010475,-1.564308564200577,0.5134786937645204,0.875840473261921,0.11021057250640773,-0.7204126588338543
-0.15089891222513888,0.027812849660835207,-0.5117881910959666,-0.6978505927109898,-0.46048071740560814,-0.5045600609579014,0.5331618743314246,-0.7543790881003783,0.7519739554357215,-1.0328449524339007,0.37392611122693176
-0.4564478960753633,-0.800787567434766,-0.03326470651726914,1.397953428316559,-0.4879335937052421,0.9026164347019949,0.9033037164253072,1.1507795468828026,1.12357350891432,-0.6294135906902626,-0.6362327534445619
-0.8383841258881435,-0.7416018233565087,1.197224253827953,-0.7860949725437287,-0.15849907810963482,-0.6734212404370891,-0.47150883992339965,-0.5857809788098138,0.4423076608702215,-0.49493647010904973,-0.8045925642231452
-0.3800606501128069,-0.6824160792782514,-0.9903116756746639,-0.8302171624600981,0.11602968488670473,-0.8985694797426724,-0.24237341386528186,-0.68693984438413,-0.9821572941310711,0.11021057250640773,-0.8887724696124361
0.9949097772132016,0.678856034521665,-0.03326470651726914,-0.6206367603573433,0.5827285819804818,0.11459759713245299,-0.982657098053047,1.1676393578118553,0.628107437609522,0.042972012215801304,-0.6362327534445619
0.6129735474004214,0.3237415700521216,0.10345628907664453,0.5816929148637242,-0.6251979752034118,-0.1668377019995263,-0.27762501787422306,-0.3497436258030384,-0.3008914460869726,-0.8311292715620819,1.3840849758984255
1.0712970231757575,0.738041778599922,-0.3067066977050961,-0.6096062128782509,-0.04868757291109892,-0.8985694797426724,-1.5114311581871651,0.21000209704157152,-0.3008914460869726,1.791174579771567,0.5422859220055135
0.2310373175876413,-0.6824160792782514,0.0350957912796877,0.9126093392364949,-0.515386470004876,1.3529129133131619,1.3615745685415428,0.695564651798342,-1.1679570708703688,0.17744913279701416,-0.7204126588338543
1.5296204989510933,1.4482707075390087,-0.5117881910959666,-0.3889952632964037,1.2141447368720628,-0.5608471207842973,-1.1765409201022237,1.4373963326767363,0.19457462521782254,0.9170732959936841,-0.8045925642231452
0.8421352852880901,0.3829273141303786,1.3339452494218664,-0.6757894977528051,-0.2957634596078045,-1.06743065922186,1.6435874006130724,-0.5183417350936029,-1.2918235886965683,0.11021057250640773,0.7106457327840968
-1.9078055693639275,-1.185494903943438,-0.16998570211118283,-0.8964004473346523,-0.4055749648063402,0.28345877661164054,-0.41863143390998786,-1.260173415971997,3.2912375708728066,-0.29322078923723083,0.6264658273948059
0.30742456355019704,1.9809424042433244,-2.0157191426290155,-0.8302171624600981,0.41801132418267806,-1.1800047788746517,-1.6524375742229298,0.6618450299402366,-0.36282470500007374,3.6738542679085455,-1.1413121857803101
1.2240715151008703,-0.8599733115130231,-0.2383461999081393,-0.8743393523764675,-1.064443995997555,-0.6734212404370891,-0.7358958699904586,-0.6532202225260246,-1.6014898832620656,-1.2345606333057202,-0.13115332110881506
-0.3800606501128069,-1.2150877759825665,1.3339452494218664,-0.16838431371455645,-0.7899152330012155,1.5217740927923493,0.18064583424201255,-0.9364650461341626,-1.9730894367406642,0.042972012215801304,0.12138639505905761
1.2240715151008703,-0.6824160792782514,0.24017728467055785,1.2435257636092658,-0.46048071740560814,-0.22312476182592217,1.2205681525057779,1.3025178452442772,-1.8492229189144647,-0.29322078923723083,-1.225492091169601
1.1476842691383131,-0.7416018233565087,0.7187007692492553,-0.6096062128782509,-0.10359332551036686,-0.1668377019995263,0.0043878141973065525,-0.1811455165125113,-1.4776233654358661,-0.6966521509808691,-0.4678729426659801
0.8421352852880901,-0.031372894417421755,0.581979773655342,-0.5875451179200661,0.22584119008524062,-0.33569888147871385,-1.158915118097753,0.33813666010236465,0.6900406965226205,2.1946059415152046,0.37392611122693176
0.1546500716250855,-0.7416018233565087,-0.375067195502053,0.8243649594037563,-0.8173681093008495,-0.3919859413051097,-0.030863789811634647,-0.48462211323549753,-1.5395566243489673,-0.8311292715620819,0.7106457327840968
-0.532835142037919,-0.14974438257393632,-1.3321141646594479,1.4200145232747436,-0.6526508515030457,0.28345877661164054,0.9033037164253072,0.9653216266631854,-0.05315841043457366,-1.436276314177539,-1.3096719965588919
3.2865271560898828,-0.9783447996695377,1.3339452494218664,-0.23456759858911058,1.2965033657709644,-1.461440078006631,-1.599560168209518,1.707153307541617,0.318441143044022,2.9342301047118746,-0.3836930372766892
0.6893607933629772,2.27687112463461,-2.1524401382229295,-0.5654840229618815,0.6650872108793838,-1.011143599395464,-1.5819343662050473,1.1608954334402268,0.9377737321750194,-0.49493647010904973,-0.8045925642231452
-1.5258693395511473,-0.2089301266521936,0.3085377824675147,0.008104445950921305,-0.7075566041023137,0.9026164347019949,0.5507876763358952,-1.6310892564111943,-0.5486244817393715,-1.5035148744681455,1.5524447866770086
0.6129735474004214,-1.2150877759825665,1.197224253827953,-0.7860949725437287,-0.5977450989037778,0.6774681953964116,0.11014262622413015,-0.5857809788098138,0.19457462521782254,-0.898367831852688,0.037206489669766724
-1.0675458637758115,-1.1559020319043094,-0.2383461999081393,-0.9405226372510218,-0.54283934630451,0.7337552552228074,0.23352324025542434,-0.8622818780463232,0.07070810739162582,-0.158743668656018,-1.057132280391018
0.30742456355019704,-0.44567310296522245,1.4023057472188234,-0.41105635825458836,-0.3781220885067064,-0.11055064217313045,0.6741682903671894,-1.0949472688672655,-1.2918235886965683,-0.024266548074805126,0.7106457327840968
0.1546500716250855,-1.0967162878260521,0.10345628907664453,-0.8522782574182828,-0.4055749648063402,0.9589034945283909,0.12776842822860077,-0.8622818780463232,-1.1679570708703688,0.9843118562842905,-0.04697341571952417
3.592076139940107,0.26455582597386434,2.564434209767088,-0.49930073808732733,1.049427479074259,-0.7297083002634849,-1.3880505441558708,1.6397140638253687,-0.7963575173917705,0.5136419342500456,0.20556630044835
-0.07451166626258313,0.5012988022868932,-0.10162520431422599,0.33902087032369216,-0.8722738619001174,-0.8422824199162766,0.42740706230460096,-1.1050631554246897,-0.3008914460869726,-0.49493647010904973,1.7208045974555906
-1.3730948476260352,-0.4752659750043511,-0.2383461999081393,0.6037540098219089,-0.13104620181000085,-0.1668377019995263,-0.40100563190551725,-0.07324272656656644,-0.23895818717387424,-1.0328449524339007,-0.13115332110881506
-0.7619968799255871,0.0869985937390925,-0.375067195502053,1.795053137563884,-0.15849907810963482,1.3529129133131619,1.5378325885862487,1.0327608703794338,0.13264136630472417,-0.49493647010904973,-1.3096719965588919
-0.991158617813255,0.5604845463651504,0.3085377824675147,-0.5654840229618815,-0.7350094804019477,-1.011143599395464,-0.718270067985988,-0.852165991488899,-0.05315841043457366,-0.36045934952783726,0.20556630044835
-0.7619968799255871,0.0869985937390925,-0.3067066977050961,-0.41105635825458836,-0.6801037278026797,-0.9548565395690684,-0.718270067985988,-1.7255041976139194,-2.0350226956537654,1.0515504165748963,1.7208045974555906
0.07826282566252908,0.5012988022868932,0.37689828026447153,-0.10220102884000232,-0.7899152330012155,-0.7297083002634849,0.0043878141973065525,-1.1927341722557863,0.008774848478524704,-0.6966521509808691,2.225884029791337
-0.6092223880004748,-0.7120089513173801,1.128863756030996,-0.6316673078364355,1.5984850050669381,-0.05426358234673459,-0.17187020584739945,-0.9229771973909054,0.07070810739162582,0.31192625337822627,1.2999050705091346
0.1546500716250855,-0.7416018233565087,-0.3067066977050961,-0.764033877585544,0.006218179688169026,0.8463293748755991,-0.27762501787422306,-0.5217136972793985,0.38037440195712313,-0.6294135906902626,-0.552052848055271
1.6060077449136505,-0.14974438257393632,1.7441082362036069,-0.6757894977528051,0.472917076781946,-0.1668377019995263,-0.8592764840217528,0.7967235173726583,0.318441143044022,1.7239360194809605,0.12138639505905761
0.30742456355019704,-0.9191590555912804,0.6503402714522984,-0.8743393523764675,-0.46048071740560814,0.45231995609082815,0.515536072326954,-1.2938930378301026,-1.9111561778275659,-0.7638907112714755,0.7106457327840968
-0.6092223880004748,-0.5048588470434797,-0.5117881910959666,0.29489868040732287,-0.46048071740560814,-0.1668377019995263,0.18064583424201255,-1.4287715252625617,-0.05315841043457366,-0.29322078923723083,1.7208045974555906
-0.6092223880004748,-0.6824160792782514,0.37689828026447153,0.6258151047800937,-0.1859519544092686,1.690635272271537,0.6389166863582482,0.11558715583884639,-2.2827557313061644,-0.29322078923723083,-1.057132280391018
-0.6092223880004748,1.3298992193824941,-2.0157191426290155,-0.7199116876691746,0.28074694268450856,-1.461440078006631,-1.8110697922631653,0.8304431392307637,1.4332398034798173,0.9843118562842905,-0.8887724696124361
-0.15089891222513888,0.027812849660835207,-0.9903116756746639,-0.8743393523764675,-0.21340483070890257,-1.2925788985274433,0.09251682421965955,-0.528457621651027,-0.6105577406524727,-1.1673220730151137,-0.7204126588338543
0.07826282566252908,1.921756660165067,-1.8106376492381455,-0.32281197842184944,1.3788619946698664,-1.3488659583538394,-1.6524375742229298,0.8978823829469745,1.0616402500012188,0.6481190548312584,-0.3836930372766892
-0.4564478960753633,-0.2089301266521936,0.37689828026447153,0.2507764904909534,-0.13104620181000085,-0.9548565395690684,0.8856779144208365,0.49999084502130065,0.07070810739162582,-0.9656063921432944,-1.4780318073374736
0.07826282566252908,-0.2089301266521936,2.564434209767088,1.1332202888183422,-0.43302784110597414,1.5780611526187454,0.8151747064029542,1.066480492237539,-1.0440905530441695,-0.5621750303996562,-1.646391618116057
-0.991158617813255,-0.44567310296522245,-0.3067066977050961,0.8684871493201256,-0.15849907810963482,0.7337552552228074,0.39215545829565973,-0.14742589465440586,0.13264136630472417,-0.024266548074805126,0.12138639505905761
-0.30367340415025107,0.20537008189560707,-0.16998570211118283,1.0670370039437882,-0.54283934630451,0.5648940757436198,0.5684134783403657,-0.43067071826250636,-0.7344242584786721,-1.1000835127245072,0.7948256381733877
-0.7619968799255871,-0.5048588470434797,0.0350957912796877,2.2583361316857635,-0.7075566041023137,1.9157835115771207,1.255819756514719,1.2856580343152244,0.5042409197833226,0.5136419342500456,-0.9729523750017269
0.001875579699973319,0.6196702904434077,-1.1270326712685776,-0.6757894977528051,0.5827285819804818,-1.123717719048256,-1.5114311581871651,0.5235945803219819,0.38037440195712313,-0.158743668656018,-0.552052848055271
0.1546500716250855,0.0869985937390925,0.17181678687360138,-0.7199116876691746,0.5003699530815799,-0.6734212404370891,-1.335173138142459,-0.4171828695192867,0.9377737321750194,2.3290830620964176,2.5626036513485024
0.5365863014378657,-0.09055863849567904,0.6503402714522984,-0.7860949725437287,-0.021234696611464945,-1.3488659583538394,-1.3880505441558708,-0.1946333652557684,0.38037440195712313,1.186027537156109,0.37392611122693176
-0.4564478960753633,-0.800787567434766,-0.10162520431422599,1.0670370039437882,-0.43302784110597414,1.9157835115771207,1.0619359344655426,0.15605070206858038,-0.9821572941310711,-0.2259822289466244,-0.3836930372766892
-1.2203203557009237,-0.8303804394738946,-1.058672173471621,1.6516560203356836,-0.15849907810963482,0.05831053730605713,0.022013616201777154,0.37185628196047005,1.0616402500012188,-1.0328449524339007,0.20556630044835
-0.6856096339630313,-0.7416018233565087,-0.6485091866898801,0.11840992074184492,-0.4879335937052421,0.05831053730605713,0.25114904225989493,-0.5318295838368601,-0.672490999565571,-0.49493647010904973,-0.13115332110881506
0.46019905547530926,-0.3273016148087082,-0.6485091866898801,0.9787926241110493,-0.021234696611464945,0.7900423150492033,1.7493422126398959,0.8810225720179219,-0.92022403521797,0.5136419342500456,-1.057132280391018
-0.15089891222513888,2.040128148321581,-2.1524401382229295,-0.6978505927109898,1.5710321287673041,-1.5177271378330268,-1.828695594267636,0.614637559338874,0.7519739554357215,0.44640337395943913,-0.7204126588338543
-0.6856096339630313,0.26455582597386434,-1.6055561558472748,-0.7419727826273592,0.2532940663848746,-1.5177271378330268,-1.6524375742229298,0.29092918950100205,0.6900406965226205,0.31192625337822627,-0.9729523750017269
-0.532835142037919,-1.0967162878260521,0.10345628907664453,-0.05807883892363283,-0.3781220885067064,0.8463293748755991,0.0043878141973065525,-0.8555379536746947,-0.3008914460869726,-0.6294135906902626,0.5422859220055135
-1.9078055693639275,1.921756660165067,-1.5371956580503183,-0.8964004473346523,-1.009538243398287,-1.4051530181802352,-1.8463213962721066,-2.4673358784923134,0.4423076608702215,-1.3017991935963262,2.5626036513485024
-0.4564478960753633,-0.44567310296522245,1.197224253827953,0.6037540098219089,-0.21340483070890257,1.8032093919243288,1.8198454206577783,0.4595272987915666,-0.36282470500007374,-0.5621750303996562,-0.9729523750017269
-0.30367340415025107,-1.333459264139081,-0.03326470651726914,0.030165540909106146,-0.3232163359074385,-0.05426358234673459,0.11014262622413015,-0.11370627279630043,1.12357350891432,-0.49493647010904973,-0.6362327534445619
1.2240715151008703,-0.44567310296522245,-0.44342769329900983,-0.01395664900726334,-0.8997267381997514,1.24033879366037,-0.25999921586975244,-0.68693984438413,-2.220822472393063,-0.29322078923723083,0.7106457327840968
-0.30367340415025107,0.6196702904434077,-0.10162520431422599,1.4861978081492981,1.021974602774625,-0.3919859413051097,-0.29525081987869367,0.8304431392307637,-0.8582907763048716,-0.6294135906902626,-0.8045925642231452
-0.22728615818769465,0.20537008189560707,0.4452587780614284,1.772992042605699,1.5161263761680361,-0.8985694797426724,-0.34812822589210546,1.1406636603253786,-1.2918235886965683,-0.36045934952783726,-1.1413121857803101
-0.4564478960753633,-0.564044591121737,0.17181678687360138,-0.4551785481709578,-0.07614044921073289,-0.4482730011315056,0.48028446831801275,-0.3902071720327724,0.19457462521782254,-0.4276979098184437,-0.13115332110881506
0.07826282566252908,-0.2681158707304509,0.7187007692492553,0.5044790825100776,-0.8722738619001174,1.1840517338339742,1.0795617364700132,-0.5857809788098138,-1.1679570708703688,-1.436276314177539,0.7106457327840968
0.6893607933629772,2.809542821338925,-2.1524401382229295,-0.21250650363092594,1.049427479074259,-1.4051530181802352,-1.7581923862497535,1.3497253158456397,0.81390721434882,-0.024266548074805126,-0.8045925642231452
0.001875579699973319,-0.800787567434766,0.10345628907664453,-0.4551785481709578,-0.570292222604144,0.28345877661164054,0.32165225027777733,-0.5857809788098138,0.13264136630472417,-0.898367831852688,0.37392611122693176
-0.6856096339630313,-0.14974438257393632,-0.375067195502053,1.5965032829402217,-0.3506692122070724,-0.33569888147871385,1.6083357966041312,0.5303385046936104,-0.7344242584786721,0.31192625337822627,-0.552052848055271
1.4532332529885377,-0.3864873588869651,1.128863756030996,-0.7199116876691746,0.28074694268450856,-0.22312476182592217,-1.1941667221066943,0.7292842736564474,0.566174178696421,3.4049000267461196,0.037206489669766724
-0.15089891222513888,1.8033851720085525,-2.0157191426290155,-0.6537284027946203,0.2532940663848746,-1.2362918387010475,-1.564308564200577,0.8978823829469745,1.4951730623929185,0.9170732959936841,-0.8887724696124361
-0.07451166626258313,0.0869985937390925,0.581979773655342,-0.6868200452318974,-0.6526508515030457,-0.22312476182592217,0.07489102221518895,-1.7524798951003961,-0.17702492826077312,-0.5621750303996562,2.4784237459592116
0.6893607933629772,-0.8599733115130231,0.3085377824675147,1.0229148140274185,-0.3506692122070724,1.8594964517507246,0.8504263104118953,0.8304431392307637,-0.7963575173917705,-0.49493647010904973,-0.4678729426659801
-1.1439331097383671,-0.3864873588869651,-0.5117881910959666,2.7436802207658273,-0.3506692122070724,1.690635272271537,0.9385553204342484,1.4711159545348416,0.5042409197833226,-0.6294135906902626,-0.9729523750017269
0.001875579699973319,0.678856034521665,2.2909922185792615,1.1773424787347118,-0.1859519544092686,2.591228229493871,1.3792003705460134,1.0327608703794338,-0.42475796391317205,-0.7638907112714755,-1.562211712726766
-0.22728615818769465,-0.2089301266521936,0.10345628907664453,1.6847476627729603,-0.515386470004876,0.17088465695884883,0.03963941820624775,0.29092918950100205,-1.1679570708703688,0.7825961754124713,-0.13115332110881506
-1.1439331097383671,-0.2089301266521936,-0.2383461999081393,-0.21250650363092594,-0.7350094804019477,-0.4482730011315056,-0.48913464192787026,-1.3208687353166169,0.5042409197833226,-1.0328449524339007,0.9631854489519694
-0.9147713718506992,-0.44567310296522245,-0.2383461999081393,-0.05807883892363283,0.17093543748597267,0.05831053730605713,1.5378325885862487,0.6281254080820937,2.85770475848111,1.186027537156109,-0.4678729426659801
-1.2203203557009237,-0.564044591121737,-0.8535906800807505,-0.5875451179200661,-0.21340483070890257,0.6774681953964116,0.9209295184297778,-0.8555379536746947,0.13264136630472417,-0.6966521509808691,-0.13115332110881506
-0.15089891222513888,-0.3864873588869651,-0.2383461999081393,-0.8081560675019134,-0.4879335937052421,-1.011143599395464,-0.5420120479412821,-0.9465809326915867,-0.3008914460869726,0.7825961754124713,0.45810601661622263
1.6060077449136505,2.188092508517224,-0.5117881910959666,-0.6537284027946203,0.3631055715834105,-1.4051530181802352,-1.6524375742229298,0.695564651798342,-0.672490999565571,0.3791648136688327,-0.552052848055271
0.6129735474004214,0.7972275226781793,0.17181678687360138,-0.6316673078364355,0.445464200482312,-0.7859953600898807,-1.564308564200577,-0.31602400394493296,0.318441143044022,0.8498347357030777,1.5524447866770086
0.30742456355019704,1.921756660165067,-1.1953931690655344,-0.7860949725437287,0.472917076781946,-0.27941182165231804,0.956181122438719,-0.28230438208682757,-1.1060238119572705,-0.158743668656018,-1.057132280391018
-0.4564478960753633,-0.7416018233565087,-0.2383461999081393,-0.03601774396544798,-0.4055749648063402,1.1840517338339742,1.1676907464923663,0.22348994578479123,0.4423076608702215,1.4549817783185348,-0.8887724696124361
0.001875579699973319,-0.2089301266521936,0.24017728467055785,0.47138744007280065,-0.2957634596078045,0.8463293748755991,1.132439142483425,0.3246488113591449,-0.5486244817393715,-0.024266548074805126,-0.7204126588338543
-0.6856096339630313,-0.2681158707304509,-0.5117881910959666,0.33902087032369216,-0.46048071740560814,0.45231995609082815,0.48028446831801275,0.15605070206858038,-0.05315841043457366,-0.4276979098184437,-0.8887724696124361
-0.30367340415025107,1.0931562430694657,0.24017728467055785,-0.2786897885054801,-0.6251979752034118,-0.22312476182592217,-0.08374119582504645,-1.3276126596882079,0.19457462521782254,0.24468769308761984,1.8049845028448814
-1.3730948476260352,-0.2089301266521936,1.0605032582340392,-0.4551785481709578,-0.10359332551036686,0.9026164347019949,0.5331618743314246,-0.48462211323549753,0.38037440195712313,1.5222203386091413,-0.4678729426659801
0.5365863014378657,0.9747847549129511,0.17181678687360138,-0.5434229280036967,-0.21340483070890257,-0.9548565395690684,0.3745296562911892,-0.400323058590234,-0.8582907763048716,-0.158743668656018,-0.4678729426659801
0.6893607933629772,-0.44567310296522245,0.6503402714522984,-0.797125520022821,-0.6526508515030457,-1.06743065922186,-0.8945280880306941,-1.260173415971997,-1.4776233654358661,0.17744913279701416,1.2157251651198437
-1.1439331097383671,-0.6232303351999943,-0.10162520431422599,-0.8302171624600981,-0.7350094804019477,-0.27941182165231804,-0.27762501787422306,-1.6378331807828228,0.875840473261921,-0.6966521509808691,1.5524447866770086
-0.22728615818769465,0.5604845463651504,-2.1524401382229295,-0.8081560675019134,0.3631055715834105,0.11459759713245299,-1.335173138142459,-0.05301095345168072,0.566174178696421,0.31192625337822627,0.7106457327840968
-1.0675458637758115,-0.3864873588869651,2.3593527163762182,0.8905482442783103,-0.4879335937052421,-0.22312476182592217,0.7975489043984836,0.6618450299402366,2.671904981741812,0.11021057250640773,0.20556630044835
2.140718466651542,1.3890849634607514,-0.6485091866898801,-0.6978505927109898,0.6376343345797498,-1.1800047788746517,-1.4409279501692827,0.9653216266631854,-0.6105577406524727,0.11021057250640773,-0.8887724696124361
1.5296204989510933,-0.9191590555912804,0.7187007692492553,-0.6757894977528051,-0.26831058330817054,-0.7859953600898807,-0.17187020584739945,0.2133740592273671,-0.8582907763048716,0.8498347357030777,-0.4678729426659801
-0.7619968799255871,-0.14974438257393632,1.2655847516249097,0.3169597753655075,-0.24085770700853654,1.7469223320979328,1.2734455585191897,0.08861145835236954,-0.23895818717387424,-0.5621750303996562,-0.8045925642231452
0.001875579699973319,1.2707134753042375,-0.375067195502053,-0.6757894977528051,0.7199929634786517,-0.9548565395690684,-0.24237341386528186,0.44603945004830947,0.19457462521782254,-0.09150510836541155,-0.552052848055271
0.1546500716250855,1.5074564516172662,-0.375067195502053,-0.6537284027946203,0.7199929634786517,-0.7297083002634849,-0.40100563190551725,0.5471983156226632,0.38037440195712313,0.17744913279701416,-0.6362327534445619
0.5365863014378657,-0.7416018233565087,-0.5117881910959666,-0.10220102884000232,-0.3506692122070724,0.508607015917224,0.7975489043984836,-0.6195006006679192,-1.4776233654358661,-1.7052305553399643,0.7948256381733877
-0.4564478960753633,-0.44567310296522245,-0.10162520431422599,-0.6978505927109898,-0.8722738619001174,-0.8985694797426724,0.69179409237166,-0.5857809788098138,0.38037440195712313,0.5808804945406519,-0.04697341571952417
0.6129735474004214,-0.3273016148087082,1.197224253827953,1.464136713191113,-0.5977450989037778,0.5648940757436198,0.30402644827330677,0.4258076769334612,-0.5486244817393715,-1.3017991935963262,0.20556630044835
-0.22728615818769465,0.26455582597386434,-0.6485091866898801,-0.16838431371455645,-0.7350094804019477,-1.123717719048256,-0.20712180985634066,-0.5183417350936029,-1.4156901065227678,2.261844501805811,0.8790055435626786
-0.3800606501128069,-0.6824160792782514,0.10345628907664453,0.669937294696463,-0.24085770700853654,0.8463293748755991,1.0971875384744838,0.06163576086589269,-0.7344242584786721,-0.09150510836541155,-0.3836930372766892
0.001875579699973319,-0.6824160792782514,0.5136192758583852,-0.7860949725437287,-0.10359332551036686,-0.22312476182592217,-0.13661860183845825,-0.970184667992268,-0.3008914460869726,-0.4276979098184437,0.45810601661622263
-1.0675458637758115,1.3890849634607514,-2.1524401382229295,-0.7860949725437287,-1.009538243398287,0.17088465695884883,-0.31287662188316423,-1.8064312900733872,0.38037440195712313,-1.0328449524339007,1.5524447866770086
-1.1439331097383671,-0.6824160792782514,-0.44342769329900983,0.6368456522591861,-0.4055749648063402,-0.7859953600898807,-0.10136699782951705,0.10884323146721782,1.3093732856536178,0.5136419342500456,-0.21533322649810593
0.6893607933629772,-0.6232303351999943,0.0350957912796877,1.1994035736928965,-0.7350094804019477,0.2271717167852447,-0.15424440384292884,-0.15754178121183,-0.7344242584786721,-0.7638907112714755,1.0473653543412618
0.1546500716250855,-0.5048588470434797,-0.03326470651726914,-0.5875451179200661,-0.3781220885067064,1.5780611526187454,1.132439142483425,-0.14742589465440586,1.1855067678274183,0.9843118562842905,0.037206489669766724
0.30742456355019704,-0.8599733115130231,0.5136192758583852,-0.5434229280036967,-0.3506692122070724,0.002023477479661268,1.1676907464923663,-0.14742589465440586,1.4332398034798173,-0.6294135906902626,0.20556630044835
-1.2967076016634793,-1.333459264139081,0.10345628907664453,-0.8964004473346523,-0.515386470004876,-0.3919859413051097,0.30402644827330677,-0.9769285923638966,0.13264136630472417,-0.5621750303996562,-0.6362327534445619
-0.22728615818769465,-0.9191590555912804,1.197224253827953,0.33902087032369216,-0.570292222604144,1.0714776141811826,1.0266843304566013,-0.4509024913773921,-0.17702492826077312,-1.7724691156305707,0.7948256381733877
-0.07451166626258313,-0.2089301266521936,1.0605032582340392,1.8832975173966227,-0.021234696611464945,1.3529129133131619,1.4673293805683663,1.1002001140956446,-0.7963575173917705,-0.29322078923723083,-1.057132280391018
-0.8383841258881435,0.3829273141303786,-1.8789981470351023,-0.8302171624600981,-0.570292222604144,-0.3919859413051097,0.12776842822860077,-0.7611230124719695,0.07070810739162582,0.5136419342500456,-0.552052848055271
-0.07451166626258313,-0.8599733115130231,0.37689828026447153,-0.7860949725437287,-0.21340483070890257,-0.11055064217313045,0.26877484426436554,-0.7678669368435981,-0.4866912228262732,-0.09150510836541155,0.20556630044835
-0.4564478960753633,0.678856034521665,1.197224253827953,0.5155096299891702,-0.13104620181000085,-0.6171341806106931,1.2381939545102485,0.35836843321725037,-0.7344242584786721,-1.0328449524339007,-1.3096719965588919
-0.036318043281304564,-1.0375305437477949,-0.5117881910959666,1.000853719069234,1.7082965102654737,1.4654870329659535,1.132439142483425,0.41906375256183265,-0.4866912228262732,-0.6294135906902626,-0.2995131318873983
-0.4564478960753633,3.6381432384345262,-2.1524401382229295,-0.7199116876691746,0.6925400871790177,-1.4051530181802352,-1.7229407822408123,-0.31602400394493296,1.6809728391322163,-0.6294135906902626,1.1315452597305526
-0.22728615818769465,-0.2089301266521936,0.17181678687360138,-0.764033877585544,-0.6801037278026797,-0.3919859413051097,0.25114904225989493,-0.9566968192490108,0.875840473261921,-0.4276979098184437,0.9631854489519694
-1.0675458637758115,-0.06096576645655039,-1.1953931690655344,0.1625321106582144,-0.2957634596078045,1.0714776141811826,1.4673293805683663,-0.28230438208682757,0.4423076608702215,1.186027537156109,-0.21533322649810593
-0.532835142037919,-0.3273016148087082,-0.10162520431422599,0.9015787917574027,-0.15849907810963482,-0.27941182165231804,0.9209295184297778,-0.38683520984697684,0.07070810739162582,0.17744913279701416,0.6545257930519058
2.140718466651542,1.2707134753042375,-0.5117881910959666,-0.6316673078364355,0.6101814582801158,-0.6171341806106931,-0.982657098053047,1.5385551982510524,-0.3008914460869726,0.17744913279701416,-0.3836930372766892
0.30742456355019704,-0.8599733115130231,-0.10162520431422599,2.015664087145731,-0.021234696611464945,1.296625853486766,1.7405293116376606,1.504835576392947,-0.5486244817393715,-0.49493647010904973,-1.3938519019481828
3.3629144020524384,0.3829273141303786,1.539026742812737,-0.7860949725437287,1.049427479074259,-0.4482730011315056,-1.2822957321290473,0.9484618157341327,-1.2918235886965683,1.5222203386091413,-0.552052848055271
-0.07451166626258313,0.3237415700521216,1.4023057472188234,-0.8302171624600981,2.504429922954858,0.8463293748755991,0.6212908843537776,0.04814791212263555,-0.92022403521797,0.17744913279701416,-1.562211712726766
0.8421352852880901,-1.0967162878260521,1.128863756030996,-0.7419727826273592,0.006218179688169026,0.05831053730605713,-0.27762501787422306,-0.07998665093819501,-0.4866912228262732,-0.8311292715620819,-0.21533322649810593
-0.3800606501128069,-1.1559020319043094,-0.16998570211118283,-0.01395664900726334,0.033671055987803,-0.11055064217313045,-0.15424440384292884,0.021172214636158697,1.8048393569584158,-0.6294135906902626,-0.2995131318873983
1.0712970231757575,2.8687285654171824,-2.1524401382229295,-0.49930073808732733,1.049427479074259,-0.7297083002634849,-1.2470441281201061,1.2418225258996949,0.628107437609522,0.44640337395943913,-0.13115332110881506
-0.15089891222513888,-0.564044591121737,-0.16998570211118283,2.2362750367275788,-0.26831058330817054,0.5648940757436198,1.0090585284521307,1.2350786015280661,-0.05315841043457366,-0.5621750303996562,-1.057132280391018
0.07826282566252908,0.3829273141303786,-0.5117881910959666,0.3831430602400617,0.006218179688169026,0.6211811355700156,0.8680521124163659,0.12233108021047497,-0.17702492826077312,-0.8311292715620819,-0.552052848055271
-0.22728615818769465,-0.6232303351999943,-0.5801486888929233,0.4493263451146158,-0.43302784110597414,-0.5608471207842973,-0.29525081987869367,-0.7004276931273872,-0.7963575173917705,2.127367381224598,0.7106457327840968
0.46019905547530926,-0.3864873588869651,-0.44342769329900983,-0.36693416833821896,-0.8997267381997514,-0.1668377019995263,-0.25999921586975244,-1.6681808404551326,-1.5395566243489673,-1.1000835127245072,2.0575242190127554
-0.532835142037919,-0.5048588470434797,2.906236698751872,1.817114232522069,-0.3506692122070724,2.140931750882704,1.9432260346890726,0.8978823829469745,-0.3008914460869726,0.042972012215801304,-0.8887724696124361
-0.6092223880004748,-0.6232303351999943,-0.03326470651726914,-0.49930073808732733,-0.515386470004876,0.6211811355700156,0.0043878141973065525,-1.007276252036169,0.875840473261921,0.8498347357030777,0.9631854489519694
-0.30367340415025107,-0.6824160792782514,-0.10162520431422599,-0.7419727826273592,-0.3781220885067064,-0.6171341806106931,-0.33050242388763484,-0.8319342183740133,-0.36282470500007374,-0.49493647010904973,0.12138639505905761
2.140718466651542,0.027812849660835207,0.9237822626401259,-0.5654840229618815,0.9670688501753572,-0.5608471207842973,-0.45388303791892903,1.5655308957375293,-0.4866912228262732,-0.6966521509808691,-0.9729523750017269
-0.15089891222513888,-1.2150877759825665,0.6503402714522984,-0.9184615422928369,-0.54283934630451,-0.4482730011315056,-0.33050242388763484,-1.0578556848233647,0.13264136630472417,-0.6966521509808691,0.2897462058376409
3.8976251237903314,0.9155990108346939,1.197224253827953,-0.6316673078364355,0.8847102212764552,-1.4051530181802352,-1.7581923862497535,1.9094710386902496,-0.23895818717387424,-0.6294135906902626,-0.8045925642231452
0.07826282566252908,-0.6232303351999943,0.5136192758583852,-0.32281197842184944,-0.8997267381997514,0.28345877661164054,0.03963941820624775,-0.5857809788098138,-0.36282470500007374,-0.158743668656018,0.2897462058376409
-0.4564478960753633,-0.6824160792782514,-0.5117881910959666,-0.25662869354729534,-0.3232163359074385,0.3397458364380364,0.42740706230460096,-0.7880987099584837,-0.4866912228262732,0.7153576151218648,0.6264658273948059
-0.6856096339630313,0.8860061387955652,-0.6485091866898801,-0.7199116876691746,-0.2957634596078045,0.05831053730605713,0.46265866631354213,-0.5520613569517083,0.9997069910881204,0.042972012215801304,-0.13115332110881506
-1.0675458637758115,-0.3273016148087082,-0.375067195502053,-0.7419727826273592,0.17093543748597267,-1.5177271378330268,-1.8110697922631653,-1.0241360629652216,0.9997069910881204,0.042972012215801304,2.4784237459592116
-0.991158617813255,-0.2681158707304509,-0.10162520431422599,-0.6757894977528051,-0.7350094804019477,0.45231995609082815,0.49791027032248336,-1.8941023069044465,1.12357350891432,-0.8311292715620819,1.9733443136234645
0.9185225312506459,-0.3864873588869651,0.581979773655342,0.846426054361941,-0.24085770700853654,0.17088465695884883,0.5684134783403657,1.4373963326767363,1.0616402500012188,-0.49493647010904973,-1.057132280391018
0.1546500716250855,-0.14974438257393632,-0.3067066977050961,-0.8081560675019134,-0.21340483070890257,0.45231995609082815,1.044310132461072,-0.400323058590234,-1.22989032978347,-0.09150510836541155,-1.057132280391018
1.3768460070259818,1.2115277312259802,-0.10162520431422599,0.669937294696463,-0.8448209856004835,-0.8985694797426724,-0.7535216719949293,-0.5183417350936029,-1.7872896600013664,-1.1673220730151137,1.0473653543412618
0.1546500716250855,2.602392717065025,-0.8535906800807505,0.030165540909106146,1.021974602774625,-0.6171341806106931,-0.27762501787422306,0.8742786476462933,-0.42475796391317205,-0.09150510836541155,-0.8045925642231452
-0.6092223880004748,-0.5048588470434797,0.7187007692492553,1.0229148140274185,-0.3506692122070724,0.002023477479661268,0.46265866631354213,0.5606861643658829,-0.3008914460869726,-0.4276979098184437,-1.225492091169601
-0.6092223880004748,0.678856034521665,-0.6485091866898801,2.125969561936655,-0.26831058330817054,1.1840517338339742,1.2205681525057779,1.260368317921664,0.9997069910881204,0.44640337395943913,-0.04697341571952417
-0.991158617813255,0.0869985937390925,-1.8789981470351023,0.14047101570002976,-0.2957634596078045,-0.5045600609579014,-0.47150883992339965,-0.38346324766118123,-0.05315841043457366,-0.158743668656018,-0.2995131318873983
0.001875579699973319,-0.5048588470434797,2.906236698751872,1.8832975173966227,-0.1859519544092686,1.4654870329659535,0.8504263104118953,1.1676393578118553,-1.22989032978347,-0.6294135906902626,-1.4780318073374736
-0.30367340415025107,0.14618433781734977,1.0605032582340392,1.3538312384001894,0.39055844788304406,0.7900423150492033,0.39215545829565973,0.7630038955145528,-1.5395566243489673,2.3290830620964176,-1.1413121857803101
0.5365863014378657,-0.09055863849567904,-0.2383461999081393,5.854294609869874,-0.10359332551036686,0.28345877661164054,1.0971875384744838,5.315152846359272,-0.4866912228262732,-1.0328449524339007,-1.4780318073374736
0.46019905547530926,-0.7416018233565087,0.4452587780614284,1.1552813837765272,0.06112393228743678,-0.11055064217313045,-0.25999921586975244,0.7292842736564474,-0.672490999565571,-0.4276979098184437,-0.4678729426659801
-0.532835142037919,-0.09055863849567904,0.4452587780614284,0.7140594846128328,-0.24085770700853654,2.140931750882704,1.0619359344655426,0.12907500458210353,-0.5486244817393715,-0.2259822289466244,-0.8045925642231452
0.765748039325533,-0.5048588470434797,0.10345628907664453,-0.5434229280036967,-0.10359332551036686,-1.06743065922186,-0.7535216719949293,-0.17440159214088272,-2.0969559545668637,-0.29322078923723083,-0.8887724696124361
0.1546500716250855,1.0931562430694657,-1.3321141646594479,-0.6978505927109898,2.9711288200486354,-1.461440078006631,-1.7934439902586947,0.8371870636023923,0.19457462521782254,2.1946059415152046,-1.1413121857803101
-0.22728615818769465,-0.09055863849567904,-0.2383461999081393,-0.8302171624600981,-0.15849907810963482,0.3960328962644323,1.2910713605236603,-0.6195006006679192,0.2565078841309237,0.44640337395943913,-0.21533322649810593
-0.8383841258881435,-0.44567310296522245,0.10345628907664453,-0.6316673078364355,-0.982085367098653,-0.22312476182592217,0.05726522021071835,-2.0020050968503913,-0.672490999565571,-1.570753434758752,1.6366246920662995
-1.0675458637758115,-0.2681158707304509,-1.3321141646594479,-0.764033877585544,-0.570292222604144,1.5217740927923493,0.8680521124163659,-0.7240314284280684,0.9377737321750194,0.3791648136688327,-0.04697341571952417
-0.07451166626258313,-0.3864873588869651,0.855421764843169,-0.7199116876691746,-0.6801037278026797,0.11459759713245299,-0.11899279983398765,-1.2938930378301026,0.13264136630472417,-0.36045934952783726,1.3840849758984255
-1.2967076016634793,-0.06096576645655039,-0.10162520431422599,-0.5654840229618815,0.39055844788304406,-0.1668377019995263,0.25114904225989493,-0.720659466242273,-0.5486244817393715,-0.158743668656018,-0.8045925642231452
0.2310373175876413,-0.9783447996695377,0.9237822626401259,-0.10220102884000232,-0.43302784110597414,2.084644691056308,0.779923102394013,-0.6195006006679192,-1.3537568476096695,-1.0328449524339007,0.037206489669766724
0.9185225312506459,-0.6232303351999943,1.197224253827953,0.5155096299891702,-0.4879335937052421,0.9026164347019949,-0.10136699782951705,-0.38346324766118123,-1.22989032978347,-1.3690377538869325,1.1315452597305526
-0.7619968799255871,0.14618433781734977,-0.10162520431422599,0.33902087032369216,7.940099430282379,2.7600894089730583,1.520206786581778,0.29092918950100205,0.38037440195712313,0.31192625337822627,-0.8045925642231452
-0.8383841258881435,-0.8599733115130231,0.17181678687360138,0.9787926241110493,-0.43302784110597414,0.45231995609082815,1.5378325885862487,0.15605070206858038,-0.5486244817393715,-0.6294135906902626,-0.3836930372766892
0.2310373175876413,0.3237415700521216,-1.3321141646594479,-0.4551785481709578,0.9670688501753572,-0.05426358234673459,-1.0707861080754,0.7292842736564474,0.875840473261921,1.1187889768655026,-0.21533322649810593
3.2865271560898828,-0.17933725461306496,1.539026742812737,-0.6537284027946203,0.7474458397782857,-1.4051530181802352,-1.7405665842452829,1.4036767108186308,-1.5395566243489673,1.1187889768655026,-1.1413121857803101
-0.9147713718506992,-1.0375305437477949,1.197224253827953,-0.8964004473346523,-0.6251979752034118,-0.22312476182592217,-0.13661860183845825,-0.8555379536746947,-0.11509166934767477,-0.7638907112714755,-0.6362327534445619
-0.532835142037919,-0.3273016148087082,-0.375067195502053,0.42726525015643113,-0.46048071740560814,-0.6734212404370891,-0.013237987807164047,-0.2957922308300847,-0.36282470500007374,-1.0328449524339007,-0.2995131318873983
-0.07451166626258313,1.0931562430694657,-1.6739166536442318,-0.7419727826273592,0.39055844788304406,-0.8422824199162766,-1.5819343662050473,0.1897703239266858,0.38037440195712313,0.8498347357030777,0.20556630044835
-1.6022565855137039,-0.5048588470434797,0.17181678687360138,0.29489868040732287,-0.6251979752034118,-0.22312476182592217,-0.25999921586975244,-0.01591936940777973,0.008774848478524704,-0.8311292715620819,-1.1413121857803101
0.07826282566252908,0.26455582597386434,0.37689828026447153,-0.8743393523764675,-0.3781220885067064,0.3397458364380364,-0.013237987807164047,-1.1927341722557863,0.9997069910881204,-0.36045934952783726,1.8049845028448814
-0.22728615818769465,-0.9783447996695377,0.4452587780614284,0.3169597753655075,-0.4879335937052421,-0.5608471207842973,-0.06611539382057585,-0.07998665093819501,-0.7963575173917705,-0.7638907112714755,-0.04697341571952417
-0.6092223880004748,-0.9783447996695377,0.0350957912796877,1.000853719069234,-0.13104620181000085,-0.33569888147871385,-0.41863143390998786,0.5944057862239883,0.7519739554357215,-0.29322078923723083,-0.9729523750017269
-0.30367340415025107,-0.564044591121737,0.17181678687360138,1.9715418972293621,-0.6801037278026797,0.9589034945283909,0.33927805228224794,0.22348994578479123,0.875840473261921,-0.2259822289466244,1.3840849758984255
0.2310373175876413,-1.0375305437477949,2.701155205361002,1.4861978081492981,-0.515386470004876,1.24033879366037,0.6036650823493069,1.1710113199976508,-1.22989032978347,-0.49493647010904973,-1.3938519019481828
-1.6022565855137039,-0.09055863849567904,-0.3067066977050961,0.361081965281877,-0.9546324907990192,0.7900423150492033,0.26877484426436554,-0.7847267477726507,0.81390721434882,-0.9656063921432944,0.37392611122693176
1.3768460070259818,-0.2089301266521936,1.197224253827953,0.4052041551982465,-0.6251979752034118,-0.22312476182592217,-0.40100563190551725,-0.28230438208682757,-1.4776233654358661,-1.3017991935963262,0.7948256381733877
-0.9147713718506992,-0.3864873588869651,-0.3067066977050961,-0.21250650363092594,-0.2957634596078045,1.1277646740075784,0.5860392803448363,-1.1050631554246897,0.2565078841309237,0.17744913279701416,0.8790055435626786
-0.15089891222513888,-1.0967162878260521,-0.375067195502053,0.394173607719154,-0.26831058330817054,0.002023477479661268,1.8727228266711902,0.5674300887375114,0.9377737321750194,0.31192625337822627,-0.3836930372766892
-0.991158617813255,-0.8599733115130231,-0.5801486888929233,-0.7860949725437287,-0.54283934630451,0.45231995609082815,-0.3657540278965761,-1.4591191849348342,0.81390721434882,-0.29322078923723083,1.2157251651198437
0.5365863014378657,0.8564132667564366,0.0350957912796877,-0.6978505927109898,0.6925400871790177,-0.7297083002634849,0.5331618743314246,0.7630038955145528,-0.17702492826077312,0.11021057250640773,-0.8887724696124361
0.6129735474004214,-0.564044591121737,1.197224253827953,-0.8522782574182828,0.11602968488670473,-0.1668377019995263,0.05726522021071835,-0.2485847602287221,-0.92022403521797,-1.3017991935963262,-0.9729523750017269
-0.4564478960753633,-0.031372894417421755,-0.44342769329900983,-0.05807883892363283,-0.515386470004876,-0.7859953600898807,0.12776842822860077,-0.8622818780463232,0.81390721434882,1.186027537156109,1.7208045974555906
0.6893607933629772,1.0931562430694657,-0.6485091866898801,-0.6316673078364355,0.5827285819804818,0.17088465695884883,-0.4362572359144585,0.7562599711429243,0.19457462521782254,-0.49493647010904973,-0.8045925642231452
0.1546500716250855,-0.564044591121737,0.37689828026447153,-0.5434229280036967,-0.1859519544092686,-0.33569888147871385,0.32165225027777733,-1.0645996091949557,-1.1679570708703688,-0.024266548074805126,0.5422859220055135
-0.3800606501128069,-0.7416018233565087,0.5136192758583852,1.1332202888183422,-0.515386470004876,1.690635272271537,0.6212908843537776,0.9147421938760273,-0.36282470500007374,0.042972012215801304,-0.4678729426659801
0.001875579699973319,0.26455582597386434,2.154271222985348,1.30970904848382,-0.3506692122070724,1.4091999731395577,0.7446714983850717,0.9653216266631854,-0.8582907763048716,-0.6294135906902626,-1.562211712726766
-0.4564478960753633,-0.6232303351999943,-0.6485091866898801,1.5965032829402217,-0.15849907810963482,0.28345877661164054,0.5684134783403657,0.7495160467712957,-0.7963575173917705,0.9170732959936841,-0.9729523750017269
0.9949097772132016,-0.14974438257393632,0.3085377824675147,2.170091751853024,-0.43302784110597414,0.9589034945283909,1.3439487665370722,1.2350786015280661,-0.92022403521797,-1.5035148744681455,-0.4678729426659801
0.001875579699973319,-0.3864873588869651,-0.375067195502053,1.640625472856591,-0.2957634596078045,1.0151905543547868,1.1500649444878956,0.9990412485213283,-0.7963575173917705,-0.09150510836541155,-1.3096719965588919
-0.4564478960753633,0.9155990108346939,-0.375067195502053,1.3758923333583744,-0.7624623567015816,0.11459759713245299,-0.06611539382057585,-0.5115978107219744,0.2565078841309237,1.656697459190354,1.9733443136234645
-0.3800606501128069,-0.3864873588869651,-0.2383461999081393,-0.12426212379818696,-0.15849907810963482,-0.8985694797426724,-0.38337982990104663,-0.7746108612152266,0.81390721434882,0.31192625337822627,1.1315452597305526
0.1546500716250855,-0.8599733115130231,0.10345628907664453,-0.6978505927109898,-0.5977450989037778,0.508607015917224,0.42740706230460096,-1.1927341722557863,-0.36282470500007374,-0.6294135906902626,0.9631854489519694
-0.532835142037919,0.3829273141303786,-0.6485091866898801,-0.05807883892363283,-0.13104620181000085,1.0714776141811826,0.49791027032248336,0.021172214636158697,-0.5486244817393715,0.5808804945406519,-1.1413121857803101
-0.532835142037919,-0.5048588470434797,0.0350957912796877,0.3500514178027847,0.06112393228743678,0.2271717167852447,-0.17187020584739945,-0.6734519956409103,-0.3008914460869726,-0.7638907112714755,0.45810601661622263
-0.7619968799255871,-0.564044591121737,-0.44342769329900983,-0.8081560675019134,-0.7350094804019477,0.28345877661164054,-0.15424440384292884,-1.1252949285395755,0.4423076608702215,-0.6294135906902626,0.45810601661622263
-0.7619968799255871,-1.333459264139081,-0.375067195502053,0.14047101570002976,-0.3506692122070724,1.4654870329659535,0.779923102394013,0.1897703239266858,1.8048393569584158,-1.1000835127245072,-0.04697341571952417
-0.15089891222513888,-1.2742735200608237,-0.10162520431422599,-0.01395664900726334,-0.021234696611464945,0.05831053730605713,0.14539423023307135,-0.012547407221946727,1.4951730623929185,-0.7638907112714755,-0.04697341571952417
-0.8383841258881435,-0.7416018233565087,-0.5801486888929233,-0.43311745321277306,-0.13104620181000085,-0.8422824199162766,-0.17187020584739945,0.08861145835236954,-0.5486244817393715,-0.7638907112714755,-1.562211712726766
2.0643312206889863,-0.564044591121737,0.9921427604370827,-0.7419727826273592,0.1434825611863387,-0.22312476182592217,-1.2646699301245767,0.4595272987915666,-0.3008914460869726,1.9928902606433856,0.037206489669766724
0.9949097772132016,-1.0967162878260521,0.24017728467055785,-0.764033877585544,-0.4879335937052421,-0.33569888147871385,0.5860392803448363,-0.3497436258030384,-1.6634231421751668,-1.1673220730151137,-0.4678729426659801
0.2310373175876413,2.128906764438967,-1.4688351602533614,1.7509309476475146,-0.3506692122070724,0.7900423150492033,1.7669680146443665,0.9686935888490183,-0.7963575173917705,-0.2259822289466244,-1.225492091169601
-1.4494820935885917,0.738041778599922,-1.4004746624564048,-0.6316673078364355,-0.24085770700853654,-0.7859953600898807,-0.4362572359144585,-0.9162332730192769,1.928705874784615,2.3290830620964176,2.5626036513485024
-0.9147713718506992,-0.44567310296522245,-0.03326470651726914,-0.01395664900726334,-0.3781220885067064,1.3529129133131619,0.9914327264476601,-0.720659466242273,0.318441143044022,-0.09150510836541155,0.37392611122693176
-1.0675458637758115,-0.7416018233565087,-0.10162520431422599,-0.8743393523764675,-0.26831058330817054,0.3397458364380364,0.30402644827330677,-0.8555379536746947,0.19457462521782254,-0.5621750303996562,-0.13115332110881506
-0.3800606501128069,-0.9191590555912804,0.3085377824675147,-0.8743393523764675,-0.8448209856004835,1.8594964517507246,0.515536072326954,-1.1252949285395755,0.2565078841309237,-0.36045934952783726,0.37392611122693176
0.07826282566252908,0.20537008189560707,-0.5801486888929233,0.3169597753655075,-0.1859519544092686,-0.6734212404370891,-0.20712180985634066,-0.5048538863503458,-0.7963575173917705,0.11021057250640773,0.5422859220055135
1.0712970231757575,-0.17933725461306496,0.581979773655342,-0.6316673078364355,0.6101814582801158,-1.5177271378330268,-1.8991988022855182,0.19651424829831438,0.2565078841309237,0.9170732959936841,1.1315452597305526
-0.30367340415025107,-0.6824160792782514,-0.03326470651726914,-0.49930073808732733,-0.26831058330817054,0.5648940757436198,0.14539423023307135,-1.1050631554246897,-1.0440905530441695,0.7153576151218648,0.2897462058376409
0.1546500716250855,4.969822480195314,-2.1524401382229295,-0.17941486119364877,1.104333231673527,-1.4051530181802352,-1.7581923862497535,0.695564651798342,2.4861052050025116,0.042972012215801304,0.12138639505905761
-0.9147713718506992,-1.2150877759825665,0.37689828026447153,-0.8522782574182828,-0.6801037278026797,1.8594964517507246,0.6036650823493069,-0.9061173864618527,0.566174178696421,-0.6294135906902626,0.5422859220055135
-0.6092223880004748,-0.44567310296522245,-0.8535906800807505,-0.6978505927109898,0.7748987160779197,-0.5045600609579014,1.4497035785638959,0.21000209704157152,1.619039580219118,0.7153576151218648,-0.8887724696124361
-0.6856096339630313,-0.44567310296522245,0.9921427604370827,1.4751672606702055,-0.54283934630451,1.7469223320979328,1.7317164106354255,0.8641627610888691,0.13264136630472417,-0.024266548074805126,-0.8887724696124361
-0.9147713718506992,0.0869985937390925,0.5136192758583852,-0.41105635825458836,-0.8173681093008495,-0.5608471207842973,0.19827163624648314,-1.1927341722557863,0.9377737321750194,-0.9656063921432944,0.6264658273948059
2.3698802045392107,0.5012988022868932,0.855421764843169,-0.5875451179200661,4.316319758730699,-1.4051530181802352,-1.7934439902586947,1.6397140638253687,-0.23895818717387424,0.6481190548312584,-0.8887724696124361
-0.15089891222513888,-0.3273016148087082,0.37689828026447153,-0.03601774396544798,-0.6251979752034118,-0.22312476182592217,0.23352324025542434,-0.5857809788098138,-0.36282470500007374,-0.6294135906902626,0.20556630044835
-0.7619968799255871,-0.44567310296522245,-0.375067195502053,1.552381093023852,-0.2957634596078045,0.7337552552228074,0.23352324025542434,0.1897703239266858,-0.42475796391317205,-1.1000835127245072,0.20556630044835
-0.30367340415025107,-0.031372894417421755,0.855421764843169,0.33902087032369216,-0.13104620181000085,-0.11055064217313045,0.7446714983850717,0.3246488113591449,-0.5486244817393715,-0.8311292715620819,-0.8045925642231452
-1.2203203557009237,1.596235067734652,-2.1524401382229295,-0.764033877585544,0.8847102212764552,-0.7859953600898807,-0.9650312960485764,-0.07998665093819501,2.1764389104370143,-0.09150510836541155,-0.552052848055271
-0.7619968799255871,-1.1559020319043094,1.197224253827953,-0.9184615422928369,-0.6526508515030457,-0.7297083002634849,-1.1060377120843412,-0.4509024913773921,0.4423076608702215,1.1187889768655026,-0.9729523750017269
-0.07451166626258313,1.0931562430694657,-0.5117881910959666,-0.9405226372510218,-0.7624623567015816,-0.05426358234673459,-0.48913464192787026,-0.5183417350936029,-0.42475796391317205,-1.436276314177539,-1.225492091169601
-0.532835142037919,-0.9783447996695377,-0.03326470651726914,-0.7419727826273592,-0.3506692122070724,0.002023477479661268,0.23352324025542434,-0.5857809788098138,1.619039580219118,-0.2259822289466244,-0.2995131318873983
0.6893607933629772,-0.6232303351999943,-0.375067195502053,1.30970904848382,-0.3781220885067064,0.6211811355700156,1.7140906086309549,0.7495160467712957,-0.7344242584786721,-0.29322078923723083,-0.4678729426659801
-1.2203203557009237,0.4421130582086359,0.17181678687360138,-0.5875451179200661,-0.9546324907990192,0.2271717167852447,-0.29525081987869367,-1.8165471766308114,-0.05315841043457366,-1.0328449524339007,1.8891644082341736
-0.4564478960753633,-0.5048588470434797,-0.3067066977050961,1.4861978081492981,-0.24085770700853654,-0.11055064217313045,-0.030863789811634647,0.5134786937645204,-2.220822472393063,-0.29322078923723083,-0.7204126588338543
-0.15089891222513888,-0.6232303351999943,0.17181678687360138,-0.8081560675019134,-0.7075566041023137,-0.1668377019995263,-0.11899279983398765,-1.529930390836878,-1.0440905530441695,-0.9656063921432944,1.1315452597305526
-0.991158617813255,0.4421130582086359,0.3085377824675147,-0.5875451179200661,-0.6251979752034118,-0.6171341806106931,-0.6477668599681057,-0.9094893486476483,0.13264136630472417,-0.36045934952783726,0.2897462058376409
1.9879439747264307,3.164657285808469,-0.44342769329900983,-0.5654840229618815,1.2965033657709644,0.28345877661164054,0.7270456963806011,2.1792280135550928,1.12357350891432,0.9170732959936841,0.5422859220055135
0.46019905547530926,2.7799499492997963,-2.0840796404259723,-0.5434229280036967,0.472917076781946,1.0151905543547868,-0.41863143390998786,0.5640581265517159,0.9377737321750194,0.5808804945406519,0.20556630044835
3.6684633859026627,1.685013683852038,1.2655847516249097,-0.8081560675019134,0.39055844788304406,-1.3488659583538394,-1.5466827621961063,1.1372916981395456,-0.9821572941310711,0.44640337395943913,-0.13115332110881506
0.3838118095127535,1.685013683852038,-1.6055561558472748,-0.6978505927109898,0.5278228293812139,-0.8422824199162766,-1.5290569601916357,0.7292842736564474,0.566174178696421,0.042972012215801304,-0.8887724696124361
-0.4564478960753633,2.7799499492997963,-2.0157191426290155,-0.521361833045512,0.41801132418267806,-0.7297083002634849,-1.4056763461603414,0.3246488113591449,2.1764389104370143,2.396321622387024,1.4682648812877177
1.8351694828013176,-0.14974438257393632,1.0605032582340392,-0.8081560675019134,-0.021234696611464945,-1.1800047788746517,-1.5819343662050473,0.813583328301711,-0.05315841043457366,1.925651700352779,-0.21533322649810593
0.3838118095127535,-1.1559020319043094,-0.16998570211118283,-0.8302171624600981,-0.7624623567015816,-1.123717719048256,-0.8769022860262234,-0.4509024913773921,0.7519739554357215,-0.9656063921432944,-0.3836930372766892
1.4532332529885377,0.738041778599922,1.197224253827953,-0.5434229280036967,1.021974602774625,0.45231995609082815,-0.13661860183845825,1.2350786015280661,-0.92022403521797,0.3791648136688327,-1.225492091169601
2.5226546964643224,0.9747847549129511,2.2226317207823048,-0.5875451179200661,1.3788619946698664,-1.3488659583538394,-1.7405665842452829,0.9316020048050799,-0.8582907763048716,0.8498347357030777,1.0473653543412618
-0.6092223880004748,0.9155990108346939,-1.058672173471621,1.72886985268933,-0.4055749648063402,-0.22312476182592217,0.42740706230460096,0.9653216266631854,0.318441143044022,-1.3690377538869325,-1.3096719965588919
-0.8383841258881435,0.3829273141303786,-0.7852301822837936,1.6626865678147755,-0.6801037278026797,1.3529129133131619,0.39215545829565973,0.21000209704157152,-1.9730894367406642,-0.6966521509808691,0.037206489669766724
-0.9147713718506992,0.294148698012993,-2.1524401382229295,-0.8081560675019134,-0.4055749648063402,-1.2925788985274433,-1.0355345040664587,-1.0747154957524172,0.875840473261921,-1.0328449524339007,0.5422859220055135
-1.2967076016634793,-0.6232303351999943,0.0350957912796877,0.8023038644455713,0.08857680858707076,-0.6171341806106931,-0.20712180985634066,-0.1811455165125113,0.2565078841309237,-1.5035148744681455,-0.13115332110881506
-0.532835142037919,0.26455582597386434,-0.5801486888929233,0.07428773082547563,-0.15849907810963482,-0.27941182165231804,0.6212908843537776,-0.38346324766118123,0.07070810739162582,-1.2345606333057202,-0.4678729426659801
-1.0675458637758115,-0.44567310296522245,-0.7852301822837936,0.4934485350309853,-0.46048071740560814,0.6774681953964116,0.5507876763358952,-0.039523104708461015,-0.4866912228262732,-0.36045934952783726,-0.6362327534445619
0.46019905547530926,-0.9191590555912804,-0.375067195502053,0.846426054361941,-0.4879335937052421,0.6774681953964116,1.2029423505013073,0.49324692064967207,-0.3008914460869726,-0.49493647010904973,-0.552052848055271
-0.3800606501128069,-1.0375305437477949,1.2655847516249097,-0.6537284027946203,-0.3781220885067064,-0.1668377019995263,0.14539423023307135,-0.7543790881003783,-0.4866912228262732,-0.5621750303996562,-0.21533322649810593
3.592076139940107,0.20537008189560707,1.3339452494218664,-0.6757894977528051,1.7632022628647415,-1.2925788985274433,-1.6524375742229298,1.707153307541617,0.07070810739162582,1.5222203386091413,-0.13115332110881506
-0.6856096339630313,-0.5048588470434797,-0.16998570211118283,-0.6316673078364355,-0.3781220885067064,0.28345877661164054,1.0795617364700132,-0.9229771973909054,0.9377737321750194,-0.6966521509808691,0.8790055435626786
0.30742456355019704,-0.44567310296522245,-0.5117881910959666,-0.2786897885054801,0.033671055987803,-0.6171341806106931,0.022013616201777154,0.4258076769334612,-0.4866912228262732,-0.5621750303996562,-1.3938519019481828
0.46019905547530926,-1.0967162878260521,0.6503402714522984,-0.7419727826273592,-0.8448209856004835,-0.05426358234673459,0.46265866631354213,-1.1927341722557863,-1.2918235886965683,1.656697459190354,1.6366246920662995
0.3838118095127535,-0.5048588470434797,0.0350957912796877,-0.8522782574182828,-0.46048071740560814,-0.22312476182592217,0.05726522021071835,-0.5183417350936029,-0.11509166934767477,0.17744913279701416,0.20556630044835
-0.07451166626258313,-0.8599733115130231,0.3085377824675147,1.4420756182329284,-0.4055749648063402,0.8463293748755991,0.18064583424201255,0.8304431392307637,-1.9111561778275659,0.3791648136688327,-0.8887724696124361
0.07826282566252908,0.6196702904434077,0.3085377824675147,0.18459320561639925,0.472917076781946,-1.011143599395464,-0.47150883992339965,1.1002001140956446,0.628107437609522,1.9928902606433856,-0.04697341571952417
-0.22728615818769465,-0.564044591121737,0.24017728467055785,-0.8302171624600981,-0.4879335937052421,-0.05426358234673459,1.3615745685415428,-1.260173415971997,-0.6105577406524727,-0.09150510836541155,0.37392611122693176
-0.7619968799255871,-0.8599733115130231,1.197224253827953,-0.764033877585544,0.22584119008524062,-0.7297083002634849,0.515536072326954,-0.28230438208682757,-0.05315841043457366,-0.09150510836541155,-1.1413121857803101
-0.22728615818769465,-1.0967162878260521,-0.10162520431422599,1.000853719069234,0.006218179688169026,1.1277646740075784,1.255819756514719,1.1002001140956446,0.9997069910881204,-1.0328449524339007,-0.8045925642231452
-0.9147713718506992,0.6196702904434077,2.2909922185792615,1.0229148140274185,0.6376343345797498,-1.06743065922186,0.7975489043984836,0.35836843321725037,-1.1679570708703688,-0.36045934952783726,-0.9729523750017269
-0.3800606501128069,-0.2089301266521936,-0.03326470651726914,1.0670370039437882,-0.46048071740560814,-1.123717719048256,1.0795617364700132,0.25720956764289665,1.4332398034798173,0.11021057250640773,0.7106457327840968
-0.7619968799255871,-0.44567310296522245,-0.9219511778777073,-0.7860949725437287,-0.7899152330012155,-0.5608471207842973,-0.048489591816105244,-0.7611230124719695,1.12357350891432,-0.2259822289466244,-0.4678729426659801
1.1476842691383131,-0.6232303351999943,0.24017728467055785,-0.9846448271673913,-0.4055749648063402,-1.06743065922186,-0.7535216719949293,-0.6532202225260246,-0.92022403521797,-1.0328449524339007,0.037206489669766724
0.46019905547530926,1.0931562430694657,0.10345628907664453,-0.5875451179200661,0.6376343345797498,-0.33569888147871385,0.5331618743314246,0.6787048408692893,0.4423076608702215,0.44640337395943913,-0.8887724696124361
0.765748039325533,2.0993138923998385,-0.5801486888929233,-0.6757894977528051,1.159238984272795,-0.8985694797426724,-0.5772636519502232,0.9316020048050799,-0.23895818717387424,1.1187889768655026,-0.9729523750017269
-0.3800606501128069,-1.0967162878260521,0.0350957912796877,1.640625472856591,-0.5977450989037778,-0.6734212404370891,0.7446714983850717,0.7157964249131903,-2.1588892134799647,-1.1673220730151137,-1.3096719965588919
-1.2203203557009237,-0.5048588470434797,-0.9219511778777073,-0.8081560675019134,-0.6251979752034118,-0.6734212404370891,0.3745296562911892,-0.9432089705057911,0.566174178696421,-1.2345606333057202,-0.2995131318873983
-1.4494820935885917,-0.6232303351999943,0.10345628907664453,-0.8302171624600981,-0.6526508515030457,-0.27941182165231804,-0.29525081987869367,-1.3276126596882079,2.2383721693501126,-1.0328449524339007,0.37392611122693176
-0.30367340415025107,-0.9191590555912804,1.8124687340005636,2.015664087145731,-0.515386470004876,1.1840517338339742,0.8856779144208365,0.9990412485213283,-0.672490999565571,-0.36045934952783726,-0.8045925642231452
-0.22728615818769465,-0.8599733115130231,-0.10162520431422599,-0.08013993388181748,-0.43302784110597414,0.5648940757436198,0.6036650823493069,-0.4509024913773921,-0.42475796391317205,-1.2345606333057202,-0.2995131318873983
-0.30367340415025107,-0.14974438257393632,-0.9219511778777073,0.5375707249473548,-0.43302784110597414,2.309792930361892,1.925600232684602,0.4595272987915666,-0.5486244817393715,-0.8311292715620819,-1.3938519019481828
-0.6856096339630313,-0.3273016148087082,-0.5801486888929233,2.015664087145731,-0.54283934630451,-0.33569888147871385,-0.25999921586975244,0.2504656432713055,-0.92022403521797,-1.0328449524339007,0.037206489669766724
-1.2203203557009237,-0.3273016148087082,-1.8106376492381455,-0.9405226372510218,-0.515386470004876,-1.06743065922186,-1.4761795541782239,-0.720659466242273,0.81390721434882,-1.2345606333057202,-1.1413121857803101
0.30742456355019704,0.20537008189560707,-0.7852301822837936,-0.36693416833821896,-0.2957634596078045,-1.1800047788746517,0.03963941820624775,-0.04626702908008959,-0.4866912228262732,-0.8311292715620819,-0.9729523750017269
-0.7619968799255871,-0.6232303351999943,-0.44342769329900983,1.640625472856591,-0.04868757291109892,0.9589034945283909,0.35690385428671856,1.026016946007805,0.4423076608702215,-0.158743668656018,-1.3096719965588919
-0.15089891222513888,-0.800787567434766,0.7187007692492553,0.052226635867290795,-0.54283934630451,0.3397458364380364,0.16302003223754197,-0.4475305291915591,-0.5486244817393715,-0.09150510836541155,0.2897462058376409
0.5365863014378657,-0.8599733115130231,0.24017728467055785,-0.7419727826273592,-0.07614044921073289,-1.2925788985274433,-1.7405665842452829,0.014428290264530123,0.566174178696421,1.791174579771567,1.1315452597305526
0.1546500716250855,0.3237415700521216,-0.16998570211118283,0.07428773082547563,-0.3506692122070724,0.05831053730605713,0.14539423023307135,-0.1811455165125113,0.4423076608702215,-0.2259822289466244,0.45810601661622263
-0.15089891222513888,-0.7416018233565087,-0.375067195502053,0.9126093392364949,-0.8173681093008495,0.3960328962644323,0.14539423023307135,-0.7611230124719695,-1.0440905530441695,-1.3017991935963262,1.6366246920662995
-0.07451166626258313,-0.14974438257393632,0.0350957912796877,1.30970904848382,-0.515386470004876,-0.7859953600898807,-0.8416506820172822,-0.28230438208682757,0.07070810739162582,-0.898367831852688,0.7948256381733877
-0.15089891222513888,1.7441994279302953,-2.0157191426290155,-0.6537284027946203,0.28074694268450856,-1.1800047788746517,-1.599560168209518,0.8304431392307637,1.4951730623929185,0.9170732959936841,-0.9729523750017269
1.1476842691383131,2.040128148321581,-2.1524401382229295,-0.41105635825458836,0.7474458397782857,-0.9548565395690684,-1.423302148164812,1.5722748201091579,0.81390721434882,-0.5621750303996562,-0.9729523750017269
0.46019905547530926,-0.3864873588869651,-0.6485091866898801,-0.8081560675019134,-0.021234696611464945,-0.33569888147871385,0.28640064626883616,-0.04626702908008959,0.318441143044022,-0.36045934952783726,-0.8887724696124361
-0.6856096339630313,-0.6824160792782514,1.2655847516249097,1.1773424787347118,-0.3781220885067064,1.7469223320979328,0.32165225027777733,0.2976731138726306,-2.2827557313061644,-0.49493647010904973,-1.225492091169601
-0.07451166626258313,-0.2089301266521936,-0.9903116756746639,-0.8964004473346523,-0.4055749648063402,-0.5045600609579014,0.5331618743314246,-0.5048538863503458,-0.6105577406524727,-0.898367831852688,-0.8045925642231452
-0.22728615818769465,0.5012988022868932,-0.2383461999081393,0.9567315291528646,-0.021234696611464945,-0.05426358234673459,1.2205681525057779,0.47301514753482377,-0.36282470500007374,-0.6966521509808691,-0.9729523750017269
0.8421352852880901,-0.09055863849567904,0.7187007692492553,-0.6096062128782509,0.3631055715834105,-1.1800047788746517,-1.6524375742229298,-0.09347449968141472,0.9377737321750194,1.5894588988997476,1.8049845028448814
-0.6092223880004748,-1.0375305437477949,0.17181678687360138,-0.7860949725437287,0.994521726474991,0.7337552552228074,0.39215545829565973,-0.2485847602287221,0.13264136630472417,-0.29322078923723083,-0.8045925642231452
-1.2203203557009237,-0.8599733115130231,0.3085377824675147,-0.5654840229618815,-0.24085770700853654,-0.7859953600898807,0.19827163624648314,-0.5790370544381852,1.619039580219118,-0.29322078923723083,-0.4678729426659801
-1.0675458637758115,-0.2681158707304509,0.7187007692492553,-0.8743393523764675,-0.570292222604144,-0.6171341806106931,-0.013237987807164047,-1.9649135128064903,-0.7963575173917705,-0.49493647010904973,1.7208045974555906
-0.22728615818769465,0.8564132667564366,-1.4688351602533614,-0.6096062128782509,0.472917076781946,-1.011143599395464,-1.4761795541782239,0.4595272987915666,1.1855067678274183,0.31192625337822627,-0.2995131318873983
1.1476842691383131,1.685013683852038,-0.2383461999081393,-0.521361833045512,1.076880355373893,-0.7297083002634849,-0.7887732760038705,0.9450898535483371,0.19457462521782254,0.6481190548312584,-0.2995131318873983
-1.2203203557009237,-1.0967162878260521,-0.3067066977050961,-0.8081560675019134,-0.3506692122070724,1.296625853486766,0.956181122438719,-0.9229771973909054,0.318441143044022,-1.1000835127245072,-0.3836930372766892
-0.9147713718506992,-0.800787567434766,-0.5117881910959666,1.552381093023852,-0.1859519544092686,1.4091999731395577,0.8856779144208365,0.8304431392307637,0.6900406965226205,-0.9656063921432944,-0.9729523750017269
1.0712970231757575,2.010535276282453,-1.4688351602533614,-0.764033877585544,0.9670688501753572,-1.5177271378330268,-1.7934439902586947,0.9821814375922381,0.5042409197833226,0.7825961754124713,-0.8466825169177898
0.9185225312506459,1.2707134753042375,-1.6055561558472748,-0.6537284027946203,1.3239562420705984,-0.7859953600898807,-1.2294183261156355,0.4258076769334612,-0.6105577406524727,-0.09150510836541155,0.37392611122693176
-0.30367340415025107,-0.6232303351999943,0.10345628907664453,-0.41105635825458836,-0.21340483070890257,2.140931750882704,0.8328005084074248,-0.43741464263413493,-0.7963575173917705,1.0515504165748963,-0.2995131318873983
-0.30367340415025107,0.9155990108346939,-1.4004746624564048,-0.7860949725437287,0.5003699530815799,-0.7859953600898807,-1.1412893160932824,0.3077890004300548,0.81390721434882,1.7239360194809605,-0.8887724696124361
0.6129735474004214,0.6196702904434077,-0.5801486888929233,-0.6316673078364355,1.021974602774625,-0.7859953600898807,-1.4938053561826945,0.5606861643658829,-0.11509166934767477,-0.29322078923723083,-0.2995131318873983
-0.15089891222513888,-0.2089301266521936,0.24017728467055785,-0.764033877585544,0.17093543748597267,-0.9548565395690684,0.09251682421965955,-0.9094893486476483,-0.05315841043457366,-0.2259822289466244,0.12138639505905761
-0.8383841258881435,0.14618433781734977,0.9921427604370827,1.5303199980656674,-0.4055749648063402,1.7469223320979328,1.6964648066264842,0.8304431392307637,-0.36282470500007374,0.3791648136688327,-0.7204126588338543
0.6893607933629772,-0.9191590555912804,0.581979773655342,-0.9184615422928369,-0.54283934630451,2.4223670500146834,1.1676907464923663,-0.6532202225260246,-1.0440905530441695,-1.3017991935963262,-0.4678729426659801
-0.532835142037919,-0.5048588470434797,0.0350957912796877,2.52306927118398,-0.3232163359074385,0.7900423150492033,0.9209295184297778,1.8420317949740388,0.9377737321750194,-0.49493647010904973,-0.8887724696124361
0.1546500716250855,-0.800787567434766,-0.10162520431422599,0.669937294696463,-0.26831058330817054,-0.9548565395690684,0.0043878141973065525,-0.14742589465440586,-0.672490999565571,-1.2345606333057202,-0.04697341571952417
-0.4564478960753633,0.0869985937390925,1.0605032582340392,-0.8081560675019134,2.4220712940559563,-0.22312476182592217,0.18064583424201255,-0.6060127519246995,-0.8582907763048716,0.17744913279701416,-0.3836930372766892
-0.6856096339630313,0.20537008189560707,-0.9903116756746639,0.8243649594037563,0.6376343345797498,1.1277646740075784,1.7317164106354255,1.1777552443692796,1.4951730623929185,0.8498347357030777,-0.9729523750017269
-0.15089891222513888,-0.3273016148087082,0.10345628907664453,-0.9184615422928369,-0.43302784110597414,-0.5608471207842973,0.05726522021071835,-1.3680762059179419,-0.11509166934767477,-0.2259822289466244,0.7106457327840968
0.6129735474004214,-0.564044591121737,0.24017728467055785,-0.8743393523764675,-0.07614044921073289,-0.9548565395690684,0.39215545829565973,-0.2957922308300847,-0.92022403521797,0.11021057250640773,-0.8887724696124361
0.001875579699973319,0.0869985937390925,0.9921427604370827,-0.6537284027946203,0.472917076781946,-0.33569888147871385,-1.2294183261156355,0.2706974163861538,1.0616402500012188,2.127367381224598,0.37392611122693176
0.2310373175876413,-0.564044591121737,1.0605032582340392,-0.21250650363092594,-0.43302784110597414,3.6606823661953922,0.8680521124163659,-0.9094893486476483,-1.9111561778275659,0.3791648136688327,0.6264658273948059
-1.2203203557009237,-0.5048588470434797,-2.1524401382229295,1.1332202888183422,-0.515386470004876,-0.9548565395690684,-0.048489591816105244,-0.4677623023064448,1.3093732856536178,-0.49493647010904973,1.5524447866770086
-0.6092223880004748,-0.5048588470434797,-0.44342769329900983,1.2435257636092658,-0.2957634596078045,2.0283576312299125,1.1500649444878956,0.5134786937645204,-0.36282470500007374,0.11021057250640773,-0.552052848055271
0.2310373175876413,1.3298992193824941,-2.0157191426290155,-0.5434229280036967,0.5552757056808479,-1.06743065922186,-1.3880505441558708,0.3482525466597888,0.81390721434882,0.5808804945406519,0.20556630044835
-1.0675458637758115,-1.2742735200608237,-0.375067195502053,0.008104445950921305,-0.4879335937052421,-0.6171341806106931,-0.18949600785187004,0.08186753398074097,0.81390721434882,-0.4276979098184437,-1.057132280391018
-0.6092223880004748,-0.3864873588869651,-0.9903116756746639,0.7140594846128328,-0.4055749648063402,1.7469223320979328,1.4320777765594253,0.41569179037603704,-0.05315841043457366,-0.49493647010904973,-0.9729523750017269
-1.3730948476260352,0.678856034521665,-1.1270326712685776,-0.6537284027946203,-0.8448209856004835,-0.05426358234673459,0.28640064626883616,-1.6884126135699808,0.9997069910881204,1.5894588988997476,2.3942438405699207
-0.6092223880004748,-1.0967162878260521,0.0350957912796877,0.8133344119246638,-0.515386470004876,0.45231995609082815,0.07489102221518895,-0.01591936940777973,-0.23895818717387424,-0.8311292715620819,0.12138639505905761
0.5365863014378657,-1.0967162878260521,2.2226317207823048,2.633374745974904,-0.1859519544092686,2.1972188107090997,1.6964648066264842,1.9769102824064604,-0.4866912228262732,-0.158743668656018,-1.057132280391018
0.3838118095127535,-0.14974438257393632,1.128863756030996,-0.6096062128782509,-0.46048071740560814,-0.11055064217313045,0.0043878141973065525,-1.1590145503976808,-0.17702492826077312,-0.09150510836541155,1.8891644082341736
-0.3800606501128069,-0.9783447996695377,-0.44342769329900983,2.0377251821039164,-0.24085770700853654,2.7600894089730583,0.6212908843537776,0.9990412485213283,-0.672490999565571,-1.1000835127245072,-0.7204126588338543
0.46019905547530926,3.1054715417302114,-0.375067195502053,-0.2786897885054801,1.3788619946698664,0.05831053730605713,-0.8240248800128116,0.7225403492848189,0.19457462521782254,-0.49493647010904973,-1.1413121857803101
3.3629144020524384,0.4421130582086359,1.4706662450157801,-0.3889952632964037,1.3239562420705984,0.17088465695884883,-0.27762501787422306,2.1792280135550928,-0.17702492826077312,2.799752984130662,-1.1413121857803101
0.30742456355019704,0.0869985937390925,0.855421764843169,0.7140594846128328,5.44188768701569,-0.11055064217313045,0.49791027032248336,0.4258076769334612,-0.672490999565571,-0.6966521509808691,-0.2995131318873983
-0.22728615818769465,-0.09055863849567904,-0.375067195502053,-0.01395664900726334,-0.8173681093008495,0.9026164347019949,0.515536072326954,-0.720659466242273,0.13264136630472417,-0.6966521509808691,0.5422859220055135
0.6129735474004214,-0.8599733115130231,0.581979773655342,0.030165540909106146,-0.04868757291109892,0.6211811355700156,0.9385553204342484,0.25720956764289665,-0.3008914460869726,-0.898367831852688,0.037206489669766724
-0.3800606501128069,-0.2089301266521936,0.10345628907664453,-0.6757894977528051,-0.6526508515030457,-1.011143599395464,-0.7006442659815174,-1.3141248109449883,0.38037440195712313,0.7825961754124713,1.6366246920662995
-0.7619968799255871,-0.6232303351999943,-0.16998570211118283,1.817114232522069,-0.4879335937052421,1.0714776141811826,0.28640064626883616,0.22348994578479123,0.628107437609522,-0.49493647010904973,0.37392611122693176
-0.7619968799255871,-0.6824160792782514,0.24017728467055785,-0.9625837322092065,-0.15849907810963482,-0.33569888147871385,-0.048489591816105244,-0.9904164411071162,0.875840473261921,-0.6966521509808691,0.37392611122693176
0.07826282566252908,-0.7416018233565087,0.37689828026447153,2.302458321602133,-0.24085770700853654,2.253505870535496,1.57308419259519,1.5014636142071516,0.13264136630472417,1.5894588988997476,-0.9729523750017269
-0.6856096339630313,-0.14974438257393632,0.0350957912796877,-0.7860949725437287,-0.7350094804019477,-0.33569888147871385,-0.22474761186081124,-1.7895714791442972,-0.11509166934767477,-0.7638907112714755,2.0575242190127554
-0.3800606501128069,0.9155990108346939,0.4452587780614284,0.5375707249473548,-0.2957634596078045,-0.22312476182592217,1.0795617364700132,0.7023085761699331,0.566174178696421,0.042972012215801304,-0.8045925642231452
0.3838118095127535,-1.0967162878260521,1.197224253827953,-0.6757894977528051,-0.021234696611464945,-0.5608471207842973,0.18064583424201255,0.08861145835236954,0.566174178696421,-0.29322078923723083,0.12138639505905761
-0.8001905029068649,-0.800787567434766,0.37689828026447153,-0.41105635825458836,-0.982085367098653,-0.5608471207842973,-0.5948894539546938,-1.2736612647152543,0.9997069910881204,-0.4276979098184437,1.2157251651198437
-0.4564478960753633,0.5308916743260218,0.4452587780614284,0.9126093392364949,0.033671055987803,2.0283576312299125,2.2781162727740143,1.2789141099436332,0.008774848478524704,0.042972012215801304,-1.225492091169601
-1.6786438314762595,0.027812849660835207,-0.44342769329900983,0.6037540098219089,-0.7075566041023137,-0.33569888147871385,0.03963941820624775,-0.7172875040564399,0.9997069910881204,-0.898367831852688,0.6264658273948059
2.599041942426878,0.9155990108346939,0.9237822626401259,-0.5434229280036967,1.7082965102654737,0.2271717167852447,-0.8063990780083411,0.8574188367172405,0.008774848478524704,1.2532660974467156,0.2897462058376409
0.1546500716250855,-1.0375305437477949,0.581979773655342,0.09634882578366027,-0.54283934630451,0.2271717167852447,0.8328005084074248,-0.3497436258030384,-1.1060238119572705,0.5808804945406519,0.7948256381733877
-0.6092223880004748,-0.564044591121737,2.906236698751872,0.6037540098219089,-0.3232163359074385,1.24033879366037,1.6788390046220136,0.35836843321725037,-0.11509166934767477,-0.7638907112714755,-1.1413121857803101
-0.6092223880004748,-1.1559020319043094,-0.16998570211118283,-0.7199116876691746,-0.3506692122070724,-0.5045600609579014,0.022013616201777154,-0.970184667992268,-0.7963575173917705,-1.0328449524339007,-0.2995131318873983
-0.7619968799255871,-0.031372894417421755,-0.2383461999081393,0.5375707249473548,-0.6251979752034118,0.5648940757436198,1.4673293805683663,0.10547126928142225,-0.5486244817393715,0.44640337395943913,-0.7204126588338543
2.599041942426878,2.8687285654171824,0.37689828026447153,-0.5434229280036967,0.8023515923775533,-0.22312476182592217,-0.7711474739993999,1.2013589796699609,-0.42475796391317205,-0.09150510836541155,-0.552052848055271
-0.4564478960753633,-0.8599733115130231,-1.1953931690655344,-0.1463232187563716,3.49273346974168,0.28345877661164054,0.956181122438719,-0.1946333652557684,-1.8492229189144647,-0.5621750303996562,-0.9729523750017269
1.758782236838762,0.26455582597386434,0.6503402714522984,0.846426054361941,0.3356526952837765,-0.6734212404370891,-1.3175473361379884,1.3665851267746922,0.38037440195712313,1.8584131400621733,0.2897462058376409
0.1546500716250855,0.6196702904434077,0.0350957912796877,0.4493263451146158,-0.3506692122070724,-0.7297083002634849,0.05726522021071835,0.5606861643658829,0.566174178696421,-0.8311292715620819,-0.13115332110881506
0.5365863014378657,-0.9783447996695377,0.581979773655342,-0.7199116876691746,0.1434825611863387,-1.2925788985274433,-1.6524375742229298,-0.14742589465440586,0.318441143044022,1.1187889768655026,0.45810601661622263
3.592076139940107,1.3890849634607514,1.8124687340005636,-0.6978505927109898,0.39055844788304406,-1.4051530181802352,-1.687689178231871,1.1676393578118553,-0.8582907763048716,0.6481190548312584,-0.4678729426659801
-0.8383841258881435,-0.031372894417421755,0.9921427604370827,-0.08013993388181748,-0.7624623567015816,-0.5045600609579014,-0.34812822589210546,-1.1927341722557863,0.38037440195712313,0.5808804945406519,1.4682648812877177
0.001875579699973319,0.0869985937390925,0.3085377824675147,0.14047101570002976,-0.515386470004876,-0.22312476182592217,-0.27762501787422306,-1.0578556848233647,-1.8492229189144647,0.3791648136688327,1.6366246920662995
0.001875579699973319,-0.564044591121737,-0.2383461999081393,2.0597862770621007,-0.04868757291109892,1.4091999731395577,1.6083357966041312,1.3699570889605253,-0.672490999565571,-1.0328449524339007,-1.3096719965588919
0.2310373175876413,-1.1559020319043094,0.4452587780614284,-0.7199116876691746,-0.07614044921073289,-0.6171341806106931,-0.22474761186081124,0.021172214636158697,0.07070810739162582,-0.6294135906902626,-0.4678729426659801
1.758782236838762,1.3298992193824941,-0.3067066977050961,-0.6096062128782509,0.6925400871790177,-0.3919859413051097,0.5331618743314246,1.106944038467273,0.2565078841309237,0.11021057250640773,-0.9729523750017269
-0.532835142037919,-0.031372894417421755,-0.3067066977050961,-0.49930073808732733,0.28074694268450856,-1.2362918387010475,-1.2294183261156355,-0.2350969114855024,-0.11509166934767477,0.17744913279701416,1.2157251651198437
-0.30367340415025107,-0.9191590555912804,0.581979773655342,1.0560064564646956,-0.04868757291109892,0.6211811355700156,-0.18949600785187004,0.2639534920145252,-1.5395566243489673,0.17744913279701416,-0.04697341571952417
-1.4494820935885917,-0.5048588470434797,-0.5801486888929233,0.019134993430013823,-0.6251979752034118,1.0151905543547868,0.8151747064029542,0.22348994578479123,3.662837124351405,-0.158743668656018,-0.04697341571952417
-0.9147713718506992,-0.031372894417421755,2.3593527163762182,2.3907027014348716,-0.2957634596078045,-0.22312476182592217,0.8856779144208365,1.1339197359537498,-0.5486244817393715,-0.2259822289466244,-1.4780318073374736
-0.4564478960753633,-0.564044591121737,0.5136192758583852,-0.797125520022821,-0.46048071740560814,0.5648940757436198,-0.4362572359144585,-1.1590145503976808,0.7519739554357215,-0.898367831852688,0.7106457327840968
0.07826282566252908,-0.9191590555912804,-0.5117881910959666,0.27283758544913805,-0.07614044921073289,0.2271717167852447,2.066606648720367,0.6281254080820937,0.81390721434882,0.042972012215801304,-0.4678729426659801
0.30742456355019704,-0.800787567434766,0.855421764843169,-0.6978505927109898,-0.570292222604144,-1.123717719048256,0.09251682421965955,-1.09157530668147,-1.3537568476096695,1.1187889768655026,1.8891644082341736
-0.07451166626258313,2.9279143094954394,-2.0157191426290155,-0.1463232187563716,1.076880355373893,-1.4051530181802352,-1.775818188254224,0.8304431392307637,1.12357350891432,0.24468769308761984,0.37392611122693176
0.8421352852880901,-0.3864873588869651,0.9237822626401259,0.6037540098219089,0.06112393228743678,0.11459759713245299,0.4450328643090716,0.8978823829469745,0.628107437609522,1.5894588988997476,0.5422859220055135
-0.4564478960753633,-0.6824160792782514,-0.16998570211118283,2.0708168245411933,0.006218179688169026,-0.05426358234673459,0.5331618743314246,1.0192730216361765,0.628107437609522,0.042972012215801304,-0.2995131318873983
0.2310373175876413,-0.14974438257393632,0.37689828026447153,-0.8522782574182828,-0.24085770700853654,-0.4482730011315056,1.2381939545102485,-0.2485847602287221,-0.8582907763048716,-0.6966521509808691,-1.057132280391018
2.0643312206889863,-0.14974438257393632,1.6757477384066508,-0.6757894977528051,0.445464200482312,-1.5177271378330268,-1.863947198276577,0.2706974163861538,-0.4866912228262732,1.3205046577373218,0.7106457327840968
-1.0675458637758115,-0.8599733115130231,-0.5117881910959666,-0.8081560675019134,-0.6526508515030457,1.9720705714035165,0.9738069244431895,-1.3849360168469946,2.2383721693501126,0.17744913279701416,1.4682648812877177
1.4532332529885377,0.14618433781734977,0.0350957912796877,-0.6537284027946203,0.19838831378560665,-1.461440078006631,-1.7405665842452829,0.4123198281902041,0.4423076608702215,1.791174579771567,0.5422859220055135
-0.6856096339630313,-0.44567310296522245,0.37689828026447153,0.6258151047800937,-0.26831058330817054,1.5780611526187454,1.784593816648837,0.2976731138726306,-0.23895818717387424,-0.36045934952783726,-0.8887724696124361
0.2310373175876413,-0.9783447996695377,2.7695157031579587,1.000853719069234,-0.4879335937052421,1.296625853486766,0.6565424883627188,1.1743832821834839,-1.22989032978347,-0.49493647010904973,-1.3938519019481828
1.4532332529885377,-0.3864873588869651,1.197224253827953,-0.6757894977528051,0.06112393228743678,-1.123717719048256,-0.030863789811634647,0.4258076769334612,-0.4866912228262732,-0.49493647010904973,-0.3836930372766892
-0.22728615818769465,-0.5048588470434797,-0.03326470651726914,0.42726525015643113,-0.4879335937052421,0.3960328962644323,1.0795617364700132,-0.26207260897197926,0.566174178696421,-0.29322078923723083,0.7106457327840968
-1.6786438314762595,0.4421130582086359,-0.5117881910959666,-0.6757894977528051,0.08857680858707076,-0.6171341806106931,-1.1236635140888118,-0.9566968192490108,3.0435045352204106,1.3877432180279283,2.8993232729056673
0.30742456355019704,-0.6824160792782514,0.17181678687360138,-0.764033877585544,-0.3781220885067064,-0.33569888147871385,0.26877484426436554,-0.5014819241645502,-0.672490999565571,1.1187889768655026,-0.13115332110881506
-0.3800606501128069,0.678856034521665,-0.3067066977050961,0.030165540909106146,-0.4879335937052421,0.28345877661164054,-0.31287662188316423,-1.0949472688672655,-0.42475796391317205,-0.6294135906902626,1.5524447866770086
0.1546500716250855,1.2115277312259802,-0.6485091866898801,-0.6316673078364355,1.3514091183702324,-1.011143599395464,-0.7358958699904586,0.4595272987915666,-1.1060238119572705,0.6481190548312584,-1.1413121857803101
-0.532835142037919,0.14618433781734977,-0.10162520431422599,-0.6316673078364355,-0.6526508515030457,0.508607015917224,-0.11899279983398765,-1.887358382532818,-0.05315841043457366,-0.024266548074805126,2.4784237459592116
-1.0675458637758115,-0.44567310296522245,-0.6485091866898801,1.6847476627729603,0.033671055987803,0.6774681953964116,1.6259615986086018,0.021172214636158697,0.566174178696421,-1.0328449524339007,1.4682648812877177
0.9949097772132016,0.678856034521665,1.8808292317975204,-0.8081560675019134,9.806895018657487,-0.7859953600898807,-1.211792524111165,0.8371870636023923,-1.22989032978347,5.4220568354643115,-1.1413121857803101
-0.15089891222513888,-1.2150877759825665,0.0350957912796877,0.8684871493201256,-0.4879335937052421,1.3529129133131619,0.48028446831801275,0.35836843321725037,-0.05315841043457366,-0.6966521509808691,-0.9729523750017269
-0.7619968799255871,-0.14974438257393632,-1.3321141646594479,-0.05807883892363283,-0.07614044921073289,-1.3488659583538394,-0.29525081987869367,-0.10021842405304329,-0.42475796391317205,-0.2259822289466244,-1.057132280391018
0.07826282566252908,-0.5048588470434797,-0.10162520431422599,0.93467043419468,-0.1859519544092686,0.28345877661164054,0.7094198943761305,0.4291796391192568,-0.11509166934767477,-0.2259822289466244,-0.13115332110881506
-0.9147713718506992,-0.3273016148087082,0.6503402714522984,1.2655868585674508,-0.24085770700853654,1.4091999731395577,0.6212908843537776,-0.28230438208682757,-0.8582907763048716,0.3791648136688327,0.37392611122693176
0.1546500716250855,1.685013683852038,-1.6739166536442318,-0.5875451179200661,0.9121630975760892,-1.06743065922186,-1.3527989401469296,1.1339197359537498,1.2474400267405195,1.5222203386091413,-0.7204126588338543
-0.07451166626258313,-0.031372894417421755,-0.03326470651726914,0.030165540909106146,-0.6801037278026797,0.3397458364380364,0.46265866631354213,-0.970184667992268,0.7519739554357215,-0.4276979098184437,1.4682648812877177
-0.07451166626258313,0.26455582597386434,3.2480391877366563,-0.8081560675019134,3.7672622327380196,-0.3919859413051097,-0.41863143390998786,-0.8150744074449606,-0.36282470500007374,-0.49493647010904973,-0.04697341571952417
0.9949097772132016,0.5604845463651504,1.2655847516249097,-0.6978505927109898,8.57151558517396,-0.8422824199162766,-1.335173138142459,0.6078936349672455,-1.3537568476096695,3.8083313884897585,-0.9729523750017269
-0.6856096339630313,-0.800787567434766,0.10345628907664453,1.949480802271177,-0.2957634596078045,2.140931750882704,1.1500649444878956,0.8641627610888691,0.81390721434882,-0.2259822289466244,-0.13115332110881506
1.300458761063426,1.3003063473433656,0.17181678687360138,-0.4551785481709578,0.994521726474991,-0.7859953600898807,-0.030863789811634647,1.7745925512578278,0.9377737321750194,0.5136419342500456,-0.8887724696124361
-1.1439331097383671,-0.800787567434766,0.37689828026447153,-0.12426212379818696,-0.46048071740560814,1.5780611526187454,0.46265866631354213,-0.4104389451476581,0.38037440195712313,0.5808804945406519,0.037206489669766724
-0.9147713718506992,0.0869985937390925,-1.7422771514411886,-0.8081560675019134,0.2532940663848746,-0.1668377019995263,0.25114904225989493,-0.38346324766118123,0.19457462521782254,0.11021057250640773,-1.057132280391018
-0.30367340415025107,-1.2742735200608237,0.5136192758583852,-0.8081560675019134,-0.6251979752034118,-0.6171341806106931,-0.20712180985634066,-1.1219229663537424,0.008774848478524704,0.44640337395943913,0.6264658273948059
2.0643312206889863,1.4482707075390087,-1.6739166536442318,-0.36693416833821896,1.2415976131716964,0.11459759713245299,-0.7535216719949293,1.8926112277612344,0.5042409197833226,1.186027537156109,-0.6362327534445619
0.5365863014378657,-0.9191590555912804,0.9237822626401259,-0.7860949725437287,-0.3232163359074385,-0.7297083002634849,-0.31287662188316423,-0.9566968192490108,-0.6105577406524727,-0.9656063921432944,0.37392611122693176
-0.15089891222513888,-1.0967162878260521,0.0350957912796877,-0.8743393523764675,-0.6801037278026797,-0.05426358234673459,-0.5948894539546938,-1.6243453320395655,0.008774848478524704,-1.1673220730151137,1.2999050705091346
-0.8383841258881435,0.3829273141303786,-2.1524401382229295,-0.764033877585544,0.17093543748597267,0.3397458364380364,-0.47150883992339965,-1.0578556848233647,0.2565078841309237,0.9170732959936841,0.20556630044835
-0.4564478960753633,0.5604845463651504,-1.5371956580503183,-0.6316673078364355,0.17093543748597267,-1.1800047788746517,-1.687689178231871,-0.03277918033683244,1.1855067678274183,1.0515504165748963,0.6264658273948059
-0.8383841258881435,-0.44567310296522245,-0.44342769329900983,-0.7199116876691746,-0.43302784110597414,-1.1800047788746517,-0.08374119582504645,-0.5520613569517083,-0.92022403521797,0.042972012215801304,-1.3096719965588919
0.001875579699973319,-0.2089301266521936,0.9921427604370827,-0.01395664900726334,-0.46048071740560814,-1.5177271378330268,-1.4938053561826945,-1.3276126596882079,-1.1679570708703688,-0.024266548074805126,1.6366246920662995
0.46019905547530926,-0.9783447996695377,-0.03326470651726914,1.5744421879820367,-0.10359332551036686,0.9026164347019949,0.46265866631354213,1.1676393578118553,-1.0440905530441695,-0.024266548074805126,-1.3938519019481828
0.001875579699973319,0.9747847549129511,-0.5117881910959666,1.089098098901973,0.994521726474991,0.28345877661164054,1.4673293805683663,1.2013589796699609,1.12357350891432,-0.4276979098184437,-1.3096719965588919
-0.8383841258881435,-1.0375305437477949,0.7187007692492553,2.2142139417693936,-0.6526508515030457,-0.11055064217313045,0.18064583424201255,0.7764917442577726,-2.220822472393063,-0.4276979098184437,-0.8887724696124361
-0.30367340415025107,-1.0375305437477949,0.17181678687360138,-0.6757894977528051,-0.46048071740560814,0.45231995609082815,-0.048489591816105244,-1.529930390836878,0.07070810739162582,-0.5621750303996562,1.9733443136234645
0.2310373175876413,-0.5048588470434797,-0.44342769329900983,-0.7419727826273592,-0.515386470004876,-0.05426358234673459,0.26877484426436554,-0.47787818886386896,1.371306544566719,0.17744913279701416,-0.13115332110881506
0.30742456355019704,2.3064639966737386,-2.0157191426290155,-0.5654840229618815,0.39055844788304406,-1.123717719048256,-1.7581923862497535,0.28418526512941095,1.7429060980453146,1.186027537156109,0.9631854489519694
-0.3800606501128069,1.3890849634607514,-1.6055561558472748,-0.7199116876691746,1.104333231673527,-0.8422824199162766,-0.8592764840217528,0.4595272987915666,0.318441143044022,0.042972012215801304,-1.1413121857803101
-0.7619968799255871,-0.2681158707304509,-0.7852301822837936,0.33902087032369216,-0.3232163359074385,0.6774681953964116,0.9914327264476601,-0.04626702908008959,0.81390721434882,-0.5621750303996562,-0.13115332110881506
-0.6092223880004748,0.26455582597386434,-0.716869684486837,-0.8522782574182828,-0.43302784110597414,0.28345877661164054,0.39215545829565973,-0.771238899029431,-0.4866912228262732,-0.49493647010904973,-0.2995131318873983
-1.0675458637758115,-0.031372894417421755,-1.058672173471621,0.42726525015643113,-0.54283934630451,-0.22312476182592217,0.03963941820624775,0.12233108021047497,1.4332398034798173,-0.5621750303996562,-0.4678729426659801
-0.07451166626258313,1.4482707075390087,-2.0157191426290155,-0.6096062128782509,0.6925400871790177,-0.33569888147871385,-0.34812822589210546,0.9788094754064426,1.9906391336977136,-0.024266548074805126,-0.7204126588338543
-0.4564478960753633,1.2707134753042375,-1.1953931690655344,-0.5875451179200661,0.19838831378560665,-0.9548565395690684,-1.4938053561826945,-0.19126140306993542,1.1855067678274183,0.5808804945406519,0.9631854489519694
0.30742456355019704,2.010535276282453,-0.5801486888929233,-0.6096062128782509,1.4886734998684021,-0.5608471207842973,-0.5243862459368115,0.6281254080820937,-0.11509166934767477,0.5136419342500456,-1.057132280391018
-0.22728615818769465,-0.7416018233565087,0.7870612670462122,0.29489868040732287,-0.4055749648063402,0.2271717167852447,0.022013616201777154,-0.5419454703942842,-1.1060238119572705,-0.158743668656018,0.20556630044835
2.599041942426878,0.0869985937390925,1.9491897295944773,-0.6316673078364355,2.614241428153394,-1.2925788985274433,-1.687689178231871,1.3699570889605253,-1.1679570708703688,3.5393771473273326,-0.9729523750017269
0.8421352852880901,-0.3864873588869651,1.128863756030996,-0.6537284027946203,0.994521726474991,-1.3488659583538394,-1.7934439902586947,-0.15416981902603444,0.19457462521782254,0.5808804945406519,1.5524447866770086
0.3838118095127535,-0.6824160792782514,0.37689828026447153,-0.7199116876691746,-0.2957634596078045,-0.3919859413051097,-0.9474054940441059,0.8641627610888691,1.12357350891432,1.186027537156109,1.2999050705091346
-0.07451166626258313,-1.185494903943438,0.10345628907664453,-0.10220102884000232,-0.1859519544092686,0.17088465695884883,0.30402644827330677,-0.11370627279630043,0.318441143044022,-0.898367831852688,-0.8045925642231452
0.30742456355019704,2.188092508517224,-2.1524401382229295,-0.6537284027946203,0.30819981898414256,0.002023477479661268,-1.3880505441558708,0.26732545420035825,1.5571063213060168,0.7825961754124713,0.7106457327840968
-1.1439331097383671,-1.2446806480216952,-0.10162520431422599,-0.10220102884000232,-0.4055749648063402,-0.6171341806106931,-0.22474761186081124,0.021172214636158697,0.5042409197833226,-0.7638907112714755,-1.057132280391018
-0.22728615818769465,-0.6232303351999943,1.197224253827953,-0.8302171624600981,-0.6801037278026797,0.28345877661164054,0.6036650823493069,-0.4509024913773921,1.371306544566719,0.24468769308761984,0.12138639505905761
-0.07451166626258313,-0.031372894417421755,3.726562672315353,-0.8081560675019134,3.2182047067453405,0.3397458364380364,-0.25999921586975244,-0.558805281323337,-1.9111561778275659,-0.2259822289466244,-1.057132280391018
-0.6856096339630313,-0.6232303351999943,2.906236698751872,-0.8081560675019134,3.1632989541460725,-0.33569888147871385,-0.10136699782951705,-0.4509024913773921,0.2565078841309237,-0.9656063921432944,-0.552052848055271
6.342016994592124,1.7737922999694238,1.197224253827953,-0.1904454086727411,1.049427479074259,-1.123717719048256,-1.599560168209518,2.904199883504472,-1.9111561778275659,1.3877432180279283,0.45810601661622263
-0.3800606501128069,-0.6824160792782514,0.7187007692492553,1.3538312384001894,-0.26831058330817054,1.24033879366037,1.0090585284521307,1.026016946007805,1.928705874784615,1.3877432180279283,-0.13115332110881506
-0.15089891222513888,-1.1559020319043094,-0.10162520431422599,1.817114232522069,-0.21340483070890257,0.9026164347019949,0.11014262622413015,0.8439309879740209,-0.17702492826077312,-1.1673220730151137,-0.8887724696124361
-0.22728615818769465,0.3829273141303786,0.10345628907664453,-0.6316673078364355,0.6650872108793838,-0.4482730011315056,-1.3704247421514002,0.12233108021047497,1.12357350891432,1.4549817783185348,0.45810601661622263
-0.6856096339630313,-0.3864873588869651,-0.6485091866898801,0.9787926241110493,-0.46048071740560814,0.002023477479661268,-0.048489591816105244,-0.3902071720327724,-1.1060238119572705,-1.5035148744681455,0.20556630044835
0.3838118095127535,-0.2089301266521936,-0.375067195502053,0.6037540098219089,-0.7075566041023137,-0.3919859413051097,-0.41863143390998786,-0.04626702908008959,-0.6105577406524727,-0.2259822289466244,-0.13115332110881506
0.5365863014378657,1.1819348591868517,-1.7422771514411886,-0.23456759858911058,0.8298044686771873,-0.1668377019995263,-0.9297796920396353,0.6618450299402366,0.81390721434882,0.9170732959936841,0.12138639505905761
0.001875579699973319,0.027812849660835207,-0.44342769329900983,0.11840992074184492,-0.6801037278026797,-0.3919859413051097,0.11014262622413015,-0.40369502077602953,-1.8492229189144647,0.8498347357030777,-0.21533322649810593
0.3838118095127535,2.898321437456311,-2.1524401382229295,-0.5434229280036967,0.6650872108793838,-1.3488659583538394,-1.7581923862497535,0.9990412485213283,0.4423076608702215,-0.09150510836541155,-1.057132280391018
-1.2203203557009237,-0.5344517190826084,1.7441082362036069,1.2435257636092658,-0.021234696611464945,2.0283576312299125,1.0090585284521307,0.0346600633793784,0.13264136630472417,0.5136419342500456,-0.13115332110881506
-1.2967076016634793,0.826820394717308,-2.1524401382229295,-0.7860949725437287,0.22584119008524062,-1.2362918387010475,-0.18949600785187004,-0.1811455165125113,2.4861052050025116,-0.898367831852688,-0.7204126588338543
2.9809781722396584,0.027812849660835207,1.128863756030996,-0.43311745321277306,0.9121630975760892,-1.4051530181802352,-1.6348117722184592,1.3699570889605253,-0.36282470500007374,-0.024266548074805126,-0.04697341571952417
0.001875579699973319,-0.6232303351999943,-0.3067066977050961,1.397953428316559,-0.6251979752034118,0.5648940757436198,1.0619359344655426,1.0765963787949633,-0.17702492826077312,-0.6294135906902626,-1.3096719965588919
1.0712970231757575,-0.09055863849567904,0.17181678687360138,1.4861978081492981,0.06112393228743678,0.6774681953964116,2.225238866760602,1.4441402570483648,-0.36282470500007374,-0.09150510836541155,-0.4678729426659801
-0.4564478960753633,0.027812849660835207,0.24017728467055785,0.2066543005745839,0.17093543748597267,0.05831053730605713,0.6389166863582482,0.2808133029435779,-0.7963575173917705,-0.4276979098184437,-0.9729523750017269
0.6129735474004214,0.4421130582086359,0.0350957912796877,-0.5654840229618815,0.6376343345797498,-0.22312476182592217,0.14539423023307135,1.1710113199976508,-0.05315841043457366,3.606615707617939,-0.7204126588338543
-0.30367340415025107,-0.5048588470434797,-0.6485091866898801,0.5816929148637242,-0.26831058330817054,1.5217740927923493,1.6964648066264842,0.4595272987915666,-0.7963575173917705,-0.4276979098184437,-1.3096719965588919
-0.22728615818769465,-0.2089301266521936,0.0350957912796877,-0.8522782574182828,-0.8997267381997514,-0.5608471207842973,0.9209295184297778,-0.8285622561882178,-1.1060238119572705,0.042972012215801304,-0.6362327534445619
0.07826282566252908,0.11659146577822113,1.197224253827953,-0.5654840229618815,0.8572573449768213,0.508607015917224,-0.13661860183845825,0.695564651798342,0.81390721434882,1.656697459190354,0.37392611122693176
0.30742456355019704,-0.9191590555912804,0.4452587780614284,1.221464668651081,0.08857680858707076,1.0151905543547868,1.0619359344655426,0.5606861643658829,-0.6105577406524727,-1.0328449524339007,-0.04697341571952417
-0.6092223880004748,-0.3273016148087082,0.855421764843169,-0.32281197842184944,3.8496208616369216,2.534941169667475,1.2205681525057779,-0.11370627279630043,-1.3537568476096695,-1.0328449524339007,-1.225492091169601
0.765748039325533,-0.7416018233565087,0.3085377824675147,0.3831430602400617,-0.6251979752034118,-1.011143599395464,-0.41863143390998786,-0.04626702908008959,-1.3537568476096695,-1.0328449524339007,-0.04697341571952417
-0.30367340415025107,-0.9191590555912804,0.10345628907664453,-0.03601774396544798,-0.26831058330817054,0.6774681953964116,0.28640064626883616,-0.5756650922523896,-0.672490999565571,0.17744913279701416,0.37392611122693176
0.6129735474004214,-0.8599733115130231,-0.10162520431422599,0.669937294696463,-0.54283934630451,0.6774681953964116,0.28640064626883616,-0.25195672241455513,-0.7963575173917705,0.9170732959936841,1.0473653543412618
-0.07451166626258313,-0.14974438257393632,0.581979773655342,-0.7860949725437287,-0.6251979752034118,-0.9548565395690684,-0.5243862459368115,-0.04626702908008959,1.1855067678274183,0.44640337395943913,-0.13115332110881506
-0.07451166626258313,-0.3273016148087082,1.197224253827953,-0.8522782574182828,-0.7075566041023137,0.11459759713245299,-0.25999921586975244,-1.7659677438436534,-0.9821572941310711,-1.3690377538869325,1.3840849758984255
-0.30367340415025107,-0.7416018233565087,-0.16998570211118283,0.846426054361941,-0.2957634596078045,2.928950588452246,1.308697162528131,0.3246488113591449,0.4423076608702215,-0.6294135906902626,-0.21533322649810593
4.050399615715443,1.5074564516172662,1.197224253827953,-0.16838431371455645,1.1866918605724288,-1.4051530181802352,-1.7581923862497535,2.1792280135550928,0.13264136630472417,1.3877432180279283,1.1315452597305526
-0.7619968799255871,0.027812849660835207,-0.7852301822837936,2.876046790514936,0.3356526952837765,0.17088465695884883,0.779923102394013,1.5318112738794238,-0.4866912228262732,-0.2259822289466244,-1.4780318073374736
-1.0675458637758115,-0.5048588470434797,-0.9219511778777073,-0.8522782574182828,-0.7075566041023137,0.5648940757436198,0.0043878141973065525,-1.260173415971997,1.1855067678274183,-0.898367831852688,0.37392611122693176
-0.22728615818769465,-1.2150877759825665,-0.16998570211118283,1.0670370039437882,-0.021234696611464945,0.002023477479661268,-0.40100563190551725,0.19651424829831438,-0.23895818717387424,-1.3690377538869325,-0.552052848055271
-0.4564478960753633,-0.6232303351999943,-0.10162520431422599,1.3758923333583744,-0.8448209856004835,-1.06743065922186,-0.6477668599681057,-0.24521279804292656,-0.6105577406524727,0.11021057250640773,1.8891644082341736
-0.22728615818769465,1.2707134753042375,-1.9473586448320592,-0.7860949725437287,0.8023515923775533,0.3397458364380364,-1.1941667221066943,0.2302338701564198,1.866772615871514,0.24468769308761984,0.037206489669766724
0.8421352852880901,-1.2150877759825665,-0.375067195502053,-0.7860949725437287,-0.21340483070890257,1.4654870329659535,1.3263229645326016,0.021172214636158697,-0.11509166934767477,0.5808804945406519,-0.8887724696124361
-0.07451166626258313,0.027812849660835207,-0.16998570211118283,-0.5654840229618815,1.076880355373893,-0.5608471207842973,-1.0707861080754,0.5606861643658829,1.1855067678274183,0.7825961754124713,0.37392611122693176
-0.4564478960753633,-0.3864873588869651,-0.2383461999081393,0.758181674529202,-0.13104620181000085,1.4091999731395577,1.7140906086309549,0.5606861643658829,-0.8582907763048716,0.11021057250640773,-1.3938519019481828
1.9879439747264307,-0.2681158707304509,0.5136192758583852,-0.7419727826273592,0.1434825611863387,-1.5177271378330268,-1.8463213962721066,0.08861145835236954,-0.5486244817393715,0.24468769308761984,0.7948256381733877
-0.6856096339630313,-0.8599733115130231,-0.375067195502053,-0.764033877585544,-0.8173681093008495,0.3397458364380364,0.48028446831801275,-0.6262445250395478,1.866772615871514,0.17744913279701416,0.20556630044835
-0.07451166626258313,-0.3864873588869651,1.197224253827953,0.3169597753655075,-0.43302784110597414,-0.11055064217313045,-0.048489591816105244,-0.6532202225260246,1.12357350891432,0.31192625337822627,1.3840849758984255
-0.6856096339630313,-0.9783447996695377,-0.6485091866898801,-0.7860949725437287,-0.3781220885067064,0.8463293748755991,0.7270456963806011,-0.727403390613864,-0.23895818717387424,-0.36045934952783726,-0.2995131318873983
2.0643312206889863,0.8564132667564366,-0.5801486888929233,-0.5875451179200661,0.8298044686771873,-0.6171341806106931,0.022013616201777154,0.08861145835236954,-2.8401550615240603,-0.6294135906902626,-0.9729523750017269
-1.5258693395511473,1.5074564516172662,-1.6739166536442318,0.42726525015643113,-0.3506692122070724,0.17088465695884883,0.5860392803448363,-0.04626702908008959,0.628107437609522,0.31192625337822627,-0.7204126588338543
0.07826282566252908,2.27687112463461,-0.5117881910959666,-0.6978505927109898,1.4063148709695004,-0.6734212404370891,-0.20712180985634066,0.7292842736564474,0.19457462521782254,0.3791648136688327,-1.057132280391018
-0.6092223880004748,-0.564044591121737,0.0350957912796877,0.09634882578366027,-0.21340483070890257,0.6211811355700156,1.0971875384744838,0.15605070206858038,-0.23895818717387424,0.9843118562842905,-1.1413121857803101
-0.532835142037919,3.164657285808469,-1.9473586448320592,0.11840992074184492,0.6101814582801158,-0.3919859413051097,-1.1765409201022237,0.39883197944698434,2.1764389104370143,-0.2259822289466244,0.5422859220055135
0.30742456355019704,1.2115277312259802,-0.716869684486837,-0.6316673078364355,0.39055844788304406,-1.2925788985274433,-1.5114311581871651,0.6281254080820937,0.318441143044022,0.11021057250640773,-0.7204126588338543
0.5365863014378657,-0.3864873588869651,0.6503402714522984,-0.6757894977528051,-0.3506692122070724,1.1277646740075784,0.6741682903671894,-0.38346324766118123,1.371306544566719,-0.29322078923723083,0.12138639505905761
-0.6856096339630313,1.2115277312259802,0.9237822626401259,1.7509309476475146,-0.26831058330817054,0.17088465695884883,1.2029423505013073,0.9653216266631854,-0.17702492826077312,-0.49493647010904973,-1.1413121857803101
-1.0675458637758115,-0.6232303351999943,0.855421764843169,-0.3448730733800342,-0.7624623567015816,-1.4051530181802352,-0.08374119582504645,-1.09157530668147,1.866772615871514,-0.6966521509808691,0.9631854489519694
1.9879439747264307,0.5604845463651504,1.0605032582340392,-0.5654840229618815,0.17093543748597267,-1.1800047788746517,-1.5114311581871651,1.2013589796699609,0.07070810739162582,0.7825961754124713,0.20556630044835
0.5365863014378657,-0.09055863849567904,-0.375067195502053,-0.8522782574182828,-0.3506692122070724,-0.3919859413051097,-0.18949600785187004,-0.4509024913773921,-0.23895818717387424,0.042972012215801304,-0.04697341571952417
-0.22728615818769465,0.9747847549129511,-0.5801486888929233,-0.6757894977528051,0.41801132418267806,-0.9548565395690684,-1.6171859702139886,-0.05301095345168072,1.0616402500012188,2.060128820933992,0.5422859220055135
-0.30367340415025107,-0.09055863849567904,-0.10162520431422599,-0.6537284027946203,-0.26831058330817054,0.28345877661164054,0.5860392803448363,-2.0020050968503913,0.07070810739162582,0.17744913279701416,2.3942438405699207
0.3838118095127535,3.9044790867866834,-1.1270326712685776,-0.6537284027946203,1.2415976131716964,-1.06743065922186,-1.4409279501692827,0.5067347693929292,0.008774848478524704,-0.36045934952783726,-0.4678729426659801
0.07826282566252908,-0.44567310296522245,0.5136192758583852,0.361081965281877,0.19838831378560665,-0.11055064217313045,1.308697162528131,0.4258076769334612,0.38037440195712313,-1.570753434758752,-0.7204126588338543
1.6060077449136505,0.0869985937390925,0.5136192758583852,-0.7860949725437287,0.6376343345797498,0.6211811355700156,-1.0355345040664587,0.6685889543118277,1.4951730623929185,1.3205046577373218,0.2897462058376409
-0.6092223880004748,-0.9783447996695377,0.24017728467055785,-0.8964004473346523,-0.3232163359074385,0.508607015917224,-0.10136699782951705,-1.1590145503976808,0.5042409197833226,-1.2345606333057202,0.2897462058376409
0.1546500716250855,-0.2681158707304509,0.0350957912796877,-0.7419727826273592,-0.7350094804019477,-0.3919859413051097,0.25114904225989493,-0.5520613569517083,-0.36282470500007374,0.8498347357030777,0.2897462058376409
-0.4564478960753633,0.3829273141303786,-1.058672173471621,-0.8081560675019134,-0.54283934630451,-0.11055064217313045,0.8151747064029542,-0.966812705806435,-1.7253564010882652,-0.5621750303996562,0.037206489669766724
-0.4564478960753633,-0.14974438257393632,-0.375067195502053,0.5816929148637242,-0.07614044921073289,1.4654870329659535,1.6788390046220136,0.5269665425077775,-0.36282470500007374,-0.5621750303996562,-1.4780318073374736
0.3838118095127535,3.4901788782388836,0.7870612670462122,-0.6316673078364355,1.5710321287673041,-0.4482730011315056,0.0043878141973065525,0.8304431392307637,0.13264136630472417,1.3205046577373218,-1.1413121857803101
0.2310373175876413,1.2115277312259802,-0.5117881910959666,-0.6757894977528051,0.5827285819804818,-1.123717719048256,-1.5114311581871651,1.2687982233861717,1.371306544566719,1.656697459190354,-0.8887724696124361
0.001875579699973319,1.3890849634607514,1.539026742812737,-0.6537284027946203,1.5710321287673041,-1.5177271378330268,-1.8463213962721066,0.894510420761179,0.628107437609522,0.24468769308761984,-0.21533322649810593
-0.8383841258881435,-0.564044591121737,-0.10162520431422599,-0.8522782574182828,-0.570292222604144,0.6774681953964116,-0.11899279983398765,-1.1927341722557863,0.6900406965226205,0.17744913279701416,0.20556630044835
-1.5258693395511473,0.5604845463651504,-1.8789981470351023,-0.8081560675019134,-0.570292222604144,0.7337552552228074,0.09251682421965955,-1.732248121985548,0.81390721434882,-1.3690377538869325,1.2999050705091346
-0.30367340415025107,1.4482707075390087,-1.4688351602533614,-0.7419727826273592,0.17093543748597267,0.2271717167852447,-1.0707861080754,0.4258076769334612,1.12357350891432,0.9170732959936841,-0.7204126588338543
0.2310373175876413,-0.5048588470434797,1.8808292317975204,1.4861978081492981,-0.2957634596078045,1.5780611526187454,0.8856779144208365,1.214846828413218,-0.36282470500007374,-0.49493647010904973,-1.3938519019481828
-0.3800606501128069,0.14618433781734977,0.6503402714522984,0.27283758544913805,0.11602968488670473,-0.4482730011315056,0.6212908843537776,0.25720956764289665,-0.42475796391317205,-0.4276979098184437,-0.8045925642231452
0.46019905547530926,0.5012988022868932,2.6327947075640448,-0.6978505927109898,11.179538833639187,-0.4482730011315056,-0.8240248800128116,0.9653216266631854,-0.6105577406524727,5.018625473720673,-0.9729523750017269
0.8421352852880901,1.6554208118129092,-0.7852301822837936,-0.7860949725437287,0.6376343345797498,-0.1668377019995263,0.09251682421965955,0.8978823829469745,-0.42475796391317205,3.942808509070971,-1.225492091169601
-0.7619968799255871,1.3298992193824941,-1.4688351602533614,-0.6537284027946203,-0.24085770700853654,-1.461440078006631,-1.8110697922631653,-0.0192913315935753,1.3093732856536178,1.5222203386091413,0.20556630044835
-0.3800606501128069,-0.5048588470434797,-0.16998570211118283,0.1625321106582144,-0.8722738619001174,-0.22312476182592217,-0.7006442659815174,-0.5520613569517083,0.318441143044022,-0.024266548074805126,0.37392611122693176
-0.07451166626258313,1.4482707075390087,-2.1524401382229295,-0.6316673078364355,0.5827285819804818,-0.22312476182592217,-1.2294183261156355,0.2302338701564198,1.1855067678274183,0.9843118562842905,0.20556630044835
0.07826282566252908,-0.14974438257393632,0.24017728467055785,-0.8081560675019134,-0.1859519544092686,-1.2362918387010475,0.8680521124163659,-0.7071716174990158,0.07070810739162582,-0.7638907112714755,0.12138639505905761
-0.532835142037919,-0.8599733115130231,-0.03326470651726914,-0.6537284027946203,-0.6526508515030457,0.11459759713245299,-0.33050242388763484,-1.7204462543352073,-1.6634231421751668,0.5136419342500456,1.2157251651198437
0.001875579699973319,-0.44567310296522245,0.37689828026447153,0.07428773082547563,-0.8448209856004835,-0.1668377019995263,0.0043878141973065525,-0.9432089705057911,-0.6105577406524727,2.060128820933992,1.8049845028448814
-0.22728615818769465,-0.9191590555912804,-0.03326470651726914,3.12974938253406,-0.3781220885067064,0.45231995609082815,0.9385553204342484,1.6869215344267312,-1.8492229189144647,-0.09150510836541155,-1.225492091169601
-0.4564478960753633,-1.0375305437477949,-0.2383461999081393,-0.8743393523764675,-0.6251979752034118,1.4091999731395577,-0.10136699782951705,-1.7356200841713434,-1.4156901065227678,-0.09150510836541155,1.1315452597305526
0.5365863014378657,0.678856034521665,0.581979773655342,1.1111591938601575,3.0534874489475374,-0.6171341806106931,1.2381939545102485,1.106944038467273,-1.0440905530441695,0.5808804945406519,-0.8887724696124361
-1.2203203557009237,1.5370493236563947,-1.8106376492381455,-0.5875451179200661,0.445464200482312,-0.6171341806106931,-1.564308564200577,-0.6599641468976531,2.0525723926108146,0.11021057250640773,1.9733443136234645
-0.7619968799255871,0.6196702904434077,-0.375067195502053,-0.1463232187563716,0.17093543748597267,1.8594964517507246,1.6259615986086018,-0.1811455165125113,0.2565078841309237,-0.09150510836541155,-0.6362327534445619
-0.3800606501128069,1.152341987147723,-1.2637536668624911,-0.6757894977528051,0.5278228293812139,-0.8422824199162766,-1.3704247421514002,0.9316020048050799,2.362238687176312,0.7153576151218648,-0.6362327534445619
0.001875579699973319,-0.14974438257393632,-0.10162520431422599,0.7030289371337402,-1.009538243398287,-0.8985694797426724,-0.17187020584739945,-0.3092800795733418,-1.4776233654358661,-0.6294135906902626,0.7106457327840968
1.3768460070259818,0.0869985937390925,1.4023057472188234,-0.6537284027946203,1.4886734998684021,-1.4051530181802352,-1.828695594267636,0.3853441307037272,0.5042409197833226,0.5808804945406519,0.6264658273948059
0.1546500716250855,-0.3273016148087082,-0.16998570211118283,-0.764033877585544,-0.3232163359074385,1.296625853486766,1.1676907464923663,-0.31602400394493296,0.6900406965226205,0.9843118562842905,-0.04697341571952417
-0.9147713718506992,-0.09055863849567904,-0.3067066977050961,-0.9405226372510218,3.520186346041314,-1.011143599395464,1.308697162528131,-0.720659466242273,-0.672490999565571,0.5808804945406519,-0.9729523750017269
-1.2203203557009237,-0.6824160792782514,-0.16998570211118283,-0.43311745321277306,-0.9271796144993852,-0.6171341806106931,-0.4362572359144585,-1.300636962201731,0.13264136630472417,-0.158743668656018,0.5422859220055135
-0.30367340415025107,-0.44567310296522245,0.24017728467055785,0.6037540098219089,-0.24085770700853654,2.591228229493871,1.4673293805683663,0.4595272987915666,0.07070810739162582,-0.6966521509808691,-0.8887724696124361
-0.8383841258881435,-0.14974438257393632,0.37689828026447153,-0.7199116876691746,-0.15849907810963482,-0.9548565395690684,1.520206786581778,-0.012547407221946727,1.619039580219118,-0.6294135906902626,-0.04697341571952417
1.5296204989510933,-0.6824160792782514,-0.10162520431422599,-0.8743393523764675,-0.7075566041023137,0.5648940757436198,-0.25999921586975244,-0.5520613569517083,-1.7872896600013664,-1.570753434758752,-0.13115332110881506
-0.22728615818769465,-0.14974438257393632,-0.9903116756746639,0.5596318199055395,-0.4055749648063402,2.1972188107090997,1.8550970246667196,0.4595272987915666,-0.6105577406524727,-0.898367831852688,-1.3938519019481828
-0.6092223880004748,1.6258279397737807,-1.3321141646594479,-0.08013993388181748,0.08857680858707076,0.17088465695884883,1.4497035785638959,0.3448805844739932,-0.05315841043457366,-0.36045934952783726,-1.3938519019481828
-0.6092223880004748,0.14618433781734977,-0.8535906800807505,-0.3448730733800342,0.30819981898414256,-0.6734212404370891,-0.22474761186081124,-0.38346324766118123,-1.22989032978347,-1.0328449524339007,-1.3096719965588919
0.1546500716250855,-0.9191590555912804,0.7187007692492553,0.29489868040732287,0.28074694268450856,0.508607015917224,1.7317164106354255,0.4258076769334612,0.4423076608702215,-1.3690377538869325,-0.8045925642231452
-1.0675458637758115,1.5074564516172662,-2.1524401382229295,-0.8302171624600981,-0.3506692122070724,2.3660799901882874,1.4673293805683663,-0.848794029303066,2.0525723926108146,-0.6966521509808691,0.2897462058376409
1.758782236838762,0.14618433781734977,1.4023057472188234,-0.6757894977528051,0.8572573449768213,-1.011143599395464,-1.1060377120843412,0.5370824290652016,0.38037440195712313,0.31192625337822627,0.45810601661622263
0.30742456355019704,-0.2089301266521936,1.197224253827953,-0.2455981460682029,-0.3506692122070724,-0.1668377019995263,0.30402644827330677,-1.1252949285395755,-0.92022403521797,0.9170732959936841,1.8891644082341736
-0.7619968799255871,0.678856034521665,-0.44342769329900983,-0.1463232187563716,0.2532940663848746,1.8032093919243288,1.6435874006130724,-0.2148651383706167,0.13264136630472417,-0.09150510836541155,-0.6362327534445619
0.2310373175876413,-0.800787567434766,0.0350957912796877,-0.05807883892363283,-0.021234696611464945,0.508607015917224,-0.013237987807164047,-0.20474925181319256,-0.7344242584786721,-0.09150510836541155,-0.2995131318873983
-0.07451166626258313,0.5012988022868932,0.7187007692492553,0.09634882578366027,0.3631055715834105,-0.05426358234673459,0.26877484426436554,0.9316020048050799,1.1855067678274183,1.2532660974467156,-0.04697341571952417
1.2240715151008703,-0.6232303351999943,0.24017728467055785,-0.7419727826273592,-0.04868757291109892,-0.9548565395690684,-1.5290569601916357,-0.20137728962735957,-0.5486244817393715,0.3791648136688327,0.6264658273948059
-1.3730948476260352,0.6196702904434077,-0.3067066977050961,0.29489868040732287,-0.6526508515030457,-0.5608471207842973,-0.20712180985634066,-1.7187602732422909,-0.05315841043457366,-1.7724691156305707,2.3942438405699207
-0.9147713718506992,-0.6232303351999943,0.6503402714522984,-0.8302171624600981,-0.570292222604144,0.6774681953964116,0.07489102221518895,-1.4692350714922957,-1.1679570708703688,0.7153576151218648,1.0052754016466157
0.30742456355019704,-0.8599733115130231,-0.03326470651726914,-0.8081560675019134,-0.26831058330817054,0.6211811355700156,0.49791027032248336,-0.38346324766118123,1.2474400267405195,-0.024266548074805126,-0.3836930372766892
0.07826282566252908,-0.6824160792782514,0.17181678687360138,0.93467043419468,-0.13104620181000085,-0.6171341806106931,-0.48913464192787026,0.4055759038185755,-1.1679570708703688,0.17744913279701416,-0.4678729426659801
0.8421352852880901,1.3890849634607514,-1.2637536668624911,-0.4772396431291426,1.076880355373893,-0.8985694797426724,-0.8945280880306941,1.3025178452442772,-0.36282470500007374,0.5808804945406519,-1.225492091169601
1.9879439747264307,5.2953440726257295,0.17181678687360138,-0.6757894977528051,0.6101814582801158,0.11459759713245299,0.6565424883627188,1.1676393578118553,-0.4866912228262732,-0.024266548074805126,-0.8887724696124361
-0.8383841258881435,-0.14974438257393632,-0.44342769329900983,-0.7419727826273592,-0.6251979752034118,0.3960328962644323,0.39215545829565973,-0.8555379536746947,1.4951730623929185,-0.2259822289466244,0.20556630044835
-0.22728615818769465,-0.3864873588869651,-0.10162520431422599,-0.764033877585544,-0.26831058330817054,0.9026164347019949,0.32165225027777733,-0.9229771973909054,0.7519739554357215,-1.0328449524339007,0.45810601661622263
0.765748039325533,0.20537008189560707,0.0350957912796877,-0.5654840229618815,0.6376343345797498,-0.33569888147871385,-0.7535216719949293,0.5741740131091401,0.2565078841309237,2.127367381224598,0.37392611122693176
0.07826282566252908,-0.09055863849567904,0.581979773655342,0.394173607719154,-0.515386470004876,0.11459759713245299,0.42740706230460096,-0.8555379536746947,-1.22989032978347,-1.570753434758752,1.1315452597305526
0.3838118095127535,-0.5048588470434797,1.3339452494218664,-0.5434229280036967,-0.3232163359074385,-0.22312476182592217,0.7975489043984836,-1.1050631554246897,-1.4156901065227678,-0.2259822289466244,0.5422859220055135
0.6129735474004214,-0.44567310296522245,-0.5117881910959666,-0.8522782574182828,-0.3506692122070724,-0.5608471207842973,-0.20712180985634066,-0.5520613569517083,0.318441143044022,-0.7638907112714755,0.2897462058376409
0.001875579699973319,1.3890849634607514,-1.9473586448320592,-0.6096062128782509,0.5552757056808479,-1.2925788985274433,-1.5114311581871651,0.3853441307037272,0.7519739554357215,-0.09150510836541155,-0.4678729426659801
0.07826282566252908,2.040128148321581,0.0350957912796877,-0.6316673078364355,0.3356526952837765,0.28345877661164054,-0.17187020584739945,0.6011497105956168,0.628107437609522,-0.158743668656018,-0.8887724696124361
1.2240715151008703,-0.6232303351999943,-0.5801486888929233,1.1552813837765272,-0.6801037278026797,-1.011143599395464,-0.29525081987869367,0.3954600172611514,-0.6105577406524727,-0.898367831852688,0.12138639505905761
-1.1439331097383671,-0.09055863849567904,0.0350957912796877,-0.8081560675019134,-0.3781220885067064,-0.11055064217313045,-0.3657540278965761,-1.6310892564111943,0.5042409197833226,-0.2259822289466244,1.4682648812877177
0.1546500716250855,1.7146065558911665,-1.4688351602533614,-0.5875451179200661,0.6376343345797498,-0.7859953600898807,-1.423302148164812,0.9518337779199657,2.1764389104370143,1.0515504165748963,0.20556630044835
-1.2203203557009237,-0.9783447996695377,-0.3067066977050961,-0.7419727826273592,-0.7350094804019477,0.05831053730605713,-0.18949600785187004,-1.8941023069044465,0.7519739554357215,-1.1000835127245072,1.9733443136234645
-0.9147713718506992,0.3829273141303786,-0.716869684486837,-0.6978505927109898,-0.1859519544092686,-0.05426358234673459,0.14539423023307135,-0.5857809788098138,1.1855067678274183,-0.09150510836541155,-0.04697341571952417
0.8421352852880901,-0.5048588470434797,0.37689828026447153,-0.8081560675019134,0.5278228293812139,-1.2362918387010475,-1.599560168209518,0.9653216266631854,0.19457462521782254,1.1187889768655026,-0.8045925642231452
0.5365863014378657,-0.3273016148087082,0.3085377824675147,1.3317701434420048,-0.6526508515030457,0.7337552552228074,1.661213202617543,0.7967235173726583,-0.5486244817393715,-0.49493647010904973,-0.21533322649810593
-0.532835142037919,-0.3864873588869651,-0.16998570211118283,-0.521361833045512,-0.515386470004876,-0.22312476182592217,-0.11899279983398765,-1.1252949285395755,0.566174178696421,-0.8311292715620819,0.8790055435626786
-0.8383841258881435,1.9809424042433244,1.4023057472188234,-0.8081560675019134,-0.54283934630451,0.11459759713245299,0.16302003223754197,-1.4557472227490384,0.07070810739162582,-0.5621750303996562,1.2157251651198437
1.1476842691383131,2.9279143094954394,-2.1524401382229295,-0.8081560675019134,0.22584119008524062,-0.33569888147871385,-1.423302148164812,0.29092918950100205,0.2565078841309237,0.11021057250640773,-0.7204126588338543
-0.4564478960753633,-0.2089301266521936,1.197224253827953,0.5816929148637242,-0.1859519544092686,1.24033879366037,1.8727228266711902,0.6281254080820937,-0.672490999565571,-0.5621750303996562,-1.4780318073374736
-0.3800606501128069,1.152341987147723,-0.3067066977050961,0.4493263451146158,-0.21340483070890257,-1.2362918387010475,1.132439142483425,0.16279462644020895,-0.42475796391317205,-1.0328449524339007,-0.9729523750017269
-0.991158617813255,-0.14974438257393632,0.10345628907664453,-0.6537284027946203,-0.8173681093008495,0.28345877661164054,0.42740706230460096,-1.7153883110564578,0.875840473261921,-0.7638907112714755,1.8049845028448814
1.300458761063426,-0.7416018233565087,1.128863756030996,-0.7199116876691746,0.5552757056808479,-0.05426358234673459,-0.9474054940441059,0.7630038955145528,0.9997069910881204,-0.024266548074805126,-0.9729523750017269
0.07826282566252908,-0.5048588470434797,0.10345628907664453,1.4861978081492981,0.006218179688169026,1.0151905543547868,0.23352324025542434,0.8068394039300825,-0.7963575173917705,0.11021057250640773,-0.4678729426659801
-0.30367340415025107,1.921756660165067,-2.1524401382229295,-0.6978505927109898,0.6376343345797498,-0.4482730011315056,-1.3175473361379884,0.8338151014165592,1.0616402500012188,1.3877432180279283,-0.7204126588338543
2.9045909262771024,-0.2681158707304509,1.8124687340005636,-0.6537284027946203,-0.07614044921073289,-1.2925788985274433,-1.6700633762274004,1.1676393578118553,0.5042409197833226,2.3290830620964176,-0.04697341571952417
-0.15089891222513888,-0.3864873588869651,0.10345628907664453,2.10390846697847,-0.3781220885067064,0.9589034945283909,0.956181122438719,1.6397140638253687,0.6900406965226205,0.9170732959936841,-1.4780318073374736
0.5365863014378657,-0.09055863849567904,-0.5801486888929233,-0.7419727826273592,0.5552757056808479,-0.6734212404370891,-1.211792524111165,0.5775459752949356,0.38037440195712313,0.7825961754124713,-1.057132280391018
0.5365863014378657,0.5604845463651504,0.37689828026447153,0.17356265813730673,-0.6526508515030457,-0.1668377019995263,-0.3657540278965761,-0.8555379536746947,-0.42475796391317205,0.042972012215801304,1.7208045974555906
0.5365863014378657,-0.9783447996695377,0.10345628907664453,-0.8522782574182828,-0.6526508515030457,-0.5608471207842973,-0.7358958699904586,-0.7880987099584837,-0.672490999565571,-1.0328449524339007,-0.04697341571952417
-0.532835142037919,1.0339704989912084,-0.9903116756746639,-0.8081560675019134,-0.26831058330817054,-1.4051530181802352,-1.5466827621961063,-0.4509024913773921,0.19457462521782254,-1.436276314177539,-0.4678729426659801
-0.22728615818769465,-1.2150877759825665,0.4452587780614284,-0.8964004473346523,-0.43302784110597414,-0.4482730011315056,-0.5772636519502232,-1.3849360168469946,-1.22989032978347,0.042972012215801304,0.7106457327840968
-0.3800606501128069,-0.8599733115130231,0.7187007692492553,1.9715418972293621,-0.515386470004876,2.985237648278642,0.8151747064029542,1.4036767108186308,-0.42475796391317205,-0.2259822289466244,-0.9729523750017269
0.3838118095127535,2.040128148321581,-0.6485091866898801,-0.6978505927109898,0.7474458397782857,-0.6734212404370891,-0.34812822589210546,0.5269665425077775,0.5042409197833226,-0.36045934952783726,-0.8887724696124361
-1.0675458637758115,-1.0375305437477949,0.3085377824675147,-0.8302171624600981,-0.570292222604144,-1.06743065922186,-0.7711474739993999,-0.848794029303066,1.2474400267405195,0.9843118562842905,-0.13115332110881506
-0.4564478960753633,-0.800787567434766,0.4452587780614284,-0.6316673078364355,-0.8448209856004835,0.5648940757436198,-0.17187020584739945,-1.0578556848233647,0.13264136630472417,-0.898367831852688,0.45810601661622263
4.050399615715443,0.678856034521665,2.154271222985348,-0.6757894977528051,0.39055844788304406,-1.3488659583538394,-1.7405665842452829,1.4373963326767363,-1.4776233654358661,2.261844501805811,-0.2995131318873983
-0.6092223880004748,0.14618433781734977,0.37689828026447153,-0.04704829144454051,-0.43302784110597414,0.5367505458304219,1.811032519655543,-0.07324272656656644,-0.7963575173917705,-0.2259822289466244,-0.6362327534445619
1.6060077449136505,0.3829273141303786,0.5136192758583852,-0.6316673078364355,0.19838831378560665,-1.011143599395464,-1.4585537521737533,1.3025178452442772,0.19457462521782254,0.7825961754124713,-0.2995131318873983
-1.4494820935885917,-0.4160802309260938,-0.5117881910959666,0.5155096299891702,-0.515386470004876,-0.11055064217313045,0.0043878141973065525,-0.47450622667807335,0.9377737321750194,-0.158743668656018,0.37392611122693176
0.765748039325533,-0.6824160792782514,-0.16998570211118283,-0.7199116876691746,-0.26831058330817054,0.9589034945283909,1.2910713605236603,-0.4171828695192867,-0.6105577406524727,-0.2259822289466244,-0.2995131318873983
0.1546500716250855,-0.2089301266521936,2.906236698751872,1.2435257636092658,-0.4879335937052421,1.1840517338339742,0.5860392803448363,1.066480492237539,-1.2918235886965683,-0.6966521509808691,-1.562211712726766
0.1546500716250855,1.6258279397737807,-1.8106376492381455,-0.6978505927109898,0.30819981898414256,-0.33569888147871385,-1.2646699301245767,0.5269665425077775,1.1855067678274183,0.24468769308761984,0.7948256381733877
0.3838118095127535,-0.6232303351999943,-0.16998570211118283,2.2583361316857635,-0.3506692122070724,0.508607015917224,1.4144519745549546,1.2350786015280661,-1.0440905530441695,-0.4276979098184437,-0.8045925642231452
-1.831418323401372,-1.0375305437477949,-0.2383461999081393,-0.4772396431291426,-0.7350094804019477,-0.4482730011315056,-0.048489591816105244,-1.4624911471206672,0.9377737321750194,-1.3017991935963262,0.6264658273948059
-0.6092223880004748,-1.0375305437477949,0.17181678687360138,-0.7860949725437287,0.9396159738757232,0.6774681953964116,0.3745296562911892,-0.2485847602287221,0.13264136630472417,-0.29322078923723083,-0.8045925642231452
-0.7619968799255871,-0.8599733115130231,-0.375067195502053,-0.7419727826273592,0.994521726474991,0.5648940757436198,0.8328005084074248,-0.720659466242273,1.3093732856536178,0.8498347357030777,0.37392611122693176
-0.3800606501128069,-0.7416018233565087,-0.6485091866898801,-0.8522782574182828,-0.515386470004876,-1.4051530181802352,0.18064583424201255,-1.1994780966274148,-0.7963575173917705,-1.1000835127245072,0.5422859220055135
0.001875579699973319,-0.09055863849567904,-0.2383461999081393,-0.8081560675019134,-0.6251979752034118,-0.22312476182592217,-0.08374119582504645,-0.7004276931273872,0.318441143044022,0.24468769308761984,0.037206489669766724
-1.6786438314762595,3.9932577029040703,-1.8789981470351023,-0.8081560675019134,-0.3232163359074385,0.6211811355700156,-0.5067604439323409,-0.2485847602287221,3.2293043119597082,-0.36045934952783726,-0.04697341571952417
1.300458761063426,0.9155990108346939,-0.716869684486837,-0.6316673078364355,0.8572573449768213,-0.5045600609579014,-1.3175473361379884,0.8034674417442869,0.628107437609522,1.9928902606433856,0.45810601661622263
-1.0675458637758115,-0.6824160792782514,-0.03326470651726914,-0.3448730733800342,-0.3506692122070724,0.28345877661164054,0.779923102394013,-1.5366743152085065,-0.23895818717387424,-1.1000835127245072,1.2999050705091346
-0.6092223880004748,-0.09055863849567904,-0.03326470651726914,0.09634882578366027,-0.24085770700853654,0.6774681953964116,1.044310132461072,0.1897703239266858,-0.23895818717387424,0.8498347357030777,-1.057132280391018
-0.3800606501128069,0.3829273141303786,0.7870612670462122,-0.49930073808732733,0.5278228293812139,-0.4482730011315056,-1.0531603060709294,0.39883197944698434,1.1855067678274183,4.211762750233396,0.037206489669766724
-0.30367340415025107,0.738041778599922,-1.6055561558472748,-0.6316673078364355,0.19838831378560665,-0.6734212404370891,-1.335173138142459,0.3347646979165691,0.4423076608702215,0.7825961754124713,-0.8045925642231452
-0.07451166626258313,-0.800787567434766,-0.2383461999081393,-0.521361833045512,-0.6251979752034118,-0.3919859413051097,-0.048489591816105244,-0.16428570558345856,0.7519739554357215,0.7153576151218648,-0.2995131318873983
-0.30367340415025107,-0.6232303351999943,0.17181678687360138,-0.10220102884000232,-0.6801037278026797,0.3960328962644323,0.3745296562911892,-0.6195006006679192,-0.17702492826077312,-0.9656063921432944,0.037206489669766724
0.9949097772132016,-0.564044591121737,-0.03326470651726914,-0.49930073808732733,-0.6801037278026797,-1.06743065922186,-0.9297796920396353,-0.8926295377185955,-1.0440905530441695,-0.6294135906902626,0.7948256381733877
0.07826282566252908,-0.3864873588869651,0.7187007692492553,-0.8522782574182828,-0.6526508515030457,-0.05426358234673459,0.49791027032248336,-0.8386781427456419,-0.36282470500007374,-0.6966521509808691,0.12138639505905761
0.07826282566252908,1.4482707075390087,-0.375067195502053,-0.6757894977528051,0.6376343345797498,-0.7297083002634849,-0.17187020584739945,0.4392955256766809,0.318441143044022,-0.09150510836541155,-0.552052848055271
-0.532835142037919,-0.5048588470434797,-0.3067066977050961,1.72886985268933,-0.3506692122070724,2.1972188107090997,1.784593816648837,0.7292842736564474,-0.36282470500007374,-0.6966521509808691,-0.4678729426659801
1.300458761063426,-0.09055863849567904,0.0350957912796877,-0.7860949725437287,-0.26831058330817054,-1.06743065922186,1.520206786581778,0.29092918950100205,-0.23895818717387424,-0.49493647010904973,-0.9729523750017269
0.765748039325533,-0.0017800223782934374,4.683609641472749,2.89810788547312,-0.26831058330817054,1.4091999731395577,1.6083357966041312,1.7240131184706697,-1.6634231421751668,-0.6966521509808691,-0.8045925642231452
-0.4564478960753633,-0.5048588470434797,-0.3067066977050961,-0.7860949725437287,-0.46048071740560814,-0.6171341806106931,0.0043878141973065525,-0.5352015460226557,0.81390721434882,0.5808804945406519,-0.04697341571952417
-0.15089891222513888,1.3298992193824941,-1.4688351602533614,0.7140594846128328,1.021974602774625,-0.3919859413051097,1.308697162528131,0.8978823829469745,1.0616402500012188,-0.4276979098184437,-1.1413121857803101
-0.30367340415025107,-0.800787567434766,2.906236698751872,-0.8522782574182828,-0.26831058330817054,-0.27941182165231804,-0.048489591816105244,-0.9904164411071162,-0.6105577406524727,-0.8311292715620819,0.12138639505905761
-0.6856096339630313,-0.5048588470434797,0.7187007692492553,0.4493263451146158,-0.3232163359074385,1.8032093919243288,1.6788390046220136,0.3044170382442592,-0.17702492826077312,-0.024266548074805126,-0.8887724696124361
-0.6092223880004748,0.4421130582086359,-1.5371956580503183,-0.6096062128782509,-0.07614044921073289,0.2271717167852447,-0.8769022860262234,0.9113702316902317,1.12357350891432,0.9843118562842905,-0.13115332110881506
2.6754291883894337,1.921756660165067,-0.6485091866898801,-0.521361833045512,1.3788619946698664,-0.7297083002634849,-1.4056763461603414,1.9769102824064604,0.318441143044022,3.001468665002481,-0.552052848055271
-0.9147713718506992,0.0869985937390925,-1.058672173471621,0.27283758544913805,-0.570292222604144,0.3397458364380364,1.3615745685415428,-0.11370627279630043,-0.36282470500007374,0.5808804945406519,-0.6362327534445619
1.3768460070259818,0.6196702904434077,1.197224253827953,-0.5434229280036967,0.7474458397782857,-0.5045600609579014,-0.6830184639770468,1.4036767108186308,0.7519739554357215,0.24468769308761984,-0.7204126588338543
0.001875579699973319,-0.031372894417421755,-0.10162520431422599,0.7361205795710174,-0.15849907810963482,0.5648940757436198,0.9385553204342484,1.0192730216361765,1.5571063213060168,0.5808804945406519,-0.7204126588338543
-0.7619968799255871,-1.0967162878260521,1.539026742812737,-0.8081560675019134,1.9004666443629115,0.3960328962644323,-0.06611539382057585,-0.4509024913773921,0.008774848478524704,-1.1000835127245072,-1.3938519019481828
0.6893607933629772,-0.6232303351999943,0.10345628907664453,1.1332202888183422,-0.24085770700853654,0.9026164347019949,0.48028446831801275,0.8978823829469745,-0.42475796391317205,-0.36045934952783726,-0.21533322649810593
-0.6092223880004748,3.075878669691083,-1.9473586448320592,-0.41105635825458836,0.39055844788304406,-0.1668377019995263,-0.982657098053047,0.15605070206858038,2.362238687176312,-0.29322078923723083,1.8049845028448814
-0.6856096339630313,-1.2742735200608237,0.7187007692492553,-0.8743393523764675,-0.3781220885067064,1.8594964517507246,0.5684134783403657,-1.3073808865733596,-0.6105577406524727,1.2532660974467156,0.5422859220055135
-0.07451166626258313,1.8033851720085525,-0.9219511778777073,-0.7199116876691746,0.3631055715834105,-0.9548565395690684,-1.299921534133518,0.8304431392307637,1.3093732856536178,0.44640337395943913,-1.225492091169601
-0.07451166626258313,-0.8599733115130231,-0.3067066977050961,1.000853719069234,-0.54283934630451,-0.6171341806106931,-0.15424440384292884,-0.03277918033683244,-1.1679570708703688,-1.1000835127245072,-0.04697341571952417
-0.532835142037919,-0.6232303351999943,-0.16998570211118283,0.6919983896546477,-0.3781220885067064,0.11459759713245299,0.7446714983850717,-0.0024315206645225875,-0.6105577406524727,1.1187889768655026,-0.3836930372766892
0.46019905547530926,-0.2681158707304509,2.906236698751872,-0.7199116876691746,-0.6526508515030457,0.17088465695884883,0.7446714983850717,-1.1927341722557863,0.38037440195712313,-0.09150510836541155,1.8891644082341736
-0.4564478960753633,0.26455582597386434,-0.6485091866898801,-0.23456759858911058,-0.515386470004876,-0.7297083002634849,-0.27762501787422306,-1.4692350714922957,0.13264136630472417,-0.024266548074805126,2.0575242190127554
-0.4564478960753633,1.7441994279302953,-0.2383461999081393,-0.1463232187563716,-0.6801037278026797,-0.6171341806106931,-0.6301410579636351,-1.408539752147676,-0.7344242584786721,0.5808804945406519,1.9733443136234645
-0.6092223880004748,-0.8599733115130231,-0.6485091866898801,0.5155096299891702,-0.6801037278026797,1.296625853486766,1.0266843304566013,-0.16765766776925414,0.07070810739162582,0.31192625337822627,0.37392611122693176
-0.30367340415025107,-0.564044591121737,-0.2383461999081393,-0.01395664900726334,-0.5977450989037778,0.6774681953964116,0.21589743825095375,-1.3680762059179419,-0.672490999565571,-1.0328449524339007,1.7208045974555906
-0.07451166626258313,-0.9191590555912804,-0.2383461999081393,-0.32281197842184944,-0.6526508515030457,-0.7859953600898807,-0.6301410579636351,-0.5183417350936029,-1.9730894367406642,1.656697459190354,0.7106457327840968
-0.532835142037919,-0.5048588470434797,0.17181678687360138,-0.8081560675019134,-0.46048071740560814,-0.27941182165231804,1.2381939545102485,-0.8015865587017035,0.38037440195712313,-0.49493647010904973,0.12138639505905761
0.001875579699973319,1.5370493236563947,-2.0157191426290155,-0.6978505927109898,1.076880355373893,-1.123717719048256,-1.4585537521737533,0.15605070206858038,1.4332398034798173,-0.024266548074805126,1.0473653543412618
-0.4564478960753633,-0.14974438257393632,-0.375067195502053,-0.10220102884000232,-0.7075566041023137,-0.22312476182592217,0.11014262622413015,-0.8622818780463232,1.0616402500012188,1.3205046577373218,1.6366246920662995
-0.30367340415025107,-0.9191590555912804,-0.5801486888929233,0.008104445950921305,-0.6251979752034118,2.309792930361892,1.5907099945996606,-0.11370627279630043,0.008774848478524704,1.0515504165748963,-0.3836930372766892
-0.15089891222513888,-0.7416018233565087,-0.10162520431422599,-0.7199116876691746,0.22584119008524062,-0.7859953600898807,-1.6524375742229298,0.7360281980280761,2.362238687176312,1.925651700352779,-0.4678729426659801
1.6060077449136505,-0.44567310296522245,0.6503402714522984,-0.6757894977528051,0.9396159738757232,-1.3488659583538394,-1.7229407822408123,1.1676393578118553,0.318441143044022,1.1187889768655026,-0.7204126588338543
0.765748039325533,-1.1559020319043094,1.128863756030996,-0.521361833045512,-0.13104620181000085,-0.33569888147871385,1.3439487665370722,0.15605070206858038,1.6809728391322163,-0.5621750303996562,0.2897462058376409
-0.532835142037919,-0.14974438257393632,0.9237822626401259,0.5816929148637242,-0.9546324907990192,0.05831053730605713,-0.29525081987869367,-1.078087457938213,-0.17702492826077312,1.1187889768655026,1.8049845028448814
0.001875579699973319,1.8625709160868098,-1.9473586448320592,-0.6096062128782509,0.5827285819804818,-0.7859953600898807,-0.48913464192787026,0.975437513220647,1.866772615871514,0.24468769308761984,-0.7204126588338543
-0.4564478960753633,0.027812849660835207,-0.8535906800807505,1.1994035736928965,0.08857680858707076,-0.8422824199162766,-0.5596378499457526,0.45278337441993805,-0.6105577406524727,-1.0328449524339007,-0.552052848055271
-0.6092223880004748,-1.1559020319043094,0.581979773655342,-0.8302171624600981,-0.10359332551036686,1.7469223320979328,0.5684134783403657,-1.1522706260260522,-0.36282470500007374,0.9843118562842905,0.37392611122693176
0.30742456355019704,-0.44567310296522245,0.0350957912796877,-0.8522782574182828,-0.3781220885067064,-0.3919859413051097,-0.7358958699904586,-0.7341473149854926,-1.0440905530441695,0.9843118562842905,-0.04697341571952417
-1.0675458637758115,-0.3864873588869651,-0.9219511778777073,-0.8522782574182828,0.033671055987803,-1.2925788985274433,-0.10136699782951705,-0.558805281323337,0.008774848478524704,0.31192625337822627,-0.8466825169177898
0.6893607933629772,-0.031372894417421755,-0.2383461999081393,0.5375707249473548,-0.46048071740560814,2.253505870535496,2.0489808467158963,0.3516245088456218,-0.5486244817393715,0.11021057250640773,-0.6362327534445619
0.8421352852880901,-0.5048588470434797,-0.03326470651726914,-0.6757894977528051,-0.7624623567015816,-0.8985694797426724,0.48028446831801275,-1.2702893025294213,-1.7253564010882652,1.5894588988997476,1.3840849758984255
-0.6092223880004748,0.027812849660835207,1.3339452494218664,0.6037540098219089,-0.04868757291109892,1.296625853486766,1.1148133404789544,0.16279462644020895,-0.672490999565571,-0.5621750303996562,-0.8045925642231452
-0.22728615818769465,-0.3273016148087082,-0.44342769329900983,1.5744421879820367,-0.46048071740560814,-0.05426358234673459,0.39215545829565973,0.3313927357307361,-1.1060238119572705,0.7825961754124713,-0.13115332110881506
5.348982797078895,-0.44567310296522245,1.197224253827953,-0.8743393523764675,-0.54283934630451,0.17088465695884883,0.7446714983850717,-0.8555379536746947,-0.4866912228262732,0.042972012215801304,0.45810601661622263
-0.6092223880004748,-0.564044591121737,0.6503402714522984,0.7802427694873867,-0.4055749648063402,1.5217740927923493,1.044310132461072,0.6618450299402366,-1.4156901065227678,-0.6294135906902626,-1.225492091169601
-1.6786438314762595,0.20537008189560707,-2.0840796404259723,-0.764033877585544,-0.24085770700853654,-0.22312476182592217,-0.9474054940441059,-1.24668556722874,2.919638017394211,1.4549817783185348,2.8993232729056673
-0.30367340415025107,-0.800787567434766,-0.3067066977050961,-0.6537284027946203,-0.7350094804019477,-0.22312476182592217,0.4450328643090716,-1.529930390836878,-0.42475796391317205,0.5136419342500456,1.7208045974555906
-0.6092223880004748,-1.3038663920999525,0.3085377824675147,-0.8081560675019134,-0.3506692122070724,-0.4482730011315056,-0.8063990780083411,-1.4827229202355154,-0.4866912228262732,-0.2259822289466244,0.9631854489519694
-0.6092223880004748,-1.0967162878260521,-0.44342769329900983,-0.8081560675019134,0.006218179688169026,-0.5045600609579014,0.19827163624648314,-1.223081831928096,0.008774848478524704,-0.6294135906902626,0.45810601661622263
-1.3730948476260352,-0.9783447996695377,-0.5117881910959666,-0.05807883892363283,-0.43302784110597414,0.002023477479661268,-0.013237987807164047,-0.029407218151036876,1.1855067678274183,-0.898367831852688,-0.9729523750017269
0.2310373175876413,-0.23852299869132226,0.581979773655342,3.052535550180413,0.06112393228743678,0.7900423150492033,0.9914327264476601,1.8420317949740388,-1.4776233654358661,-0.49493647010904973,-1.3096719965588919
-0.4564478960753633,0.3237415700521216,0.0350957912796877,-0.7419727826273592,-0.5977450989037778,0.508607015917224,-0.5243862459368115,-1.2062220209990433,2.2383721693501126,-0.36045934952783726,1.8049845028448814
-0.15089891222513888,0.738041778599922,-1.6739166536442318,-0.8743393523764675,-0.5977450989037778,-0.7297083002634849,0.6565424883627188,-1.1927341722557863,-1.2918235886965683,-1.3017991935963262,-0.04697341571952417
-1.3730948476260352,-0.948751927630409,-0.8535906800807505,0.4493263451146158,-0.24085770700853654,0.3397458364380364,-0.06611539382057585,-0.05301095345168072,0.19457462521782254,-0.8311292715620819,-0.8887724696124361
-0.6092223880004748,-0.3864873588869651,0.9237822626401259,0.7802427694873867,0.006218179688169026,0.9589034945283909,1.925600232684602,0.6753328786834563,-0.42475796391317205,-0.158743668656018,-1.225492091169601
-0.07451166626258313,-1.0375305437477949,0.4452587780614284,0.5155096299891702,-0.13104620181000085,1.0714776141811826,1.2029423505013073,0.4258076769334612,0.7519739554357215,-0.09150510836541155,-0.8045925642231452
1.8351694828013176,0.20537008189560707,0.7187007692492553,-0.6978505927109898,0.39055844788304406,-1.4051530181802352,-1.775818188254224,0.692192689612509,-0.4866912228262732,1.4549817783185348,-0.04697341571952417
-1.4494820935885917,-0.2089301266521936,0.4452587780614284,1.1994035736928965,-0.7075566041023137,1.296625853486766,0.46265866631354213,-0.4475305291915591,0.6900406965226205,-0.49493647010904973,0.9631854489519694
-0.9147713718506992,0.027812849660835207,1.3339452494218664,-0.8522782574182828,-0.7624623567015816,-1.123717719048256,-0.20712180985634066,-1.4287715252625617,1.4332398034798173,-0.7638907112714755,1.1315452597305526
-0.22728615818769465,-0.14974438257393632,-1.1270326712685776,0.669937294696463,-0.2957634596078045,1.1840517338339742,1.1676907464923663,0.4258076769334612,-0.6105577406524727,-0.5621750303996562,-1.3938519019481828
-0.30367340415025107,-0.5048588470434797,0.7187007692492553,-0.7419727826273592,-0.21340483070890257,0.6211811355700156,0.14539423023307135,-0.5183417350936029,1.4951730623929185,-0.36045934952783726,-0.04697341571952417
0.8421352852880901,-1.1559020319043094,0.5136192758583852,-0.8302171624600981,-0.04868757291109892,0.11459759713245299,0.5684134783403657,-0.5183417350936029,-0.92022403521797,-0.9656063921432944,-0.04697341571952417
3.592076139940107,0.3237415700521216,2.2909922185792615,-0.642697855315528,0.30819981898414256,-1.2925788985274433,-1.5290569601916357,1.4373963326767363,-1.0440905530441695,0.9843118562842905,0.6264658273948059
0.1546500716250855,-1.0375305437477949,-0.16998570211118283,-0.8081560675019134,-0.26831058330817054,-0.3919859413051097,-0.11899279983398765,-0.2148651383706167,1.8048393569584158,0.7825961754124713,-0.13115332110881506
0.001875579699973319,1.5074564516172662,-1.8789981470351023,-0.5654840229618815,0.5278228293812139,-0.6734212404370891,-0.45388303791892903,0.9821814375922381,1.866772615871514,0.11021057250640773,-0.8887724696124361
0.001875579699973319,0.738041778599922,-1.058672173471621,0.18459320561639925,-0.24085770700853654,-0.8985694797426724,0.19827163624648314,-0.08673057530978615,-0.8582907763048716,-0.29322078923723083,-0.6362327534445619
-0.532835142037919,0.20537008189560707,1.4706662450157801,-0.8081560675019134,2.3397126651570543,-1.4051530181802352,-0.7887732760038705,-0.6532202225260246,-0.5486244817393715,-0.09150510836541155,-0.3836930372766892
2.6754291883894337,0.3237415700521216,1.128863756030996,-0.6537284027946203,1.8730137680632775,-0.8422824199162766,-1.1412893160932824,1.1676393578118553,-1.22989032978347,1.8584131400621733,-0.7204126588338543
-0.30367340415025107,-0.5048588470434797,0.581979773655342,0.5375707249473548,-0.2957634596078045,0.8463293748755991,1.1500649444878956,0.43592356349088535,-0.17702492826077312,-0.29322078923723083,-1.057132280391018
-0.4564478960753633,-0.3864873588869651,-1.5371956580503183,1.2876479535256355,-0.15849907810963482,0.3960328962644323,0.30402644827330677,0.3786002063320986,-1.8492229189144647,0.5808804945406519,-0.8887724696124361
-0.4564478960753633,2.0697210203607095,-2.1524401382229295,-0.6537284027946203,0.5003699530815799,-1.011143599395464,-1.0179087020619884,0.7630038955145528,1.619039580219118,0.9170732959936841,-1.1413121857803101
0.30742456355019704,0.7972275226781793,0.10345628907664453,0.42726525015643113,-0.8997267381997514,-0.8985694797426724,0.28640064626883616,-0.9229771973909054,0.13264136630472417,-0.5621750303996562,1.6366246920662995
0.07826282566252908,0.3237415700521216,-0.10162520431422599,-0.7419727826273592,0.6376343345797498,0.17088465695884883,-0.6125152559591645,0.7967235173726583,1.12357350891432,0.7825961754124713,-0.8887724696124361
-0.07451166626258313,-0.564044591121737,-0.2383461999081393,-0.764033877585544,-0.13104620181000085,0.9026164347019949,0.9738069244431895,-0.6532202225260246,-1.1060238119572705,-0.8311292715620819,-0.04697341571952417
-1.6022565855137039,-0.2681158707304509,-0.10162520431422599,-0.6096062128782509,-0.24085770700853654,0.5648940757436198,0.6389166863582482,-1.7187602732422909,0.38037440195712313,-0.49493647010904973,1.3840849758984255
0.9185225312506459,-0.564044591121737,0.5136192758583852,-0.6757894977528051,-0.43302784110597414,-1.461440078006631,-1.828695594267636,-0.22835298711387383,0.2565078841309237,1.186027537156109,1.6366246920662995
2.599041942426878,4.022850574943198,0.7870612670462122,-0.49930073808732733,0.6376343345797498,-0.5045600609579014,-0.5243862459368115,1.33623746710242,-1.0440905530441695,0.24468769308761984,-0.3836930372766892
-1.4494820935885917,0.3237415700521216,-0.44342769329900983,-0.25662869354729534,-0.7075566041023137,0.8463293748755991,0.28640064626883616,-1.287149113458474,0.5042409197833226,0.31192625337822627,1.0052754016466157
0.6129735474004214,-0.6824160792782514,0.37689828026447153,1.000853719069234,-0.07614044921073289,-0.3919859413051097,0.7975489043984836,1.1507795468828026,0.566174178696421,-0.4276979098184437,-0.6362327534445619
-0.15089891222513888,-0.6232303351999943,-0.10162520431422599,1.5965032829402217,-0.5977450989037778,2.3660799901882874,1.0266843304566013,0.29092918950100205,-1.4776233654358661,0.24468769308761984,-0.13115332110881506
-0.3800606501128069,-0.5048588470434797,-0.16998570211118283,0.4493263451146158,-0.570292222604144,-0.11055064217313045,-0.24237341386528186,0.2706974163861538,-0.92022403521797,-1.1673220730151137,-1.057132280391018
-0.532835142037919,-0.9191590555912804,-1.4688351602533614,-0.8302171624600981,-0.2957634596078045,-0.3919859413051097,-0.11899279983398765,-0.28230438208682757,0.38037440195712313,-0.5621750303996562,-0.4678729426659801
0.46019905547530926,-0.14974438257393632,0.10345628907664453,-0.5875451179200661,-0.54283934630451,-0.6734212404370891,-0.22474761186081124,-1.1252949285395755,-0.11509166934767477,0.7825961754124713,0.9631854489519694
0.6129735474004214,-0.9783447996695377,0.37689828026447153,-0.9184615422928369,-0.21340483070890257,0.3397458364380364,-0.08374119582504645,-1.5063266555361967,-2.0969559545668637,-0.6294135906902626,1.8049845028448814
-0.4564478960753633,-0.5048588470434797,-0.5117881910959666,0.47138744007280065,-0.515386470004876,-0.11055064217313045,0.40978126030013035,0.22348994578479123,0.7519739554357215,0.44640337395943913,-0.13115332110881506
2.751816434351991,0.3237415700521216,0.6503402714522984,-0.6316673078364355,0.7474458397782857,-1.2925788985274433,-1.7053149802363416,1.3025178452442772,-0.92022403521797,0.9170732959936841,-1.057132280391018
0.8421352852880901,1.2707134753042375,-0.6485091866898801,-0.5875451179200661,0.6925400871790177,-1.123717719048256,-0.48913464192787026,1.2687982233861717,0.875840473261921,0.5808804945406519,-0.8887724696124361
1.6060077449136505,0.5012988022868932,0.855421764843169,-0.6978505927109898,0.7748987160779197,-1.1800047788746517,-1.6171859702139886,0.8574188367172405,0.318441143044022,0.11021057250640773,-0.8887724696124361
0.3838118095127535,-0.3864873588869651,0.24017728467055785,2.2583361316857635,-0.021234696611464945,0.05831053730605713,0.05726522021071835,1.7745925512578278,0.2565078841309237,-0.2259822289466244,-0.8045925642231452
0.9949097772132016,-0.14974438257393632,0.7187007692492553,-0.6096062128782509,0.5003699530815799,-1.011143599395464,-1.6700633762274004,-0.06649880219493787,-0.5486244817393715,1.186027537156109,1.0473653543412618
-0.7619968799255871,-0.8599733115130231,-0.03326470651726914,-0.8964004473346523,-0.7075566041023137,-0.4482730011315056,-0.718270067985988,-1.411911714333509,0.07070810739162582,-0.09150510836541155,0.6264658273948059
0.6129735474004214,0.5012988022868932,0.3085377824675147,-0.6096062128782509,0.5003699530815799,-1.123717719048256,-1.158915118097753,1.0327608703794338,0.6900406965226205,-0.49493647010904973,-0.9729523750017269
-0.15089891222513888,-0.6824160792782514,0.581979773655342,-0.764033877585544,0.17093543748597267,-0.5045600609579014,-0.8240248800128116,0.22348994578479123,1.6809728391322163,0.6481190548312584,0.45810601661622263
-0.15089891222513888,-0.7416018233565087,0.5136192758583852,-0.6537284027946203,-0.04868757291109892,0.508607015917224,1.4849551825728369,0.1897703239266858,1.8048393569584158,0.042972012215801304,-0.2995131318873983
-1.2203203557009237,-0.9783447996695377,-0.03326470651726914,-0.7860949725437287,-0.515386470004876,-0.7859953600898807,-0.5243862459368115,-0.720659466242273,0.6900406965226205,0.31192625337822627,-0.3836930372766892
0.6129735474004214,1.6258279397737807,0.10345628907664453,-0.521361833045512,0.8572573449768213,-0.7859953600898807,-1.3527989401469296,0.8978823829469745,0.5042409197833226,0.31192625337822627,0.12138639505905761
-0.6092223880004748,-0.3273016148087082,-0.2383461999081393,1.3317701434420048,0.17093543748597267,2.0283576312299125,0.9738069244431895,0.9316020048050799,-2.0969559545668637,0.24468769308761984,-1.3096719965588919
1.300458761063426,3.13506441376934,-1.2637536668624911,-0.3559036208591265,0.8572573449768213,-1.461440078006631,-1.7581923862497535,1.6397140638253687,1.3093732856536178,-0.09150510836541155,0.7948256381733877
-0.15089891222513888,-0.3273016148087082,1.197224253827953,-0.2786897885054801,-0.26831058330817054,0.3960328962644323,0.39215545829565973,-0.2485847602287221,-1.7253564010882652,-0.898367831852688,-0.9729523750017269
-0.6856096339630313,0.3829273141303786,-1.058672173471621,-0.9184615422928369,-0.6801037278026797,-0.27941182165231804,-0.27762501787422306,-0.6060127519246995,-0.42475796391317205,-0.7638907112714755,-0.8887724696124361
-0.7619968799255871,-0.564044591121737,-0.03326470651726914,-0.41105635825458836,-0.7350094804019477,0.11459759713245299,0.6389166863582482,-1.4827229202355154,-0.3008914460869726,-1.5035148744681455,1.2157251651198437
-1.3730948476260352,-0.2681158707304509,-0.10162520431422599,-0.8522782574182828,-0.7624623567015816,-0.27941182165231804,-0.3657540278965761,-2.399896634776103,0.5042409197833226,-0.898367831852688,2.5626036513485024
0.30742456355019704,0.5012988022868932,0.581979773655342,-0.521361833045512,0.6925400871790177,-1.3488659583538394,-1.8110697922631653,0.28418526512941095,1.3093732856536178,0.042972012215801304,1.3840849758984255
-0.991158617813255,-0.800787567434766,-0.5801486888929233,0.6258151047800937,-0.6526508515030457,-0.4482730011315056,0.28640064626883616,-0.04626702908008959,0.9377737321750194,0.3791648136688327,0.2897462058376409
-0.9147713718506992,-0.7416018233565087,-0.2383461999081393,-0.8743393523764675,-0.6251979752034118,0.9589034945283909,-0.41863143390998786,-1.9952611724787628,-0.05315841043457366,-1.0328449524339007,1.7208045974555906
1.300458761063426,-0.09055863849567904,0.17181678687360138,-0.8081560675019134,-0.021234696611464945,-0.8985694797426724,1.0090585284521307,0.021172214636158697,-0.6105577406524727,-0.4276979098184437,-0.7204126588338543
-0.6856096339630313,1.921756660165067,1.128863756030996,1.6626865678147755,-0.13104620181000085,1.5217740927923493,1.9079744306801314,1.1339197359537498,-0.36282470500007374,-0.09150510836541155,-1.057132280391018
-0.30367340415025107,-0.6232303351999943,0.17181678687360138,-0.521361833045512,-0.26831058330817054,1.9439270414903185,1.8462841236644842,-0.38346324766118123,0.4423076608702215,0.31192625337822627,-0.7204126588338543
0.1546500716250855,-0.9191590555912804,1.197224253827953,0.361081965281877,-0.54283934630451,-0.8422824199162766,-0.06611539382057585,-0.2485847602287221,-0.17702492826077312,-1.0328449524339007,0.37392611122693176
-0.30367340415025107,1.685013683852038,-1.6739166536442318,-0.6537284027946203,0.8847102212764552,-1.06743065922186,-1.2294183261156355,0.25720956764289665,1.4951730623929185,0.11021057250640773,-0.13115332110881506
-0.532835142037919,-0.800787567434766,0.37689828026447153,-0.5654840229618815,-0.24085770700853654,2.253505870535496,0.42740706230460096,-0.9566968192490108,0.628107437609522,1.4549817783185348,0.7106457327840968
0.6129735474004214,-0.09055863849567904,0.24017728467055785,1.089098098901973,-0.5977450989037778,-0.4482730011315056,-0.10136699782951705,0.011056328078697119,-0.672490999565571,-1.1673220730151137,0.8790055435626786
0.3838118095127535,0.5012988022868932,-0.2383461999081393,-0.12426212379818696,-0.2957634596078045,0.17088465695884883,-0.20712180985634066,-0.9229771973909054,-0.42475796391317205,0.17744913279701416,1.3840849758984255
-0.30367340415025107,-0.6824160792782514,-0.16998570211118283,1.5744421879820367,-0.5977450989037778,0.45231995609082815,2.1547356587427196,1.0327608703794338,0.7519739554357215,-0.09150510836541155,-0.6362327534445619
-0.8383841258881435,-0.14974438257393632,-0.44342769329900983,-0.6096062128782509,0.39055844788304406,-0.3919859413051097,-0.982657098053047,0.6045216727814499,1.1855067678274183,2.9342301047118746,0.037206489669766724
1.9879439747264307,0.5604845463651504,0.581979773655342,-0.49930073808732733,-0.570292222604144,0.28345877661164054,0.9385553204342484,0.35836843321725037,-1.6014898832620656,-0.9656063921432944,-1.1413121857803101
0.1546500716250855,-0.564044591121737,-0.16998570211118283,0.3831430602400617,-1.009538243398287,0.05831053730605713,-0.013237987807164047,-0.3902071720327724,-0.6105577406524727,-1.6379919950493582,0.20556630044835
0.3838118095127535,3.667736110473655,-1.4688351602533614,-0.6537284027946203,1.5161263761680361,-1.06743065922186,-1.6171859702139886,0.5944057862239883,0.19457462521782254,-0.2259822289466244,-0.8887724696124361
2.140718466651542,0.5012988022868932,0.10345628907664453,-0.521361833045512,1.049427479074259,-0.11055064217313045,-0.4362572359144585,1.3025178452442772,-0.05315841043457366,0.9843118562842905,-0.4678729426659801
-0.9147713718506992,-0.44567310296522245,-0.375067195502053,-0.8302171624600981,-0.515386470004876,0.11459759713245299,0.42740706230460096,-1.1084351176105227,1.4332398034798173,-0.6966521509808691,0.45810601661622263
0.30742456355019704,0.3237415700521216,-0.3067066977050961,0.030165540909106146,-0.7350094804019477,0.11459759713245299,-0.22474761186081124,-0.9499528948773823,-0.05315841043457366,0.5808804945406519,1.4682648812877177
-1.2203203557009237,1.152341987147723,-1.8789981470351023,-0.7419727826273592,-0.21340483070890257,-1.4051530181802352,-1.775818188254224,-0.11370627279630043,3.0435045352204106,0.31192625337822627,0.7106457327840968
0.001875579699973319,-0.3273016148087082,-0.7852301822837936,0.5816929148637242,-0.2957634596078045,1.1840517338339742,1.0619359344655426,0.4325516013050898,-0.42475796391317205,-0.09150510836541155,-0.8887724696124361
1.300458761063426,-0.14974438257393632,-0.03326470651726914,-0.6757894977528051,0.8572573449768213,-1.011143599395464,-1.6700633762274004,0.39208805507535577,-0.36282470500007374,0.11021057250640773,-0.13115332110881506
1.5296204989510933,-0.6824160792782514,0.24017728467055785,1.2435257636092658,-0.54283934630451,0.2271717167852447,0.5507876763358952,1.2013589796699609,-0.8582907763048716,-1.436276314177539,-0.7204126588338543
0.07826282566252908,-0.3864873588869651,1.539026742812737,1.72886985268933,-0.21340483070890257,1.8032093919243288,0.6741682903671894,1.3025178452442772,-1.0440905530441695,-0.5621750303996562,-1.225492091169601
-1.6022565855137039,0.4421130582086359,-2.1524401382229295,-0.7199116876691746,-0.3506692122070724,-0.6734212404370891,-0.45388303791892903,-1.000532327664578,2.7957714995680116,1.3205046577373218,2.5626036513485024
1.9879439747264307,0.26455582597386434,0.7870612670462122,-0.7530033301064516,0.30819981898414256,-1.4051530181802352,-1.8110697922631653,0.08186753398074097,-0.23895818717387424,-0.49493647010904973,0.7106457327840968
-0.3800606501128069,-0.44567310296522245,-1.3321141646594479,-0.8302171624600981,-0.43302784110597414,1.8032093919243288,0.42740706230460096,-0.8218183318165891,-0.11509166934767477,-0.7638907112714755,-0.4678729426659801
-0.8383841258881435,-1.3038663920999525,-0.44342769329900983,-0.3889952632964037,-0.46048071740560814,-1.123717719048256,-0.7887732760038705,-0.38346324766118123,1.928705874784615,0.3791648136688327,-0.3836930372766892
-0.532835142037919,-1.2742735200608237,0.37689828026447153,-0.8964004473346523,-0.570292222604144,1.0151905543547868,0.0043878141973065525,-1.1590145503976808,1.12357350891432,-0.158743668656018,0.7948256381733877
0.2310373175876413,-0.2681158707304509,-0.716869684486837,0.32799032284459984,-0.8448209856004835,0.17088465695884883,0.515536072326954,-0.7071716174990158,-1.9111561778275659,-1.2345606333057202,0.45810601661622263
-1.5258693395511473,-0.3568944868478368,-0.16998570211118283,0.019134993430013823,-0.5977450989037778,1.9157835115771207,0.42740706230460096,-1.698528500127405,-0.23895818717387424,-1.3017991935963262,1.5524447866770086
0.07826282566252908,-0.800787567434766,-0.16998570211118283,-0.764033877585544,-0.6251979752034118,-0.05426358234673459,0.07489102221518895,-0.9566968192490108,0.4423076608702215,-0.2259822289466244,0.37392611122693176
3.6684633859026627,0.26455582597386434,2.3593527163762182,-0.4551785481709578,0.994521726474991,-1.011143599395464,-1.4761795541782239,1.707153307541617,-0.3008914460869726,0.6481190548312584,0.20556630044835
3.8976251237903314,0.26455582597386434,2.154271222985348,-0.6096062128782509,0.9396159738757232,-1.3488659583538394,-1.687689178231871,1.9769102824064604,-0.42475796391317205,-0.29322078923723083,-0.8887724696124361
-0.532835142037919,-0.3864873588869651,-0.44342769329900983,-0.05807883892363283,-0.7624623567015816,1.3529129133131619,0.25114904225989493,-1.2804051890868828,-0.36282470500007374,-0.6294135906902626,1.3840849758984255
-0.4564478960753633,-0.564044591121737,-0.03326470651726914,-0.7860949725437287,-0.5977450989037778,0.11459759713245299,0.23352324025542434,-0.8218183318165891,1.12357350891432,-0.4276979098184437,0.6264658273948059
4.126786861677998,-0.2089301266521936,2.7695157031579587,-0.6316673078364355,0.41801132418267806,-1.3488659583538394,-1.4938053561826945,1.4036767108186308,-2.1588892134799647,1.925651700352779,-0.6362327534445619
0.001875579699973319,1.596235067734652,-1.4688351602533614,-0.8081560675019134,0.30819981898414256,-0.27941182165231804,0.7094198943761305,0.15267873988278483,-0.17702492826077312,-0.36045934952783726,-0.7204126588338543
-0.7619968799255871,-0.9783447996695377,-0.10162520431422599,-0.8964004473346523,-0.7075566041023137,-0.3919859413051097,-0.718270067985988,-1.4220276008909332,0.008774848478524704,-0.09150510836541155,0.6264658273948059
-0.9147713718506992,0.6196702904434077,0.7187007692492553,-0.8743393523764675,-0.15849907810963482,1.7469223320979328,1.4673293805683663,-0.4509024913773921,-1.2918235886965683,-0.898367831852688,-1.3096719965588919
-0.3800606501128069,2.3952426127911246,-2.0840796404259723,-0.5875451179200661,0.5827285819804818,-0.7297083002634849,-1.4409279501692827,0.3246488113591449,1.9906391336977136,0.5136419342500456,1.8891644082341736
3.744850631865219,0.3237415700521216,1.4023057472188234,-0.6757894977528051,0.9670688501753572,-0.8422824199162766,-1.0531603060709294,1.8420317949740388,-1.22989032978347,0.8498347357030777,-0.2995131318873983
0.765748039325533,3.1942501578475975,-0.7852301822837936,-0.8081560675019134,0.8023515923775533,-1.2925788985274433,-1.4585537521737533,0.021172214636158697,-0.7344242584786721,-0.49493647010904973,-0.4678729426659801
0.07826282566252908,-1.185494903943438,0.10345628907664453,-0.8743393523764675,-0.4055749648063402,-0.8985694797426724,-0.8769022860262234,-1.489466844607144,-0.7963575173917705,-1.1000835127245072,1.0473653543412618
0.07826282566252908,0.0869985937390925,1.539026742812737,1.817114232522069,-0.07614044921073289,1.8594964517507246,1.396826172550484,1.383444937703745,-1.0440905530441695,-0.29322078923723083,-1.646391618116057
1.9115567287638735,1.2115277312259802,-0.9903116756746639,-0.4772396431291426,0.8298044686771873,-0.5608471207842973,-1.0707861080754,1.9769102824064604,-0.5486244817393715,0.5136419342500456,-0.9729523750017269
0.2310373175876413,1.0339704989912084,-1.058672173471621,-0.6978505927109898,0.7748987160779197,-1.011143599395464,-1.3880505441558708,0.7630038955145528,0.9377737321750194,0.5808804945406519,-0.8887724696124361
-0.3800606501128069,-1.3926450082173383,0.17181678687360138,0.8243649594037563,-0.3781220885067064,0.6211811355700156,-0.013237987807164047,0.5606861643658829,1.1855067678274183,-0.898367831852688,-1.057132280391018
-0.532835142037919,-0.9783447996695377,1.128863756030996,2.853985695556751,-0.07614044921073289,1.4654870329659535,1.2205681525057779,1.9701663580348692,-1.5395566243489673,0.5136419342500456,-1.7305715235053478
-0.6092223880004748,1.685013683852038,-0.716869684486837,-0.764033877585544,0.6376343345797498,-1.011143599395464,-1.4409279501692827,0.7933515551868627,2.1764389104370143,0.8498347357030777,-0.6362327534445619
-0.30367340415025107,0.14618433781734977,-0.2383461999081393,-0.23456759858911058,-0.7350094804019477,-0.05426358234673459,-0.6125152559591645,-1.529930390836878,0.008774848478524704,-0.49493647010904973,1.5524447866770086
2.5226546964643224,0.0869985937390925,1.0605032582340392,-0.6316673078364355,0.472917076781946,-1.1800047788746517,-1.599560168209518,0.6213814837105026,0.008774848478524704,1.5222203386091413,1.2157251651198437
0.30742456355019704,-0.800787567434766,1.197224253827953,-0.5654840229618815,-0.26831058330817054,-0.5608471207842973,0.28640064626883616,-0.929721121762534,-0.4866912228262732,-0.36045934952783726,0.45810601661622263
-0.4564478960753633,0.0869985937390925,1.4023057472188234,1.1111591938601575,-0.1859519544092686,-0.05426358234673459,0.46265866631354213,0.5876618618523972,-0.9821572941310711,-0.898367831852688,-0.9729523750017269
-1.1439331097383671,-0.3864873588869651,-0.2383461999081393,-0.6316673078364355,-1.036991119697921,-0.8422824199162766,-0.8592764840217528,-1.4624911471206672,-1.0440905530441695,-0.09150510836541155,0.5422859220055135
0.5365863014378657,-0.3864873588869651,1.197224253827953,0.5816929148637242,-0.3232163359074385,1.0151905543547868,1.4320777765594253,0.29092918950100205,-1.1679570708703688,0.11021057250640773,0.37392611122693176
0.001875579699973319,1.5666421956955234,-1.6055561558472748,-0.23456759858911058,0.6925400871790177,-0.22312476182592217,-0.10136699782951705,0.6314973702679267,0.13264136630472417,-0.158743668656018,-0.9729523750017269
-1.1439331097383671,-0.5048588470434797,-0.5117881910959666,2.8098635056403816,0.06112393228743678,-0.3919859413051097,0.18064583424201255,1.0765963787949633,0.4423076608702215,-0.2259822289466244,-0.3836930372766892
-0.7619968799255871,0.5012988022868932,1.197224253827953,0.29489868040732287,-0.3232163359074385,-1.011143599395464,0.022013616201777154,0.5944057862239883,0.2565078841309237,0.24468769308761984,-1.3096719965588919
-0.6092223880004748,-0.5048588470434797,1.197224253827953,0.29489868040732287,-0.54283934630451,0.3960328962644323,0.8328005084074248,0.29092918950100205,0.9377737321750194,-0.024266548074805126,-0.7204126588338543
0.46019905547530926,-1.0375305437477949,-0.5801486888929233,-0.7419727826273592,-0.7624623567015816,0.508607015917224,0.25114904225989493,-0.6127566762962906,0.875840473261921,-0.8311292715620819,0.12138639505905761
-0.07451166626258313,0.14618433781734977,-0.10162520431422599,0.2507764904909534,-0.46048071740560814,1.0714776141811826,0.4450328643090716,-1.4591191849348342,-0.36282470500007374,-1.7724691156305707,2.5626036513485024
1.6823949908762061,0.3237415700521216,-0.03326470651726914,-0.6316673078364355,0.9121630975760892,-0.9548565395690684,-0.9121538900351647,0.695564651798342,-0.9821572941310711,0.6481190548312584,-0.04697341571952417
-0.4564478960753633,0.0869985937390925,-0.2383461999081393,0.22871539553276854,-0.7624623567015816,-1.011143599395464,-0.3657540278965761,-1.3478444328030936,-0.23895818717387424,-1.7724691156305707,1.8891644082341736
0.07826282566252908,1.921756660165067,-2.0157191426290155,-0.6316673078364355,0.41801132418267806,0.05831053730605713,-0.38337982990104663,0.3786002063320986,0.566174178696421,0.9843118562842905,0.45810601661622263
-0.30367340415025107,-0.44567310296522245,-0.375067195502053,2.4348248913512416,-0.21340483070890257,1.4091999731395577,1.4497035785638959,1.3025178452442772,-0.4866912228262732,-0.2259822289466244,-1.057132280391018
0.07826282566252908,-1.0375305437477949,-0.5117881910959666,0.669937294696463,1.7632022628647415,0.11459759713245299,0.8504263104118953,0.18302639955505723,-0.36282470500007374,-1.0328449524339007,-0.13115332110881506
0.5365863014378657,2.217685380556353,-2.0840796404259723,-0.6978505927109898,0.5278228293812139,-1.2925788985274433,-1.4409279501692827,0.7225403492848189,0.9997069910881204,0.042972012215801304,-0.8045925642231452
2.140718466651542,0.7972275226781793,-0.5117881910959666,-0.521361833045512,1.2415976131716964,-0.9548565395690684,-1.4409279501692827,1.8420317949740388,0.318441143044022,0.17744913279701416,-0.4678729426659801
-0.30367340415025107,-0.3864873588869651,0.3085377824675147,0.6478761997382784,-0.3232163359074385,-0.11055064217313045,0.16302003223754197,-0.5857809788098138,-1.2918235886965683,-1.1000835127245072,0.7106457327840968
-1.4494820935885917,-0.6824160792782514,1.6757477384066508,-0.9184615422928369,-0.43302784110597414,0.9026164347019949,0.48028446831801275,-1.128666890725371,-0.42475796391317205,0.5808804945406519,-0.7204126588338543
-1.2203203557009237,3.371807390082369,-2.1524401382229295,-0.6537284027946203,-0.43302784110597414,-0.7297083002634849,-0.6301410579636351,-0.3632314745462955,2.7957714995680116,1.3205046577373218,0.7106457327840968
-0.7619968799255871,-0.5048588470434797,-0.7852301822837936,0.6478761997382784,-0.26831058330817054,0.28345877661164054,-0.048489591816105244,-0.029407218151036876,-0.7344242584786721,-0.7638907112714755,-0.13115332110881506
-0.4564478960753633,-1.333459264139081,-0.44342769329900983,-0.8081560675019134,-0.4879335937052421,-0.5045600609579014,0.30402644827330677,-1.1455267016544237,-0.17702492826077312,-0.5621750303996562,0.5422859220055135
0.1546500716250855,-0.6232303351999943,0.3085377824675147,-0.6757894977528051,-0.7075566041023137,-0.1668377019995263,0.4450328643090716,-1.3444724706172606,0.318441143044022,-0.36045934952783726,1.6366246920662995
0.1546500716250855,0.20537008189560707,0.17181678687360138,0.7140594846128328,-0.13104620181000085,0.7900423150492033,0.956181122438719,0.5842898996665642,-0.7344242584786721,-0.09150510836541155,-1.1413121857803101
-2.2897417991767077,-1.0375305437477949,0.3085377824675147,-0.7199116876691746,-0.7624623567015816,3.5481082465426006,0.8328005084074248,-1.5333023530226735,2.609971722828711,2.396321622387024,1.2157251651198437
-0.6092223880004748,3.1942501578475975,-2.1524401382229295,-0.6096062128782509,2.9985816963482694,-1.3488659583538394,-1.7934439902586947,0.3280207735449405,2.0525723926108146,-0.158743668656018,0.20556630044835
-1.5258693395511473,1.7737922999694238,-2.1524401382229295,-0.642697855315528,0.6376343345797498,-0.8422824199162766,-1.5114311581871651,-0.03277918033683244,3.4151040886990063,0.5136419342500456,1.6366246920662995
0.001875579699973319,-0.6232303351999943,-0.10162520431422599,-0.764033877585544,-0.24085770700853654,-0.1668377019995263,0.30402644827330677,-0.4171828695192867,0.13264136630472417,-0.5621750303996562,-0.04697341571952417
-1.984192815326484,0.5900774184042791,-2.1524401382229295,-0.8081560675019134,-0.10359332551036686,-1.06743065922186,1.132439142483425,-0.09347449968141472,3.4770373476121073,0.11021057250640773,-0.2995131318873983
1.8351694828013176,1.2707134753042375,-0.03326470651726914,-0.49930073808732733,0.8847102212764552,-0.8422824199162766,-1.1941667221066943,1.1339197359537498,-0.7344242584786721,2.5980373032588435,-0.4678729426659801
0.9949097772132016,-0.7416018233565087,0.17181678687360138,-0.9625837322092065,-0.46048071740560814,-1.4051530181802352,-1.564308564200577,-0.9229771973909054,-1.1679570708703688,-1.1000835127245072,-0.04697341571952417
-0.6856096339630313,-0.564044591121737,0.855421764843169,-0.7419727826273592,-0.8997267381997514,0.3397458364380364,0.03963941820624775,-1.7491079329146006,-0.3008914460869726,-0.898367831852688,1.6366246920662995
-0.07451166626258313,-0.5048588470434797,0.0350957912796877,2.456885986309426,-0.3506692122070724,0.05831053730605713,0.9914327264476601,0.6416132568253509,-0.36282470500007374,-1.1000835127245072,0.5422859220055135
0.2310373175876413,1.7441994279302953,-2.1524401382229295,-0.5875451179200661,0.5552757056808479,-0.6734212404370891,-1.4938053561826945,0.6618450299402366,0.566174178696421,0.44640337395943913,-0.4678729426659801
-0.30367340415025107,0.678856034521665,-0.375067195502053,-0.521361833045512,-0.4055749648063402,-0.11055064217313045,-0.5420120479412821,-1.1455267016544237,0.9377737321750194,-0.158743668656018,1.2157251651198437
-0.532835142037919,-0.17933725461306496,-0.7852301822837936,0.33902087032369216,-0.43302784110597414,-1.1800047788746517,0.21589743825095375,0.1358189289537321,-1.7872896600013664,-0.158743668656018,-1.4780318073374736
-0.3800606501128069,2.454428356869382,-2.0157191426290155,-0.7199116876691746,0.5827285819804818,-1.3488659583538394,-1.7934439902586947,0.49324692064967207,1.9906391336977136,0.6481190548312584,-0.5099628953606263
-0.07451166626258313,0.7972275226781793,-0.2383461999081393,-0.49930073808732733,0.30819981898414256,-1.3488659583538394,-1.7229407822408123,0.7697478198861815,0.07070810739162582,-0.024266548074805126,-0.21533322649810593
0.8421352852880901,1.152341987147723,-0.5117881910959666,-0.36693416833821896,0.5278228293812139,-0.7859953600898807,-0.030863789811634647,1.0327608703794338,0.2565078841309237,0.5136419342500456,-0.9729523750017269
-0.07451166626258313,-0.2681158707304509,0.3085377824675147,0.3831430602400617,-0.04868757291109892,0.8181858449624012,2.1194840547337788,0.8978823829469745,1.619039580219118,0.7153576151218648,-0.2995131318873983
-0.15089891222513888,0.3237415700521216,0.0350957912796877,-0.32281197842184944,0.11602968488670473,-1.1800047788746517,-1.4938053561826945,-0.12719412153952014,0.318441143044022,-0.29322078923723083,0.6264658273948059
0.5365863014378657,-1.0967162878260521,2.906236698751872,2.820894053119474,-0.54283934630451,1.24033879366037,1.2910713605236603,1.7745925512578278,-1.4776233654358661,-0.8311292715620819,-1.057132280391018
0.9185225312506459,1.6258279397737807,-1.5371956580503183,-0.6316673078364355,0.7474458397782857,-1.06743065922186,-0.10136699782951705,0.6281254080820937,-0.4866912228262732,0.8498347357030777,-0.6362327534445619
-0.3800606501128069,-0.564044591121737,0.3085377824675147,0.7802427694873867,-0.54283934630451,1.8594964517507246,1.6259615986086018,0.3347646979165691,-0.3008914460869726,-0.2259822289466244,-0.8045925642231452
-0.15089891222513888,-0.031372894417421755,0.5136192758583852,0.4052041551982465,0.2532940663848746,0.7337552552228074,0.8504263104118953,0.3617403954030459,-0.7344242584786721,-0.024266548074805126,-0.8887724696124361
1.8351694828013176,1.152341987147723,0.7187007692492553,-0.5875451179200661,0.6650872108793838,-0.27941182165231804,-1.0884119100798706,0.8304431392307637,-0.17702492826077312,1.186027537156109,0.7106457327840968
1.300458761063426,0.027812849660835207,0.581979773655342,-0.32281197842184944,1.4612206235687681,-1.011143599395464,-1.5819343662050473,0.32127684917331195,0.008774848478524704,1.1187889768655026,1.2157251651198437
-0.6856096339630313,1.5074564516172662,-1.4688351602533614,-0.764033877585544,-0.24085770700853654,-1.011143599395464,-1.5466827621961063,-0.4981099619787172,1.9906391336977136,-0.158743668656018,1.2999050705091346
0.2310373175876413,-0.800787567434766,-0.16998570211118283,-0.7860949725437287,-0.2957634596078045,0.28345877661164054,-0.11899279983398765,-1.115179041982114,-0.4866912228262732,-0.5621750303996562,0.6264658273948059
-0.07451166626258313,2.3952426127911246,-2.0840796404259723,-0.6316673078364355,0.06112393228743678,-1.06743065922186,-1.687689178231871,-0.7139155418706443,0.9997069910881204,-0.898367831852688,1.8891644082341736
-0.7619968799255871,-0.3864873588869651,0.9237822626401259,0.5375707249473548,-0.3232163359074385,0.9026164347019949,1.57308419259519,0.4022039416327799,0.19457462521782254,-0.49493647010904973,-1.1413121857803101
0.001875579699973319,0.41252018616950725,0.3085377824675147,-0.6757894977528051,0.6650872108793838,-0.9548565395690684,-1.211792524111165,0.8978823829469745,1.5571063213060168,0.7153576151218648,-1.1413121857803101
-0.8383841258881435,-1.0967162878260521,0.17181678687360138,0.22871539553276854,-0.6251979752034118,0.05831053730605713,0.0043878141973065525,-0.29916419301588026,0.566174178696421,0.31192625337822627,-0.35563307161958935
-0.9147713718506992,-0.3273016148087082,0.6503402714522984,1.2655868585674508,-0.24085770700853654,1.4091999731395577,0.6212908843537776,-0.28230438208682757,-0.8582907763048716,0.3791648136688327,0.34586614556983186
-0.8383841258881435,-0.6232303351999943,-0.3067066977050961,1.4200145232747436,-0.1859519544092686,1.1840517338339742,0.33927805228224794,0.0751236096091124,-0.05315841043457366,-1.1000835127245072,0.20556630044835
0.07826282566252908,-0.6232303351999943,-0.10162520431422599,-0.5654840229618815,-0.4055749648063402,0.05831053730605713,-0.17187020584739945,-1.1590145503976808,-1.1060238119572705,0.17744913279701416,0.6264658273948059
-0.15089891222513888,-0.6824160792782514,0.3085377824675147,1.7509309476475146,-0.15849907810963482,2.3660799901882874,1.1148133404789544,0.8978823829469745,-0.42475796391317205,-0.29322078923723083,-0.6362327534445619
-0.07451166626258313,1.4482707075390087,-2.1524401382229295,-0.6537284027946203,0.9396159738757232,-1.1800047788746517,-1.7581923862497535,0.11558715583884639,1.1855067678274183,0.11021057250640773,0.7948256381733877
-1.1439331097383671,-0.7416018233565087,-0.6485091866898801,2.556160913621257,-0.3506692122070724,0.508607015917224,-0.06611539382057585,1.3530972780314727,0.07070810739162582,-0.36045934952783726,-1.3096719965588919
-0.3800606501128069,-0.564044591121737,0.10345628907664453,-0.4772396431291426,0.006218179688169026,1.24033879366037,1.044310132461072,-0.38346324766118123,-1.2918235886965683,-0.36045934952783726,-0.8887724696124361
0.2310373175876413,1.0339704989912084,0.581979773655342,-0.6316673078364355,0.08857680858707076,-1.011143599395464,-1.6524375742229298,0.06837968523748382,0.19457462521782254,0.7153576151218648,1.0473653543412618
-0.22728615818769465,2.010535276282453,-2.1524401382229295,-0.5654840229618815,1.3239562420705984,-0.4482730011315056,-1.3527989401469296,0.695564651798342,1.4332398034798173,0.24468769308761984,0.037206489669766724
1.3768460070259818,-0.7416018233565087,1.197224253827953,1.1773424787347118,-0.24085770700853654,1.24033879366037,1.4320777765594253,1.4036767108186308,0.5042409197833226,-0.6294135906902626,-0.2995131318873983
0.2310373175876413,-1.0375305437477949,0.37689828026447153,-0.7860949725437287,0.08857680858707076,-0.6734212404370891,-0.6830184639770468,-0.31602400394493296,1.928705874784615,2.3290830620964176,0.12138639505905761
4.203174107640555,1.4482707075390087,0.9237822626401259,-0.6096062128782509,0.6925400871790177,-1.06743065922186,-1.6171859702139886,1.8420317949740388,-1.4156901065227678,1.1187889768655026,-1.057132280391018
0.6129735474004214,-0.3864873588869651,0.855421764843169,-0.7199116876691746,0.6650872108793838,-0.11055064217313045,-0.8063990780083411,0.15942266425437596,0.81390721434882,0.8498347357030777,0.5422859220055135
-2.518903537064376,-0.7120089513173801,0.581979773655342,-0.1904454086727411,-0.7350094804019477,-0.05426358234673459,0.07489102221518895,-1.8671266094179695,2.114505651523913,-1.1673220730151137,1.8891644082341736
0.9185225312506459,1.8033851720085525,1.9491897295944773,-0.6537284027946203,1.5161263761680361,-1.011143599395464,-0.41863143390998786,0.9316020048050799,-0.17702492826077312,-0.09150510836541155,-1.1413121857803101
0.2310373175876413,-0.14974438257393632,-0.375067195502053,-0.7199116876691746,-0.4055749648063402,-0.9548565395690684,0.33927805228224794,-0.2485847602287221,-0.9821572941310711,-1.0328449524339007,-0.8887724696124361
-1.2203203557009237,0.3829273141303786,-0.6485091866898801,0.4493263451146158,-0.1859519544092686,0.7900423150492033,0.7094198943761305,-0.48462211323549753,0.4423076608702215,-0.898367831852688,-0.04697341571952417
-1.1439331097383671,-0.564044591121737,-0.6485091866898801,1.0449759089856037,-0.21340483070890257,1.1277646740075784,0.19827163624648314,0.3954600172611514,-0.17702492826077312,-0.5621750303996562,-0.3836930372766892
-0.15089891222513888,-0.2681158707304509,0.0350957912796877,0.29489868040732287,-0.6251979752034118,-0.11055064217313045,-0.29525081987869367,-0.720659466242273,0.008774848478524704,-0.6294135906902626,1.0473653543412618
0.001875579699973319,-0.9783447996695377,-0.03326470651726914,-0.8743393523764675,-0.3232163359074385,-0.5608471207842973,-0.718270067985988,-0.68693984438413,0.566174178696421,-0.898367831852688,0.20556630044835
-0.15089891222513888,-0.44567310296522245,0.0350957912796877,0.3831430602400617,-0.26831058330817054,0.9589034945283909,1.396826172550484,-0.2485847602287221,0.008774848478524704,-0.9656063921432944,0.7106457327840968
-0.15089891222513888,-1.333459264139081,-0.2383461999081393,0.27283758544913805,0.006218179688169026,-0.7297083002634849,-0.18949600785187004,0.39208805507535577,1.6809728391322163,-0.6294135906902626,-0.8045925642231452
-0.07451166626258313,-0.44567310296522245,-0.03326470651726914,2.89810788547312,-0.2957634596078045,1.4091999731395577,2.43674849081425,1.8420317949740388,-0.9821572941310711,0.17744913279701416,-1.562211712726766
-0.532835142037919,3.1942501578475975,-2.1524401382229295,-0.6096062128782509,2.9985816963482694,-1.3488659583538394,-1.7934439902586947,0.3280207735449405,2.0525723926108146,-0.158743668656018,0.20556630044835
-0.4564478960753633,3.2534359019258545,-1.8789981470351023,-0.6096062128782509,0.30819981898414256,-1.2925788985274433,-1.775818188254224,0.4325516013050898,1.866772615871514,0.31192625337822627,0.20556630044835
-0.532835142037919,-0.7416018233565087,0.17181678687360138,1.5303199980656674,-0.10359332551036686,1.4091999731395577,1.1148133404789544,1.2687982233861717,1.8048393569584158,-0.6294135906902626,-0.552052848055271
-1.1439331097383671,-0.6232303351999943,1.0605032582340392,0.27283758544913805,0.3356526952837765,0.28345877661164054,1.2029423505013073,-0.21149317618482114,-0.7344242584786721,-0.49493647010904973,-0.6783227061392081
0.1546500716250855,-0.3273016148087082,-0.03326470651726914,-0.7419727826273592,-0.5977450989037778,-0.3919859413051097,-0.06611539382057585,-0.6532202225260246,-0.9821572941310711,-1.0328449524339007,0.2897462058376409
-0.532835142037919,0.3237415700521216,-0.03326470651726914,-0.3448730733800342,-0.2957634596078045,-0.4482730011315056,0.5860392803448363,-1.44900329837741,-0.4866912228262732,-1.5035148744681455,1.2157251651198437
-0.4564478960753633,1.2707134753042375,-1.1270326712685776,1.089098098901973,-0.54283934630451,0.45231995609082815,0.7622973003895424,0.6348693324537223,0.318441143044022,-0.09150510836541155,-0.9729523750017269
-0.532835142037919,-0.44567310296522245,-0.8535906800807505,0.33902087032369216,-0.3232163359074385,3.82954354567458,1.0795617364700132,-0.3025361552017133,-0.42475796391317205,-1.3017991935963262,-0.3836930372766892
-1.4494820935885917,-0.09055863849567904,-0.10162520431422599,-0.8522782574182828,-0.24085770700853654,-0.27941182165231804,0.09251682421965955,-1.3781920924753661,0.566174178696421,0.5808804945406519,0.6264658273948059
0.2310373175876413,0.20537008189560707,1.2655847516249097,1.7068087577311453,-0.4055749648063402,1.5217740927923493,1.2381939545102485,1.3025178452442772,-0.8582907763048716,-0.49493647010904973,-1.3096719965588919
-0.532835142037919,-0.564044591121737,0.24017728467055785,1.5303199980656674,-0.04868757291109892,0.9589034945283909,1.1500649444878956,1.1676393578118553,2.1764389104370143,-0.4276979098184437,-0.4678729426659801
-0.22728615818769465,-0.5048588470434797,0.10345628907664453,1.6626865678147755,-0.15849907810963482,1.6343482124451412,1.044310132461072,1.1676393578118553,0.9997069910881204,-1.0328449524339007,-0.552052848055271
-0.07451166626258313,0.26455582597386434,-0.10162520431422599,1.0670370039437882,-0.54283934630451,-0.05426358234673459,0.18064583424201255,-0.13393804591114872,-0.9821572941310711,-0.7638907112714755,0.2897462058376409
-0.4564478960753633,-0.7416018233565087,-0.16998570211118283,2.0597862770621007,-0.2957634596078045,0.508607015917224,0.07489102221518895,1.2822860721294287,-1.1060238119572705,-0.2259822289466244,-1.225492091169601
-0.6856096339630313,0.027812849660835207,-0.375067195502053,2.7657413157240125,0.11602968488670473,1.6343482124451412,1.4849551825728369,1.5655308957375293,-0.7344242584786721,-0.29322078923723083,-1.4780318073374736
-0.7619968799255871,-0.2681158707304509,-0.375067195502053,1.8391753274802534,-0.2957634596078045,1.5217740927923493,1.6259615986086018,1.0833403031665918,-0.36282470500007374,-0.6966521509808691,-0.8887724696124361
0.2310373175876413,-0.3864873588869651,0.6503402714522984,-0.8302171624600981,-0.3506692122070724,-1.06743065922186,0.21589743825095375,-0.5419454703942842,0.318441143044022,-0.5621750303996562,-0.21533322649810593
-0.07451166626258313,-0.3864873588869651,-0.8535906800807505,0.6037540098219089,-0.46048071740560814,1.0151905543547868,1.2381939545102485,0.4224357147476282,-0.42475796391317205,-0.2259822289466244,-0.9729523750017269
-0.22728615818769465,-0.8599733115130231,0.17181678687360138,-0.6978505927109898,-0.3781220885067064,-0.27941182165231804,0.39215545829565973,-0.3497436258030384,0.5042409197833226,0.44640337395943913,-0.3836930372766892
0.30742456355019704,0.26455582597386434,-0.6485091866898801,-0.49930073808732733,-0.570292222604144,-0.6171341806106931,-0.013237987807164047,-0.6532202225260246,-1.22989032978347,-1.6379919950493582,-0.2995131318873983
0.6893607933629772,-0.8599733115130231,1.197224253827953,0.669937294696463,-0.15849907810963482,1.1840517338339742,1.6083357966041312,0.29092918950100205,-0.7963575173917705,-0.09150510836541155,0.37392611122693176
-0.6092223880004748,-0.44567310296522245,-0.8535906800807505,-0.6757894977528051,0.7474458397782857,-0.5045600609579014,1.3615745685415428,0.21000209704157152,1.619039580219118,0.6481190548312584,-0.8045925642231452
1.6823949908762061,-0.6232303351999943,0.10345628907664453,-0.6096062128782509,0.11602968488670473,1.24033879366037,-0.718270067985988,1.1204318872104928,1.4951730623929185,2.4635601826776306,-0.2995131318873983
0.07826282566252908,-0.800787567434766,-0.10162520431422599,1.2876479535256355,-0.54283934630451,-0.6734212404370891,-0.030863789811634647,0.8304431392307637,1.0616402500012188,-0.2259822289466244,-0.8045925642231452
-0.6092223880004748,-0.564044591121737,0.0350957912796877,-0.9184615422928369,-0.6251979752034118,0.5648940757436198,0.0043878141973065525,-1.1455267016544237,0.5042409197833226,0.31192625337822627,0.20556630044835
-0.991158617813255,1.8033851720085525,-0.5801486888929233,-0.01395664900726334,-0.5977450989037778,-0.5608471207842973,0.25114904225989493,-1.4759789958638867,1.4332398034798173,-0.36045934952783726,1.8891644082341736
-0.6092223880004748,-0.6824160792782514,0.24017728467055785,1.1552813837765272,-0.4055749648063402,1.3529129133131619,0.46265866631354213,0.7292842736564474,0.008774848478524704,-0.4276979098184437,-1.1413121857803101
-0.22728615818769465,0.3237415700521216,0.7187007692492553,0.2507764904909534,0.2532940663848746,0.6211811355700156,1.0971875384744838,0.3313927357307361,-0.672490999565571,0.042972012215801304,-0.9729523750017269
-0.6856096339630313,-0.3864873588869651,-0.5117881910959666,0.7471511270501094,-0.7075566041023137,0.11459759713245299,1.0266843304566013,0.4258076769334612,0.9997069910881204,0.24468769308761984,-0.7204126588338543
-0.15089891222513888,-0.3864873588869651,0.0350957912796877,0.5927234623428166,-0.6801037278026797,0.002023477479661268,0.0043878141973065525,-0.9971603654787449,-0.672490999565571,0.7153576151218648,1.8891644082341736
-0.532835142037919,-0.3864873588869651,0.4452587780614284,0.6037540098219089,-0.7075566041023137,1.3529129133131619,1.8022196186533077,-1.010648214222002,-1.22989032978347,-0.7638907112714755,2.1417041244020463
1.5296204989510933,2.1584996364780955,-0.5801486888929233,0.2507764904909534,-0.4055749648063402,-0.8422824199162766,-0.3657540278965761,0.08861145835236954,-2.0969559545668637,-1.3017991935963262,-0.3836930372766892
-0.9147713718506992,-0.9191590555912804,-0.375067195502053,-0.8081560675019134,-0.4879335937052421,0.002023477479661268,-0.17187020584739945,-1.5366743152085065,0.566174178696421,-0.8311292715620819,1.5524447866770086
-0.3800606501128069,-1.2742735200608237,1.7441082362036069,0.33902087032369216,-0.021234696611464945,1.690635272271537,0.6389166863582482,0.31790488698751634,-1.6634231421751668,-0.6966521509808691,-0.9729523750017269
-1.2203203557009237,-0.948751927630409,1.197224253827953,-0.8743393523764675,-0.7350094804019477,-0.11055064217313045,0.05726522021071835,-0.9229771973909054,1.9906391336977136,-0.5621750303996562,-0.21533322649810593
0.001875579699973319,-0.031372894417421755,-0.716869684486837,-0.5654840229618815,0.5003699530815799,0.6211811355700156,-0.8063990780083411,0.44603945004830947,0.875840473261921,0.042972012215801304,-0.3836930372766892
-1.1439331097383671,-1.1559020319043094,-0.2383461999081393,-0.30075088346366474,-0.3232163359074385,1.5217740927923493,0.6565424883627188,-1.09157530668147,-0.05315841043457366,-1.7724691156305707,0.5422859220055135
2.217105712614098,-0.2089301266521936,0.855421764843169,-0.6096062128782509,0.6376343345797498,-0.4482730011315056,-1.1941667221066943,1.4373963326767363,0.566174178696421,0.9170732959936841,-0.7204126588338543
-0.9147713718506992,-0.6232303351999943,-0.2383461999081393,-0.2455981460682029,-0.515386470004876,1.7469223320979328,0.35690385428671856,-1.037623911708479,0.4423076608702215,0.042972012215801304,0.6264658273948059
-0.30367340415025107,-0.5048588470434797,1.6757477384066508,1.5082589031074827,-0.3781220885067064,1.9157835115771207,1.9784776386980139,0.8304431392307637,-1.2918235886965683,0.6481190548312584,-1.057132280391018
0.3838118095127535,1.8921637881259383,-2.1524401382229295,-0.5875451179200661,0.9121630975760892,-1.2362918387010475,-1.6700633762274004,0.9653216266631854,0.2565078841309237,1.3205046577373218,-1.057132280391018
-0.7619968799255871,-0.6232303351999943,-0.6485091866898801,0.6258151047800937,-0.10359332551036686,0.8463293748755991,0.6212908843537776,0.3077890004300548,0.008774848478524704,-0.09150510836541155,-1.057132280391018
-1.6786438314762595,-0.8599733115130231,0.581979773655342,-0.6978505927109898,-1.146802624896457,-0.5608471207842973,-0.27762501787422306,-1.6310892564111943,0.875840473261921,0.11021057250640773,1.2578151178144898
1.2240715151008703,1.8625709160868098,-0.375067195502053,-0.7419727826273592,0.472917076781946,-1.461440078006631,-1.599560168209518,0.8641627610888691,-0.4866912228262732,1.3877432180279283,-1.1413121857803101
-1.2203203557009237,2.0697210203607095,-1.7422771514411886,0.3831430602400617,-0.4055749648063402,-1.1800047788746517,-0.5243862459368115,-0.07324272656656644,1.3093732856536178,-0.6294135906902626,-0.2995131318873983
0.1546500716250855,-0.8599733115130231,-0.16998570211118283,-0.7419727826273592,-0.26831058330817054,-0.7859953600898807,-0.24237341386528186,-0.7105435796848113,0.318441143044022,-0.5621750303996562,0.037206489669766724
-0.22728615818769465,0.3829273141303786,-0.6485091866898801,-0.1904454086727411,-0.7075566041023137,-1.123717719048256,-0.20712180985634066,-0.5183417350936029,-1.4156901065227678,2.1946059415152046,0.8790055435626786
-0.4564478960753633,-0.800787567434766,1.2655847516249097,0.8023038644455713,-0.570292222604144,0.6211811355700156,1.3615745685415428,-0.5385735082084512,-1.6634231421751668,0.17744913279701416,0.37392611122693176
0.2310373175876413,-0.09055863849567904,0.4452587780614284,0.8023038644455713,1.9004666443629115,1.0714776141811826,1.5025809845773075,0.8675347232747022,-1.5395566243489673,0.24468769308761984,-0.9729523750017269
-1.3730948476260352,1.4778635795781374,-1.4688351602533614,-0.49930073808732733,-0.4055749648063402,-0.22312476182592217,-0.5948894539546938,-0.4509024913773921,0.81390721434882,-1.0328449524339007,-1.057132280391018
-0.22728615818769465,-0.44567310296522245,1.197224253827953,4.067345918256911,0.006218179688169026,1.6343482124451412,2.1371098567382494,2.6513027195686436,-1.5395566243489673,-0.4276979098184437,-1.646391618116057
-0.532835142037919,0.20537008189560707,0.17181678687360138,-0.36693416833821896,-0.570292222604144,0.2271717167852447,1.520206786581778,-0.28230438208682757,-0.5486244817393715,1.5222203386091413,-0.4678729426659801
0.9949097772132016,-0.800787567434766,1.4023057472188234,-0.6978505927109898,0.9121630975760892,-1.1800047788746517,-1.599560168209518,0.655101105568608,0.81390721434882,0.9170732959936841,-0.13115332110881506
-0.30367340415025107,1.8625709160868098,-1.6739166536442318,-0.764033877585544,0.3631055715834105,-0.7859953600898807,-0.9297796920396353,0.39883197944698434,0.38037440195712313,0.44640337395943913,-1.057132280391018
-0.07451166626258313,0.5604845463651504,-0.5801486888929233,0.1625321106582144,-0.5977450989037778,-0.33569888147871385,-0.24237341386528186,-1.3208687353166169,-0.4866912228262732,0.24468769308761984,2.225884029791337
-0.7619968799255871,-0.031372894417421755,-0.44342769329900983,1.552381093023852,0.06112393228743678,0.17088465695884883,1.0090585284521307,1.063108530051706,-0.5486244817393715,0.17744913279701416,-1.562211712726766
0.5365863014378657,0.027812849660835207,0.9921427604370827,-0.32281197842184944,0.5827285819804818,-0.8422824199162766,-1.3527989401469296,0.9316020048050799,0.7519739554357215,2.1946059415152046,1.8891644082341736
-0.30367340415025107,0.14618433781734977,1.3339452494218664,1.4861978081492981,-0.3506692122070724,1.8032093919243288,0.8680521124163659,1.0327608703794338,-0.23895818717387424,-0.6294135906902626,-1.4780318073374736
-0.30367340415025107,-0.2681158707304509,0.10345628907664453,1.7068087577311453,-0.43302784110597414,1.690635272271537,0.956181122438719,0.692192689612509,-0.7963575173917705,0.17744913279701416,-0.6362327534445619
-0.9147713718506992,0.14618433781734977,0.0350957912796877,-0.8964004473346523,-0.10359332551036686,0.05831053730605713,1.8462841236644842,-0.720659466242273,0.38037440195712313,1.2532660974467156,-0.6362327534445619
-0.22728615818769465,-0.2681158707304509,-0.10162520431422599,1.210434121171989,-0.54283934630451,-1.461440078006631,-1.5114311581871651,-0.9094893486476483,-0.9821572941310711,-1.436276314177539,1.8049845028448814
-0.6856096339630313,-0.2681158707304509,-0.2383461999081393,-0.01395664900726334,-0.4055749648063402,0.3397458364380364,0.956181122438719,0.1729105129976331,-0.05315841043457366,1.0515504165748963,-0.8887724696124361
0.6129735474004214,-1.2742735200608237,-0.44342769329900983,-0.8743393523764675,-0.6526508515030457,-0.8422824199162766,-0.48913464192787026,-1.3815640546611991,-1.5395566243489673,-0.9656063921432944,0.5422859220055135
0.001875579699973319,-0.2681158707304509,-0.375067195502053,-0.7860949725437287,-0.43302784110597414,0.9026164347019949,1.132439142483425,-1.010648214222002,-0.23895818717387424,0.17744913279701416,0.6264658273948059
-0.30367340415025107,-0.5048588470434797,-0.16998570211118283,1.5082589031074827,-0.13104620181000085,1.3529129133131619,0.8151747064029542,0.31116096261588777,-1.22989032978347,0.31192625337822627,-0.13115332110881506
0.2310373175876413,-0.8599733115130231,1.197224253827953,-0.8302171624600981,-0.7075566041023137,-1.2362918387010475,-0.29525081987869367,-0.9229771973909054,-1.0440905530441695,0.5808804945406519,0.45810601661622263
-0.22728615818769465,-0.9191590555912804,1.9491897295944773,-0.23456759858911058,-0.54283934630451,-1.3488659583538394,0.14539423023307135,-0.6700800334550774,-1.9111561778275659,0.3791648136688327,-0.13115332110881506
0.6129735474004214,0.20537008189560707,-1.7422771514411886,-0.7199116876691746,0.5827285819804818,-1.011143599395464,-1.1412893160932824,0.5775459752949356,0.875840473261921,-0.09150510836541155,-0.552052848055271
0.765748039325533,0.14618433781734977,0.3085377824675147,-0.8964004473346523,-0.6251979752034118,-0.7297083002634849,-0.3657540278965761,-1.3276126596882079,-1.1679570708703688,-1.436276314177539,0.9631854489519694
1.4532332529885377,-0.44567310296522245,0.9237822626401259,1.221464668651081,-0.5977450989037778,-0.11055064217313045,0.18064583424201255,0.8304431392307637,-0.17702492826077312,-0.49493647010904973,-0.13115332110881506
-0.9147713718506992,-1.0967162878260521,0.3085377824675147,-0.764033877585544,-0.4055749648063402,-0.9548565395690684,-0.9297796920396353,-1.047739798265903,-0.05315841043457366,0.042972012215801304,0.20556630044835
-0.7619968799255871,0.9747847549129511,-1.1953931690655344,-0.6978505927109898,-0.021234696611464945,-0.8422824199162766,-1.4056763461603414,-0.1946333652557684,1.5571063213060168,0.24468769308761984,0.7948256381733877
-0.3800606501128069,-0.5048588470434797,0.5136192758583852,0.29489868040732287,3.1358460778464394,1.9157835115771207,1.520206786581778,0.3651123575888415,-0.23895818717387424,-1.0328449524339007,-0.9729523750017269
0.46019905547530926,-0.2681158707304509,0.3085377824675147,-0.10220102884000232,-0.8997267381997514,-0.5608471207842973,1.4849551825728369,-0.7813547855868552,-1.0440905530441695,0.8498347357030777,1.1315452597305526
-0.07451166626258313,-1.333459264139081,-0.10162520431422599,-0.43311745321277306,-1.064443995997555,-0.8422824199162766,-1.3527989401469296,-1.5164425420936207,-1.2918235886965683,-0.09150510836541155,1.1315452597305526
-0.22728615818769465,-0.564044591121737,0.24017728467055785,0.9126093392364949,-0.6251979752034118,0.6774681953964116,0.6389166863582482,0.054891836494264115,-0.11509166934767477,-1.1673220730151137,0.7948256381733877
0.30742456355019704,-0.3864873588869651,0.5136192758583852,-0.6978505927109898,-0.13104620181000085,-0.3919859413051097,0.03963941820624775,-0.14742589465440586,0.13264136630472417,-0.898367831852688,-0.13115332110881506
-0.9147713718506992,-0.5048588470434797,0.7187007692492553,0.030165540909106146,-0.8173681093008495,2.253505870535496,1.132439142483425,-1.0578556848233647,1.0616402500012188,-0.898367831852688,1.4682648812877177
0.30742456355019704,-1.0967162878260521,0.6503402714522984,-0.6978505927109898,-0.26831058330817054,-0.1668377019995263,0.6565424883627188,-0.28230438208682757,-0.17702492826077312,-0.024266548074805126,-0.3836930372766892
-0.6092223880004748,-0.09055863849567904,-0.10162520431422599,0.47138744007280065,-0.43302784110597414,0.6774681953964116,0.956181122438719,-0.41381090733345366,-0.05315841043457366,-0.29322078923723083,0.45810601661622263
-0.9147713718506992,-1.0967162878260521,-0.6485091866898801,-0.764033877585544,-0.4055749648063402,0.3397458364380364,-0.13661860183845825,-1.3613322815463134,0.07070810739162582,-1.436276314177539,0.7106457327840968
-0.6092223880004748,-0.9783447996695377,1.128863756030996,-0.23456759858911058,3.547639222340948,1.9157835115771207,0.6389166863582482,-0.012547407221946727,-1.0440905530441695,-0.898367831852688,-1.057132280391018
0.001875579699973319,1.152341987147723,-0.3067066977050961,-0.5434229280036967,0.7474458397782857,-1.011143599395464,-0.6301410579636351,0.6281254080820937,0.9997069910881204,1.186027537156109,0.37392611122693176
-1.5258693395511473,-1.0375305437477949,-0.3067066977050961,-0.9625837322092065,-0.7350094804019477,-1.06743065922186,-0.8063990780083411,-0.7948426343301124,0.4423076608702215,-0.8311292715620819,-0.6362327534445619
0.9949097772132016,-0.031372894417421755,0.855421764843169,-0.7419727826273592,0.6101814582801158,-1.3488659583538394,-1.7934439902586947,0.5101067315787248,1.8048393569584158,0.6481190548312584,0.12138639505905761
0.6129735474004214,-0.6232303351999943,-0.10162520431422599,2.7326496732867347,-0.021234696611464945,0.7337552552228074,1.2381939545102485,1.7408729293997225,-1.1060238119572705,-0.2259822289466244,-1.1413121857803101
-0.22728615818769465,-0.3864873588869651,-0.3067066977050961,-0.6537284027946203,-0.570292222604144,0.6774681953964116,0.12776842822860077,-0.6532202225260246,1.1855067678274183,-0.29322078923723083,0.20556630044835
-0.7619968799255871,-0.3273016148087082,0.0350957912796877,-0.32281197842184944,-0.8448209856004835,0.508607015917224,0.42740706230460096,-1.7996873657017587,0.5042409197833226,-1.1000835127245072,2.1417041244020463
0.07826282566252908,-0.564044591121737,-0.16998570211118283,0.5375707249473548,-0.21340483070890257,0.45231995609082815,0.779923102394013,0.6618450299402366,1.2474400267405195,-1.0328449524339007,-0.8045925642231452
0.2310373175876413,0.20537008189560707,1.7441082362036069,-0.6096062128782509,1.3514091183702324,-1.4051530181802352,-1.7934439902586947,0.5101067315787248,0.81390721434882,0.11021057250640773,0.7106457327840968
-0.7619968799255871,-1.1559020319043094,-0.3067066977050961,1.30970904848382,-0.5977450989037778,0.9026164347019949,0.03963941820624775,0.49999084502130065,-0.672490999565571,-1.0328449524339007,-1.225492091169601
-0.532835142037919,1.0339704989912084,-1.4004746624564048,-0.7199116876691746,0.445464200482312,-0.9548565395690684,-1.335173138142459,0.3246488113591449,0.6900406965226205,-0.09150510836541155,-1.057132280391018
-1.2203203557009237,-0.6824160792782514,-0.44342769329900983,0.6478761997382784,-0.3781220885067064,0.05831053730605713,-0.22474761186081124,-0.08335861312399058,-0.23895818717387424,-0.7638907112714755,-0.13115332110881506
1.0712970231757575,0.14618433781734977,2.2909922185792615,0.29489868040732287,0.6376343345797498,-1.5177271378330268,-1.863947198276577,1.2249627149706421,0.2565078841309237,0.31192625337822627,0.37392611122693176
-0.6092223880004748,0.14618433781734977,1.197224253827953,1.817114232522069,-0.3232163359074385,1.296625853486766,2.2781162727740143,1.2350786015280661,-0.5486244817393715,-0.36045934952783726,-1.7305715235053478
-0.30367340415025107,-0.9783447996695377,-0.2383461999081393,0.8023038644455713,-0.26831058330817054,1.24033879366037,2.2604904707695437,0.22348994578479123,-0.05315841043457366,-0.024266548074805126,-0.04697341571952417
-0.22728615818769465,0.8564132667564366,-0.5117881910959666,-0.8522782574182828,-0.21340483070890257,-0.9548565395690684,0.19827163624648314,-0.4509024913773921,-0.36282470500007374,-0.158743668656018,-0.9729523750017269
0.6129735474004214,4.940229608156185,-0.716869684486837,-0.6978505927109898,0.7199929634786517,-0.8985694797426724,-1.2822957321290473,0.2639534920145252,0.6900406965226205,-0.4276979098184437,-0.04697341571952417
-1.2203203557009237,-0.3864873588869651,-0.3067066977050961,-0.25662869354729534,-0.3781220885067064,1.24033879366037,0.779923102394013,-0.848794029303066,0.7519739554357215,-0.6294135906902626,0.12138639505905761
-1.0675458637758115,-0.5048588470434797,-0.10162520431422599,-0.5434229280036967,-0.6251979752034118,2.534941169667475,0.26877484426436554,-1.4624911471206672,-0.17702492826077312,-1.0328449524339007,0.7948256381733877
0.3838118095127535,-0.9783447996695377,0.24017728467055785,0.1625321106582144,-0.04868757291109892,-0.27941182165231804,0.5331618743314246,0.4123198281902041,0.07070810739162582,0.042972012215801304,-0.2995131318873983
0.6893607933629772,1.8625709160868098,2.6327947075640448,-0.6316673078364355,1.131786107973161,-0.27941182165231804,0.26877484426436554,0.8978823829469745,-0.92022403521797,-0.024266548074805126,-1.3096719965588919
-0.30367340415025107,0.0869985937390925,0.0350957912796877,-0.7199116876691746,0.28074694268450856,-1.461440078006631,-1.863947198276577,-0.5857809788098138,0.81390721434882,0.11021057250640773,1.8891644082341736
0.07826282566252908,1.8625709160868098,-2.1524401382229295,-0.6757894977528051,0.7474458397782857,-1.3488659583538394,-1.599560168209518,1.2687982233861717,2.362238687176312,2.866991544421268,-0.552052848055271
-0.6092223880004748,-0.7416018233565087,0.17181678687360138,-0.8081560675019134,-0.9271796144993852,1.4654870329659535,0.022013616201777154,-1.671552802640928,-0.3008914460869726,1.1187889768655026,0.9631854489519694
4.203174107640555,1.5074564516172662,2.2909922185792615,-0.6096062128782509,0.17093543748597267,-1.3488659583538394,-1.564308564200577,1.7408729293997225,-1.22989032978347,0.24468769308761984,-0.552052848055271
0.6129735474004214,1.2115277312259802,0.7187007692492553,1.6626865678147755,4.233961129831798,0.3960328962644323,1.7493422126398959,1.4373963326767363,-1.4776233654358661,0.17744913279701416,-1.057132280391018
0.30742456355019704,-1.1559020319043094,0.581979773655342,-0.8302171624600981,-0.570292222604144,-0.33569888147871385,-0.030863789811634647,-0.4509024913773921,-0.5486244817393715,1.5222203386091413,-0.4678729426659801
-1.6022565855137039,-0.6824160792782514,-0.9219511778777073,-0.8964004473346523,-0.10359332551036686,-0.9548565395690684,-0.25999921586975244,-1.6782967270125568,-0.05315841043457366,-0.9656063921432944,0.7948256381733877
0.765748039325533,1.5074564516172662,-0.9903116756746639,-0.6096062128782509,0.41801132418267806,-1.06743065922186,-0.718270067985988,0.5944057862239883,-0.17702492826077312,-0.5621750303996562,-1.057132280391018
-0.3800606501128069,-0.6232303351999943,-0.03326470651726914,-0.6096062128782509,-0.3506692122070724,0.3960328962644323,-0.013237987807164047,-1.4860948824213485,0.38037440195712313,-0.49493647010904973,1.9733443136234645
-0.3800606501128069,3.0166929256128254,-2.0157191426290155,-0.6978505927109898,0.19838831378560665,-0.05426358234673459,-1.335173138142459,0.06163576086589269,0.4423076608702215,0.17744913279701416,0.1634763477537038
-1.5258693395511473,-0.031372894417421755,0.37689828026447153,0.2507764904909534,-0.7075566041023137,0.6774681953964116,0.33927805228224794,-1.2736612647152543,0.13264136630472417,-0.8311292715620819,1.6366246920662995
-1.6786438314762595,-0.6528232072391229,-0.3067066977050961,1.4751672606702055,-0.7350094804019477,0.2271717167852447,0.07489102221518895,0.29092918950100205,-0.9821572941310711,-0.2259822289466244,-0.9729523750017269
-0.07451166626258313,-1.0967162878260521,0.3085377824675147,-0.8522782574182828,-0.3781220885067064,-0.5045600609579014,-0.41863143390998786,-0.68693984438413,-0.42475796391317205,-0.7638907112714755,0.37392611122693176
0.001875579699973319,-0.9191590555912804,-0.03326470651726914,-0.764033877585544,0.1434825611863387,0.05831053730605713,1.044310132461072,-0.9566968192490108,0.7519739554357215,-0.6294135906902626,0.9631854489519694
1.0712970231757575,-0.7416018233565087,0.3085377824675147,-0.6978505927109898,0.19838831378560665,1.296625853486766,-0.6477668599681057,0.5067347693929292,1.4951730623929185,2.261844501805811,0.37392611122693176
-0.7619968799255871,0.027812849660835207,-0.03326470651726914,-0.5434229280036967,-0.570292222604144,0.3960328962644323,-0.38337982990104663,-1.738992046357139,0.2565078841309237,-0.024266548074805126,1.8891644082341736
-0.6856096339630313,-0.5344517190826084,0.37689828026447153,-0.8743393523764675,-0.46048071740560814,0.3960328962644323,0.0043878141973065525,-1.3613322815463134,-1.4156901065227678,-0.9656063921432944,0.2897462058376409
-0.8383841258881435,-0.564044591121737,1.128863756030996,2.3686416064766873,-0.13104620181000085,-0.27941182165231804,-0.34812822589210546,1.106944038467273,-0.9821572941310711,-0.5621750303996562,-1.1413121857803101
-0.532835142037919,-0.3864873588869651,-0.375067195502053,0.8243649594037563,-0.46048071740560814,0.7900423150492033,0.4450328643090716,0.35836843321725037,0.566174178696421,-1.1000835127245072,-0.2995131318873983
-0.3800606501128069,-0.2681158707304509,1.197224253827953,-0.05807883892363283,-0.6251979752034118,0.3397458364380364,0.779923102394013,-0.012547407221946727,-0.672490999565571,-0.5621750303996562,-0.552052848055271
-0.8383841258881435,-0.3864873588869651,-0.44342769329900983,2.798832958161289,-0.3506692122070724,1.0151905543547868,0.8328005084074248,1.6059944419672634,0.6900406965226205,-0.36045934952783726,-0.8887724696124361
-0.6092223880004748,-0.3864873588869651,-0.16998570211118283,-0.764033877585544,-0.13104620181000085,0.2271717167852447,0.23352324025542434,-0.5520613569517083,1.5571063213060168,0.17744913279701416,-0.04697341571952417
0.001875579699973319,-0.2089301266521936,1.2655847516249097,1.817114232522069,-0.021234696611464945,2.140931750882704,1.4320777765594253,1.2350786015280661,-1.3537568476096695,-0.4276979098184437,-1.1413121857803101
-0.07451166626258313,2.188092508517224,-2.1524401382229295,-0.5985756653991585,0.39055844788304406,-0.5045600609579014,-1.1765409201022237,0.6011497105956168,0.38037440195712313,-0.5621750303996562,-0.9729523750017269
4.8142720753410035,1.0931562430694657,3.2480391877366563,-0.05807883892363283,1.7357493865651077,-0.3919859413051097,-0.6477668599681057,2.448984988420011,-0.3008914460869726,1.5894588988997476,2.0575242190127554
-0.07451166626258313,-0.7416018233565087,2.906236698751872,-0.521361833045512,-0.3506692122070724,0.6774681953964116,0.5331618743314246,-1.1927341722557863,0.5042409197833226,-0.8311292715620819,1.3840849758984255
0.07826282566252908,-0.5048588470434797,-0.03326470651726914,-0.764033877585544,-0.46048071740560814,0.508607015917224,1.044310132461072,-0.9229771973909054,-0.23895818717387424,-0.158743668656018,0.7106457327840968
0.30742456355019704,-0.8599733115130231,-0.375067195502053,-0.05807883892363283,-0.6526508515030457,-0.22312476182592217,-0.6653926619725763,-1.2736612647152543,-1.5395566243489673,-0.29322078923723083,1.4682648812877177
-0.7619968799255871,-0.6528232072391229,0.17181678687360138,-0.6978505927109898,-0.570292222604144,-1.461440078006631,0.05726522021071835,-1.4220276008909332,1.0616402500012188,-0.6294135906902626,1.3840849758984255
-0.3800606501128069,0.26455582597386434,-0.03326470651726914,-0.521361833045512,-0.07614044921073289,-0.1668377019995263,1.5554583905907193,0.08861145835236954,1.4332398034798173,0.24468769308761984,-0.04697341571952417
-0.9147713718506992,0.8564132667564366,-2.1524401382229295,-0.6096062128782509,0.30819981898414256,-0.8422824199162766,-1.423302148164812,-0.5453174325800798,2.1764389104370143,0.3791648136688327,1.6366246920662995
-0.6856096339630313,-0.14974438257393632,-0.375067195502053,1.5303199980656674,-0.21340483070890257,1.8594964517507246,0.9914327264476601,0.5269665425077775,-0.5486244817393715,0.11021057250640773,-0.552052848055271
-0.7619968799255871,0.678856034521665,-0.16998570211118283,-0.6537284027946203,0.472917076781946,0.11459759713245299,-0.27762501787422306,0.41906375256183265,0.628107437609522,0.5808804945406519,-0.6362327534445619
-0.6856096339630313,-0.6824160792782514,-0.716869684486837,0.008104445950921305,-0.5977450989037778,-0.05426358234673459,0.49791027032248336,-0.11370627279630043,0.81390721434882,-1.3690377538869325,-0.3836930372766892
2.2934929585766537,0.5604845463651504,0.7187007692492553,-0.6757894977528051,0.39055844788304406,-1.2925788985274433,-1.6524375742229298,0.3786002063320986,-0.5486244817393715,1.7239360194809605,0.45810601661622263
-0.8383841258881435,0.7972275226781793,-1.5371956580503183,-0.7419727826273592,0.5827285819804818,-0.6734212404370891,-1.4761795541782239,-0.17440159214088272,1.371306544566719,0.042972012215801304,0.5422859220055135
-0.7619968799255871,-0.44567310296522245,1.0605032582340392,-0.8522782574182828,2.4495241703555903,-0.11055064217313045,-0.15424440384292884,-0.7746108612152266,0.008774848478524704,-0.158743668656018,-0.3836930372766892
-0.3800606501128069,-0.5048588470434797,-0.16998570211118283,0.5816929148637242,-0.515386470004876,0.5648940757436198,1.1500649444878956,0.08523949616653653,0.008774848478524704,0.17744913279701416,-0.13115332110881506
-0.4564478960753633,0.0869985937390925,1.4023057472188234,1.3758923333583744,-0.2957634596078045,-1.2362918387010475,-0.06611539382057585,0.695564651798342,-0.9821572941310711,-0.49493647010904973,-0.9729523750017269
-1.1439331097383671,2.0697210203607095,-1.7422771514411886,0.3831430602400617,-0.4055749648063402,-1.1800047788746517,-0.5243862459368115,-0.07324272656656644,1.3093732856536178,-0.6294135906902626,-0.2995131318873983
0.30742456355019704,1.0339704989912084,-1.3321141646594479,-0.4551785481709578,0.28074694268450856,-1.011143599395464,-1.0707861080754,0.8641627610888691,0.81390721434882,0.24468769308761984,-1.225492091169601
1.9115567287638735,1.0931562430694657,1.9491897295944773,-0.6757894977528051,-0.4879335937052421,-1.4051530181802352,-1.6700633762274004,0.4426674878625139,0.4423076608702215,2.1946059415152046,1.5524447866770086
-0.4564478960753633,-0.2089301266521936,-0.2383461999081393,-0.8081560675019134,-0.5977450989037778,-0.11055064217313045,-0.11899279983398765,-2.0829321893098593,-1.4156901065227678,-0.898367831852688,2.225884029791337
0.3838118095127535,1.7441994279302953,-0.716869684486837,-0.6316673078364355,0.5552757056808479,0.11459759713245299,0.33927805228224794,0.35836843321725037,0.2565078841309237,-0.5621750303996562,-0.552052848055271
-0.991158617813255,-1.333459264139081,-0.3067066977050961,-0.05807883892363283,-0.7350094804019477,0.5648940757436198,-0.06611539382057585,-0.7678669368435981,1.9906391336977136,0.9843118562842905,1.2999050705091346
1.6823949908762061,-0.2681158707304509,1.6757477384066508,-0.49930073808732733,0.6376343345797498,-1.3488659583538394,-1.7053149802363416,0.6281254080820937,-0.4866912228262732,2.5980373032588435,0.9631854489519694
0.1546500716250855,-0.2681158707304509,-0.10162520431422599,0.030165540909106146,-0.10359332551036686,0.8463293748755991,0.8680521124163659,-0.14742589465440586,-0.672490999565571,-0.5621750303996562,-0.21533322649810593
-0.6092223880004748,-1.4518307522955956,0.24017728467055785,-0.03601774396544798,-0.24085770700853654,0.05831053730605713,-0.18949600785187004,0.054891836494264115,1.2474400267405195,1.7239360194809605,-0.7204126588338543
-0.22728615818769465,1.3890849634607514,-0.7852301822837936,-0.7309422351482668,0.033671055987803,-1.2362918387010475,-1.6171859702139886,-0.4441585670057635,0.9377737321750194,-0.29322078923723083,0.9631854489519694
0.001875579699973319,-0.031372894417421755,-0.2383461999081393,1.1773424787347118,1.4063148709695004,0.7337552552228074,1.2910713605236603,0.9585777022915942,-1.6634231421751668,0.24468769308761984,-0.9729523750017269
-0.532835142037919,0.5604845463651504,1.0605032582340392,0.08531827830456795,-1.174255501196091,0.7900423150492033,0.40978126030013035,-1.5838817858098315,-0.6105577406524727,-1.436276314177539,2.0575242190127554
0.765748039325533,0.14618433781734977,-0.3067066977050961,-0.7419727826273592,-0.7899152330012155,-1.123717719048256,-0.9650312960485764,-0.7543790881003783,-1.6014898832620656,-0.36045934952783726,-0.13115332110881506
-0.07451166626258313,0.0869985937390925,-0.2383461999081393,-0.5875451179200661,-0.570292222604144,0.28345877661164054,0.022013616201777154,-1.7457359707287676,-0.23895818717387424,-0.6294135906902626,2.4784237459592116
-1.6022565855137039,1.4186778354998801,-2.1524401382229295,-0.7419727826273592,-0.3506692122070724,-0.8985694797426724,-0.48913464192787026,-0.6397323737828049,2.0525723926108146,2.7325144238400556,1.9733443136234645
-0.532835142037919,1.3890849634607514,-2.1524401382229295,-0.6316673078364355,1.076880355373893,-1.5177271378330268,-1.775818188254224,0.3482525466597888,2.424171946089413,0.5808804945406519,0.7948256381733877
-1.6786438314762595,-0.09055863849567904,-1.058672173471621,-0.7860949725437287,-0.21340483070890257,-1.123717719048256,-0.29525081987869367,-0.9566968192490108,1.5571063213060168,-0.6294135906902626,0.12138639505905761
-0.22728615818769465,-0.8599733115130231,0.6503402714522984,-0.8743393523764675,0.08857680858707076,0.3397458364380364,-0.17187020584739945,-0.46101837793481626,-1.4776233654358661,-0.9656063921432944,-1.1413121857803101
-0.9147713718506992,-0.564044591121737,-0.2383461999081393,0.5816929148637242,-0.10359332551036686,0.3960328962644323,0.32165225027777733,0.1189591180246794,-1.0440905530441695,-0.2259822289466244,-0.9729523750017269
-0.4564478960753633,-0.09055863849567904,-0.5117881910959666,2.423794343872149,-0.3232163359074385,0.05831053730605713,0.5860392803448363,1.2418225258996949,-0.92022403521797,-0.09150510836541155,-1.1413121857803101
-0.9147713718506992,-0.3864873588869651,1.197224253827953,0.3831430602400617,-0.24085770700853654,1.7469223320979328,1.9079744306801314,0.25720956764289665,-0.23895818717387424,-0.4276979098184437,-1.057132280391018
-0.7619968799255871,0.0869985937390925,-0.5117881910959666,-0.6316673078364355,1.049427479074259,-0.6171341806106931,-1.2646699301245767,0.021172214636158697,2.114505651523913,0.24468769308761984,0.9631854489519694
-0.6856096339630313,-0.44567310296522245,1.3339452494218664,0.5596318199055395,-0.21340483070890257,0.28345877661164054,1.520206786581778,0.31790488698751634,-0.42475796391317205,0.042972012215801304,-0.9729523750017269
0.8421352852880901,-0.09055863849567904,0.7187007692492553,-0.8633088048973753,-0.6526508515030457,-0.6734212404370891,-0.31287662188316423,-1.1590145503976808,-0.17702492826077312,-1.436276314177539,1.5524447866770086
0.765748039325533,-0.031372894417421755,1.197224253827953,0.6478761997382784,-0.2957634596078045,1.4091999731395577,1.925600232684602,0.49324692064967207,-0.92022403521797,-0.09150510836541155,0.12138639505905761
0.9185225312506459,-0.2681158707304509,-0.44342769329900983,2.798832958161289,-0.26831058330817054,-0.27941182165231804,1.837471222662249,1.8959831899469923,-1.5395566243489673,0.8498347357030777,-1.225492091169601
0.001875579699973319,-0.8599733115130231,0.4452587780614284,-0.8964004473346523,-0.54283934630451,-0.5045600609579014,-0.7006442659815174,-0.9229771973909054,-0.11509166934767477,-1.1000835127245072,0.37392611122693176
1.0712970231757575,1.2115277312259802,-1.5371956580503183,-0.3889952632964037,0.30819981898414256,-1.2362918387010475,-1.7053149802363416,0.9484618157341327,0.008774848478524704,-0.6294135906902626,-0.4678729426659801
-0.9147713718506992,-0.5048588470434797,1.2655847516249097,-0.6316673078364355,-0.24085770700853654,1.6343482124451412,0.69179409237166,-0.5857809788098138,-0.92022403521797,0.5136419342500456,-0.6362327534445619
-0.7619968799255871,-0.9783447996695377,1.197224253827953,-0.12426212379818696,-0.26831058330817054,-0.7297083002634849,-0.41863143390998786,-0.8892575755328,0.2565078841309237,-1.1000835127245072,0.8790055435626786
0.2310373175876413,-0.3864873588869651,0.17181678687360138,-0.1904454086727411,-0.7899152330012155,0.3397458364380364,0.03963941820624775,-1.1927341722557863,-1.4776233654358661,-0.8311292715620819,1.4682648812877177
-0.6092223880004748,-0.031372894417421755,-0.5801486888929233,0.27283758544913805,-0.4879335937052421,0.3960328962644323,0.515536072326954,-0.04626702908008959,-0.23895818717387424,0.7825961754124713,-0.4678729426659801
-1.3730948476260352,0.4421130582086359,-0.3067066977050961,-0.6757894977528051,0.9670688501753572,-0.3919859413051097,-1.0355345040664587,0.05826379868005969,3.4151040886990063,0.7153576151218648,1.4682648812877177
0.46019905547530926,2.3064639966737386,-1.6055561558472748,-0.5875451179200661,0.9670688501753572,-1.123717719048256,-1.2822957321290473,0.9653216266631854,0.07070810739162582,1.186027537156109,-0.6362327534445619
2.140718466651542,-0.14974438257393632,1.8808292317975204,-0.6316673078364355,0.5552757056808479,-1.5177271378330268,-1.7405665842452829,1.6397140638253687,-0.17702492826077312,1.656697459190354,-0.8045925642231452
-1.6022565855137039,-0.23852299869132226,-1.2637536668624911,-0.7309422351482668,-0.570292222604144,-0.7297083002634849,-0.718270067985988,-1.529930390836878,1.0616402500012188,-0.158743668656018,1.4963248469448176
1.2240715151008703,-0.2681158707304509,0.4452587780614284,-0.6096062128782509,0.08857680858707076,-0.6171341806106931,-0.7358958699904586,0.30104507605846365,0.9997069910881204,1.2532660974467156,1.0473653543412618
0.5365863014378657,0.5604845463651504,-0.375067195502053,-0.13529267127727929,-0.6526508515030457,-0.3919859413051097,-0.24237341386528186,-1.1354108150969995,-0.36282470500007374,-0.09150510836541155,1.8049845028448814
0.5365863014378657,-1.0967162878260521,-0.10162520431422599,0.5155096299891702,-0.1859519544092686,1.5780611526187454,0.6741682903671894,0.533710466879406,-0.672490999565571,-1.1000835127245072,-0.8887724696124361
-1.0675458637758115,-1.2742735200608237,-0.6485091866898801,1.6847476627729603,0.033671055987803,-0.33569888147871385,1.2205681525057779,0.35836843321725037,0.566174178696421,-0.7638907112714755,0.9631854489519694
0.6129735474004214,0.20537008189560707,0.855421764843169,-0.6978505927109898,1.131786107973161,-1.3488659583538394,-1.7405665842452829,0.35836843321725037,0.4423076608702215,0.7153576151218648,0.7106457327840968
0.8421352852880901,2.9575071815345684,-2.0840796404259723,-0.6316673078364355,0.3631055715834105,-1.4051530181802352,-1.7581923862497535,0.7292842736564474,0.566174178696421,0.31192625337822627,0.37392611122693176
0.2310373175876413,2.010535276282453,-1.6739166536442318,-0.5654840229618815,0.033671055987803,-1.4051530181802352,-1.8463213962721066,0.6011497105956168,0.9377737321750194,0.11021057250640773,0.2897462058376409
-0.8383841258881435,-1.0375305437477949,-0.16998570211118283,-0.8743393523764675,-0.43302784110597414,0.11459759713245299,-0.38337982990104663,-1.408539752147676,0.19457462521782254,0.24468769308761984,0.5422859220055135
-0.22728615818769465,-0.7416018233565087,-0.03326470651726914,0.27283758544913805,-0.7624623567015816,0.6211811355700156,0.30402644827330677,-0.43067071826250636,-0.92022403521797,-0.29322078923723083,0.20556630044835
-0.4564478960753633,-0.7416018233565087,0.24017728467055785,-0.8081560675019134,-0.1859519544092686,-0.3919859413051097,-0.5420120479412821,-1.4658631093064627,-0.36282470500007374,-0.36045934952783726,1.2157251651198437
0.6129735474004214,0.4421130582086359,0.3085377824675147,-0.01395664900726334,-0.54283934630451,0.2271717167852447,-0.22474761186081124,-0.8555379536746947,-0.6105577406524727,0.24468769308761984,1.4682648812877177
1.6823949908762061,-1.0967162878260521,-0.5801486888929233,-0.764033877585544,-0.4055749648063402,-0.8985694797426724,-0.8240248800128116,-0.11370627279630043,-0.9821572941310711,-1.436276314177539,-0.8887724696124361
0.5365863014378657,2.040128148321581,-0.716869684486837,-0.6537284027946203,0.6376343345797498,0.17088465695884883,0.48028446831801275,0.5606861643658829,0.13264136630472417,-0.158743668656018,-0.552052848055271
0.6893607933629772,1.1819348591868517,-0.9219511778777073,-0.6978505927109898,0.6376343345797498,-0.9548565395690684,-1.3880505441558708,0.8978823829469745,0.4423076608702215,0.3791648136688327,-1.3096719965588919
2.2934929585766537,1.152341987147723,0.37689828026447153,2.280397226643948,4.316319758730699,1.4091999731395577,-0.33050242388763484,3.086285841538256,-0.3008914460869726,1.5894588988997476,-1.3096719965588919
-0.07451166626258313,-1.2150877759825665,0.581979773655342,-0.8522782574182828,-0.15849907810963482,1.4091999731395577,0.39215545829565973,-0.4509024913773921,0.4423076608702215,2.866991544421268,-0.6362327534445619
0.30742456355019704,3.578957494356269,-1.9473586448320592,-0.6757894977528051,0.9121630975760892,-1.2925788985274433,-1.6524375742229298,0.4595272987915666,-0.17702492826077312,0.17744913279701416,-0.8045925642231452
0.9949097772132016,-1.0375305437477949,2.906236698751872,-0.32281197842184944,-0.1859519544092686,-0.05426358234673459,0.25114904225989493,-0.5857809788098138,0.318441143044022,-0.898367831852688,1.5524447866770086
-0.30367340415025107,-0.031372894417421755,0.3085377824675147,0.846426054361941,-0.7624623567015816,0.7900423150492033,0.25114904225989493,-0.45764641574902065,0.318441143044022,-1.2345606333057202,1.1736352124251974
-1.5258693395511473,-0.6232303351999943,-1.1270326712685776,0.4493263451146158,-0.3781220885067064,0.11459759713245299,0.35690385428671856,-0.2553286846003507,0.07070810739162582,-0.36045934952783726,-0.552052848055271
3.439301648014994,0.6196702904434077,2.154271222985348,-0.6316673078364355,0.445464200482312,-1.2925788985274433,-1.599560168209518,1.7543607781429422,-0.11509166934767477,1.0515504165748963,0.2897462058376409
-0.3800606501128069,-0.5048588470434797,-0.375067195502053,-0.23456759858911058,0.6101814582801158,0.3116023065248385,1.8022196186533077,0.35836843321725037,0.5042409197833226,0.9843118562842905,-0.8887724696124361
1.300458761063426,0.3237415700521216,1.3339452494218664,-0.5434229280036967,-0.13104620181000085,-0.9548565395690684,-1.5290569601916357,0.15605070206858038,0.566174178696421,2.4635601826776306,2.3942438405699207
1.2240715151008703,-0.09055863849567904,0.3085377824675147,-0.6537284027946203,-0.6251979752034118,-0.6171341806106931,0.19827163624648314,-0.970184667992268,-1.6634231421751668,3.001468665002481,1.8049845028448814
-0.15089891222513888,-0.6232303351999943,-0.5117881910959666,0.8684871493201256,-0.7350094804019477,0.6774681953964116,1.8550970246667196,0.614637559338874,1.4951730623929185,-0.49493647010904973,-0.2995131318873983
-0.3800606501128069,-1.1559020319043094,0.4452587780614284,-0.7419727826273592,-0.54283934630451,-0.5608471207842973,-0.5243862459368115,-1.3748201302895706,-0.8582907763048716,-0.024266548074805126,0.7106457327840968
-1.1439331097383671,-0.44567310296522245,0.0350957912796877,-0.8522782574182828,-0.2957634596078045,-0.5608471207842973,0.7270456963806011,-0.38346324766118123,3.5389706065252056,-0.8311292715620819,-0.2995131318873983
-1.0675458637758115,-0.14974438257393632,-0.5801486888929233,-0.7860949725437287,-0.6526508515030457,0.508607015917224,0.12776842822860077,-1.9682854749922858,-1.6634231421751668,-1.2345606333057202,1.2157251651198437
1.758782236838762,0.678856034521665,1.197224253827953,0.27283758544913805,0.19838831378560665,-1.4051530181802352,-1.7053149802363416,1.4373963326767363,-0.11509166934767477,1.3205046577373218,0.37392611122693176
0.07826282566252908,-0.3864873588869651,1.539026742812737,1.72886985268933,-0.21340483070890257,1.8032093919243288,0.8592392114141306,1.3025178452442772,-1.0440905530441695,-0.5621750303996562,-1.225492091169601
0.07826282566252908,-0.5048588470434797,1.4706662450157801,1.6847476627729603,-0.26831058330817054,1.718778802184735,0.7446714983850717,1.3025178452442772,-1.0440905530441695,-0.5621750303996562,-1.225492091169601
-0.6092223880004748,-0.44567310296522245,-0.16998570211118283,1.2655868585674508,-0.7899152330012155,-0.7297083002634849,0.07489102221518895,-0.3295118526881901,-0.3008914460869726,-1.1000835127245072,0.5422859220055135
-1.2203203557009237,-0.031372894417421755,-0.10162520431422599,0.4052041551982465,-0.515386470004876,-0.3919859413051097,-0.4362572359144585,-0.6329884494111764,0.13264136630472417,-0.29322078923723083,0.45810601661622263
0.001875579699973319,2.27687112463461,-2.0157191426290155,-0.5654840229618815,0.5278228293812139,-0.7859953600898807,-1.2646699301245767,0.8978823829469745,1.3093732856536178,-0.09150510836541155,-1.057132280391018
-0.15089891222513888,0.7972275226781793,-1.3321141646594479,-0.12426212379818696,-0.1859519544092686,-0.3919859413051097,-0.48913464192787026,-0.18788944088413984,-2.2827557313061644,-1.2345606333057202,-1.3096719965588919
0.1546500716250855,-0.6824160792782514,0.7870612670462122,-0.8081560675019134,-0.3506692122070724,-0.4482730011315056,-0.013237987807164047,-0.2485847602287221,-0.05315841043457366,0.5808804945406519,0.037206489669766724
-0.7619968799255871,-0.2089301266521936,-0.716869684486837,0.27283758544913805,-0.43302784110597414,1.1277646740075784,1.837471222662249,-0.14742589465440586,-0.4866912228262732,0.44640337395943913,-0.4678729426659801
1.758782236838762,1.2707134753042375,0.10345628907664453,-0.5875451179200661,0.8847102212764552,0.28345877661164054,-0.8240248800128116,0.8978823829469745,0.318441143044022,1.3205046577373218,1.0473653543412618
-0.3800606501128069,0.7972275226781793,-1.6055561558472748,-0.6537284027946203,0.19838831378560665,-0.6734212404370891,-1.4056763461603414,0.3313927357307361,0.628107437609522,0.7153576151218648,-0.7204126588338543
0.6129735474004214,1.6258279397737807,0.24017728467055785,-0.49930073808732733,0.8023515923775533,-0.11055064217313045,-1.0884119100798706,0.8304431392307637,0.5042409197833226,0.5808804945406519,0.20556630044835
-0.22728615818769465,1.152341987147723,-1.8789981470351023,-0.4551785481709578,0.5552757056808479,-1.2925788985274433,-1.5290569601916357,1.4036767108186308,2.85770475848111,2.530798742968237,-0.9729523750017269
0.07826282566252908,0.3237415700521216,-0.2383461999081393,0.3169597753655075,-0.54283934630451,-0.22312476182592217,-0.29525081987869367,-1.0308799873368504,-0.42475796391317205,0.31192625337822627,1.7208045974555906
1.1476842691383131,2.4840212289085106,-0.6485091866898801,-0.6096062128782509,0.19838831378560665,-1.1800047788746517,-1.2646699301245767,0.5944057862239883,-0.7963575173917705,0.11021057250640773,-0.9729523750017269
0.001875579699973319,-0.8599733115130231,-0.44342769329900983,-0.12426212379818696,-0.3506692122070724,0.05831053730605713,-0.08374119582504645,0.12233108021047497,0.008774848478524704,-1.1673220730151137,-0.9729523750017269
-0.4564478960753633,-0.2681158707304509,0.9237822626401259,0.6478761997382784,-0.515386470004876,1.3529129133131619,1.520206786581778,0.35836843321725037,-0.3008914460869726,-0.36045934952783726,-0.8887724696124361
-0.3800606501128069,-0.2681158707304509,1.2655847516249097,1.552381093023852,-0.3232163359074385,0.45231995609082815,0.23352324025542434,0.9653216266631854,-1.1679570708703688,-0.024266548074805126,-1.3938519019481828
0.2310373175876413,0.027812849660835207,0.37689828026447153,-0.5654840229618815,0.2532940663848746,-0.05426358234673459,-0.4362572359144585,-1.6513210295260798,-0.5486244817393715,-0.7638907112714755,1.8049845028448814
-1.9078055693639275,0.6492631624825363,-0.9219511778777073,-0.6978505927109898,-0.570292222604144,0.17088465695884883,-0.13661860183845825,-2.3864087860328453,-0.11509166934767477,1.9928902606433856,2.8993232729056673
-0.6856096339630313,-0.800787567434766,-0.16998570211118283,1.464136713191113,-0.24085770700853654,1.0714776141811826,0.5860392803448363,0.09535538272399811,-0.05315841043457366,-1.0328449524339007,0.20556630044835
-0.991158617813255,1.2115277312259802,-1.4688351602533614,-0.6316673078364355,0.1434825611863387,0.508607015917224,-1.1060377120843412,0.19651424829831438,1.8048393569584158,1.5222203386091413,0.5422859220055135
-0.6856096339630313,-0.44567310296522245,-0.5801486888929233,-0.4772396431291426,-0.26831058330817054,-0.9548565395690684,-0.24237341386528186,-0.31602400394493296,0.318441143044022,-0.6966521509808691,-0.6362327534445619
-0.7619968799255871,-0.7416018233565087,-0.7852301822837936,3.4716963543859234,-0.5977450989037778,1.5780611526187454,1.2381939545102485,1.9162149630619156,-0.7344242584786721,-0.024266548074805126,-1.3096719965588919
0.1546500716250855,-0.3273016148087082,0.4452587780614284,-0.7419727826273592,0.1434825611863387,-1.1800047788746517,-1.4761795541782239,0.7630038955145528,1.12357350891432,-0.024266548074805126,-0.8887724696124361
0.001875579699973319,-0.6232303351999943,-0.3067066977050961,-0.8081560675019134,-0.515386470004876,0.05831053730605713,0.14539423023307135,-0.6195006006679192,-0.4866912228262732,-0.49493647010904973,-0.21533322649810593
-0.532835142037919,-0.9783447996695377,0.10345628907664453,0.6478761997382784,-0.15849907810963482,-0.7859953600898807,0.30402644827330677,0.6618450299402366,0.318441143044022,-0.6294135906902626,-1.562211712726766
3.2101399101273267,1.5074564516172662,1.197224253827953,-0.521361833045512,0.7748987160779197,-1.123717719048256,-1.2822957321290473,1.6397140638253687,-0.4866912228262732,0.6481190548312584,-0.04697341571952417
-0.3800606501128069,-0.031372894417421755,-0.03326470651726914,2.501008176225795,-0.15849907810963482,-0.5608471207842973,0.5684134783403657,1.2822860721294287,-1.0440905530441695,0.042972012215801304,-1.225492091169601
-1.0675458637758115,-0.031372894417421755,-0.716869684486837,0.33902087032369216,-0.46048071740560814,1.1277646740075784,0.9385553204342484,-0.14742589465440586,0.38037440195712313,0.5808804945406519,-0.4678729426659801
-0.22728615818769465,0.4421130582086359,-0.7852301822837936,2.280397226643948,-0.3781220885067064,1.5217740927923493,1.5378325885862487,1.3294935427307915,-0.92022403521797,0.042972012215801304,-0.9729523750017269
-1.0675458637758115,-0.8599733115130231,-1.058672173471621,-0.8081560675019134,-0.4055749648063402,0.7900423150492033,-0.25999921586975244,-1.8266630631882357,0.008774848478524704,-1.1000835127245072,1.3840849758984255
-0.532835142037919,-1.0375305437477949,0.10345628907664453,-0.8081560675019134,-0.7899152330012155,-0.8985694797426724,-0.25999921586975244,-0.5857809788098138,0.008774848478524704,0.11021057250640773,-0.3836930372766892
-0.30367340415025107,-0.9191590555912804,0.0350957912796877,0.5596318199055395,-0.21340483070890257,0.3960328962644323,-0.11899279983398765,-0.4104389451476581,-0.672490999565571,-0.6294135906902626,0.12138639505905761
-0.3800606501128069,-1.0375305437477949,-0.3067066977050961,-0.8081560675019134,-0.6801037278026797,0.508607015917224,0.6212908843537776,-0.6734519956409103,1.0616402500012188,-0.09150510836541155,-0.04697341571952417
-0.3800606501128069,0.3829273141303786,0.17181678687360138,0.9126093392364949,-0.21340483070890257,-0.05426358234673459,0.6389166863582482,0.7630038955145528,-0.05315841043457366,-0.158743668656018,-1.225492091169601
1.2240715151008703,0.738041778599922,1.197224253827953,-0.4772396431291426,0.7748987160779197,-0.7297083002634849,-0.06611539382057585,1.2350786015280661,0.38037440195712313,0.44640337395943913,-0.6362327534445619
-1.2203203557009237,-0.9783447996695377,-0.10162520431422599,1.1332202888183422,-0.7899152330012155,-0.11055064217313045,0.30402644827330677,0.29092918950100205,1.619039580219118,-0.7638907112714755,0.20556630044835
-0.22728615818769465,-0.7416018233565087,0.0350957912796877,0.93467043419468,-0.46048071740560814,-0.4482730011315056,-0.06611539382057585,0.4258076769334612,0.6900406965226205,0.042972012215801304,0.12138639505905761
-0.6092223880004748,-1.0967162878260521,-0.6485091866898801,-0.8081560675019134,-0.46048071740560814,0.6211811355700156,0.6212908843537776,-0.4171828695192867,1.619039580219118,0.31192625337822627,-0.4678729426659801
0.2310373175876413,-0.8599733115130231,0.6503402714522984,-0.8522782574182828,-0.1859519544092686,-0.22312476182592217,0.30402644827330677,-1.0814594201240084,-0.23895818717387424,-0.09150510836541155,0.45810601661622263
-0.30367340415025107,-0.564044591121737,-0.10162520431422599,1.4861978081492981,-0.3781220885067064,1.296625853486766,0.33927805228224794,0.23697779452804837,-1.22989032978347,0.31192625337822627,-0.13115332110881506
-0.3800606501128069,2.0993138923998385,-1.6055561558472748,-0.2897203359845724,0.28074694268450856,-1.2362918387010475,-1.7229407822408123,-0.40369502077602953,1.2474400267405195,-0.09150510836541155,1.7208045974555906
0.001875579699973319,0.20537008189560707,-0.10162520431422599,-0.7199116876691746,0.445464200482312,0.05831053730605713,-0.7711474739993999,0.7798637064436056,1.1855067678274183,0.3791648136688327,-0.8887724696124361
-0.6856096339630313,-0.3864873588869651,-0.10162520431422599,-0.43311745321277306,-0.4879335937052421,-0.33569888147871385,0.022013616201777154,-0.11370627279630043,-1.1060238119572705,-0.6966521509808691,-1.646391618116057
-0.22728615818769465,0.0869985937390925,-0.2383461999081393,1.872266969917531,-0.24085770700853654,1.1840517338339742,1.3263229645326016,1.106944038467273,-1.4156901065227678,0.44640337395943913,-0.8887724696124361
0.8421352852880901,-0.564044591121737,0.10345628907664453,-0.5654840229618815,-0.10359332551036686,-1.011143599395464,-0.7358958699904586,-0.16765766776925414,-2.0969559545668637,-0.36045934952783726,-0.8887724696124361
0.8421352852880901,2.188092508517224,-1.1270326712685776,-0.7199116876691746,0.8847102212764552,-1.123717719048256,-1.0884119100798706,0.7630038955145528,0.008774848478524704,1.5894588988997476,-0.8887724696124361
-0.3800606501128069,1.7441994279302953,-0.5801486888929233,-0.6537284027946203,0.6376343345797498,-1.06743065922186,0.09251682421965955,0.28418526512941095,0.81390721434882,1.1187889768655026,0.2897462058376409
0.07826282566252908,1.4186778354998801,-0.9219511778777073,-0.5875451179200661,0.5827285819804818,-0.8422824199162766,-0.9474054940441059,0.6213814837105026,0.5042409197833226,0.042972012215801304,-0.6362327534445619
-0.4564478960753633,-0.6232303351999943,-0.10162520431422599,1.7509309476475146,-0.13104620181000085,-0.6734212404370891,0.515536072326954,1.251938412457119,0.875840473261921,-0.29322078923723083,-0.9729523750017269
0.1546500716250855,-0.3864873588869651,-0.10162520431422599,0.052226635867290795,-0.07614044921073289,0.7900423150492033,0.8328005084074248,-0.14742589465440586,-0.672490999565571,-0.36045934952783726,-0.21533322649810593
0.2310373175876413,-1.0375305437477949,0.855421764843169,1.3758923333583744,-0.2957634596078045,1.9720705714035165,0.5684134783403657,0.8304431392307637,-0.36282470500007374,-0.5621750303996562,-0.4678729426659801
-1.1439331097383671,-1.0967162878260521,-0.375067195502053,0.27283758544913805,-0.3781220885067064,-0.11055064217313045,-0.013237987807164047,-0.31602400394493296,-1.0440905530441695,0.31192625337822627,-0.552052848055271
-0.4564478960753633,-0.564044591121737,-0.03326470651726914,1.6185643778984062,0.06112393228743678,1.24033879366037,1.1853165484968367,1.3025178452442772,1.7429060980453146,-0.4276979098184437,-0.6362327534445619
-0.6856096339630313,-0.6824160792782514,-0.6485091866898801,2.7326496732867347,-0.07614044921073289,0.6774681953964116,0.6565424883627188,1.346353353659844,-0.672490999565571,0.44640337395943913,-1.057132280391018
1.6823949908762061,2.010535276282453,-1.4004746624564048,-0.521361833045512,0.5552757056808479,-1.3488659583538394,-1.4585537521737533,1.3025178452442772,-0.23895818717387424,1.1187889768655026,-0.3836930372766892
-0.6092223880004748,-0.7416018233565087,0.17181678687360138,-0.7199116876691746,0.006218179688169026,-0.05426358234673459,-0.17187020584739945,0.4595272987915666,3.6009038654383065,0.24468769308761984,-0.21533322649810593
-0.22728615818769465,-0.6232303351999943,0.24017728467055785,-0.8964004473346523,-0.13104620181000085,0.28345877661164054,0.5684134783403657,-0.5183417350936029,1.371306544566719,-0.6294135906902626,-0.4678729426659801
1.300458761063426,-0.2089301266521936,1.7441082362036069,-0.6757894977528051,1.4886734998684021,-0.22312476182592217,-0.5067604439323409,0.8641627610888691,0.19457462521782254,-0.024266548074805126,-0.7204126588338543
-0.22728615818769465,-0.3273016148087082,-1.058672173471621,0.3831430602400617,-0.6251979752034118,1.9720705714035165,1.7317164106354255,0.3246488113591449,-0.92022403521797,-0.9656063921432944,-1.3096719965588919
0.46019905547530926,3.667736110473655,1.9491897295944773,13.399189085569049,0.472917076781946,-1.2362918387010475,0.8151747064029542,14.985940395264985,0.9997069910881204,1.0515504165748963,0.9631854489519694
-1.5258693395511473,-0.031372894417421755,-2.1524401382229295,-0.7199116876691746,-0.1859519544092686,-0.1668377019995263,-0.8945280880306941,-0.9904164411071162,2.7957714995680116,1.7239360194809605,2.8993232729056673
-0.22728615818769465,-0.6824160792782514,0.4452587780614284,0.7140594846128328,-0.26831058330817054,0.9589034945283909,0.8504263104118953,0.29092918950100205,0.6900406965226205,-0.09150510836541155,-0.04697341571952417
-1.0675458637758115,-0.7416018233565087,-0.16998570211118283,-0.9184615422928369,-0.6251979752034118,0.2271717167852447,-0.4362572359144585,-1.7457359707287676,-0.5486244817393715,-1.1673220730151137,0.45810601661622263
-0.15089891222513888,1.152341987147723,-1.5371956580503183,-0.6757894977528051,0.6650872108793838,-1.123717719048256,-1.7229407822408123,0.08523949616653653,1.2474400267405195,0.3791648136688327,0.7948256381733877
-1.2203203557009237,-0.09055863849567904,-0.2383461999081393,-0.8522782574182828,-0.7075566041023137,0.17088465695884883,-0.29525081987869367,-1.1050631554246897,1.619039580219118,0.31192625337822627,0.2897462058376409
-0.6092223880004748,-0.6824160792782514,-0.375067195502053,0.669937294696463,-0.07614044921073289,0.9589034945283909,1.1853165484968367,0.29092918950100205,-0.672490999565571,-0.29322078923723083,-0.9729523750017269
-0.22728615818769465,0.7972275226781793,0.3085377824675147,-0.3448730733800342,-0.7350094804019477,0.05831053730605713,0.3745296562911892,-1.3950519034044562,-0.5486244817393715,-1.0328449524339007,1.3840849758984255
-0.07451166626258313,0.5604845463651504,2.085910725188391,1.4861978081492981,-0.3506692122070724,1.24033879366037,0.6741682903671894,0.9990412485213283,-0.672490999565571,-0.49493647010904973,-1.562211712726766
1.2240715151008703,1.0339704989912084,0.17181678687360138,-0.521361833045512,0.8298044686771873,-0.33569888147871385,0.14539423023307135,1.2350786015280661,0.19457462521782254,0.5136419342500456,-0.8887724696124361
-0.15089891222513888,-1.333459264139081,0.0350957912796877,0.47138744007280065,0.033671055987803,-0.4482730011315056,-0.4362572359144585,0.695564651798342,0.38037440195712313,-1.0328449524339007,-1.1413121857803101
-0.22728615818769465,2.9279143094954394,-0.716869684486837,-0.21250650363092594,0.472917076781946,-0.7859953600898807,-0.8592764840217528,1.3092617696159057,1.866772615871514,1.2532660974467156,-1.099222233085664
-0.6092223880004748,2.040128148321581,-1.5371956580503183,0.5596318199055395,-0.3506692122070724,0.2271717167852447,0.5331618743314246,0.08861145835236954,0.19457462521782254,-1.0328449524339007,-0.3836930372766892
-1.831418323401372,1.8033851720085525,-1.3321141646594479,-0.8743393523764675,-1.201708377495725,-1.461440078006631,-1.828695594267636,-0.7004276931273872,0.566174178696421,-1.1673220730151137,2.4784237459592116
0.46019905547530926,-0.6824160792782514,-0.2383461999081393,-0.06910938640272515,-0.4055749648063402,0.8463293748755991,0.9209295184297778,-0.5857809788098138,-1.6634231421751668,-0.898367831852688,0.7948256381733877
-0.22728615818769465,-0.6232303351999943,0.3085377824675147,3.4716963543859234,-0.7075566041023137,0.5648940757436198,0.4450328643090716,0.9990412485213283,-0.17702492826077312,-1.3690377538869325,0.37392611122693176
-0.30367340415025107,-0.2681158707304509,-0.3067066977050961,1.4420756182329284,-0.7899152330012155,-0.4482730011315056,-0.29525081987869367,-0.4711342644922404,-1.6634231421751668,-1.0328449524339007,0.9631854489519694
0.001875579699973319,2.898321437456311,-2.1524401382229295,-0.6757894977528051,2.9985816963482694,-1.461440078006631,-1.8110697922631653,0.5202226181361489,0.9997069910881204,-0.09150510836541155,-0.4678729426659801
1.1476842691383131,-0.2681158707304509,1.8808292317975204,-0.7419727826273592,-0.2957634596078045,-1.123717719048256,-0.7711474739993999,-0.2721884955294034,-1.0440905530441695,0.17744913279701416,0.20556630044835
-0.532835142037919,-0.7416018233565087,-0.8535906800807505,-0.12426212379818696,1.076880355373893,-0.7859953600898807,0.022013616201777154,-0.28230438208682757,-1.2918235886965683,-0.6294135906902626,-0.8045925642231452
0.1546500716250855,-0.3273016148087082,-0.2383461999081393,1.1332202888183422,-0.6801037278026797,0.7337552552228074,0.42740706230460096,0.1897703239266858,-0.7963575173917705,-0.4276979098184437,0.037206489669766724
-0.07451166626258313,-0.800787567434766,-0.3067066977050961,0.7802427694873867,-0.021234696611464945,-0.22312476182592217,-0.048489591816105244,0.35836843321725037,-1.7253564010882652,-0.09150510836541155,-0.8887724696124361
-0.3800606501128069,-0.09055863849567904,0.3085377824675147,0.33902087032369216,-0.4055749648063402,0.2271717167852447,0.03963941820624775,-1.115179041982114,-1.6014898832620656,-1.5035148744681455,1.3840849758984255
2.4462674505017667,-0.5048588470434797,1.128863756030996,-0.6978505927109898,0.2532940663848746,-1.3488659583538394,-1.828695594267636,0.9113702316902317,0.628107437609522,2.261844501805811,0.2897462058376409
-0.6856096339630313,2.454428356869382,-2.1524401382229295,-0.4772396431291426,0.41801132418267806,-0.22312476182592217,-1.0884119100798706,-0.25195672241455513,1.7429060980453146,0.44640337395943913,0.7948256381733877
-0.991158617813255,-0.14974438257393632,-0.2383461999081393,-0.08013993388181748,-0.4879335937052421,0.2271717167852447,-0.34812822589210546,-1.6513210295260798,-0.05315841043457366,0.24468769308761984,2.1417041244020463
1.2240715151008703,-0.44567310296522245,0.9921427604370827,-0.6537284027946203,1.049427479074259,-0.5608471207842973,-1.4938053561826945,0.11558715583884639,0.19457462521782254,0.17744913279701416,0.6264658273948059
1.1476842691383131,-0.2089301266521936,0.9921427604370827,-0.8081560675019134,0.06112393228743678,-1.06743065922186,-1.564308564200577,0.695564651798342,0.81390721434882,1.5222203386091413,-0.3836930372766892
0.5365863014378657,0.678856034521665,0.0350957912796877,-0.21250650363092594,-0.6526508515030457,0.5648940757436198,0.42740706230460096,-1.1252949285395755,-0.3008914460869726,-0.6294135906902626,1.8891644082341736
-0.4564478960753633,0.9155990108346939,-1.8789981470351023,-0.6537284027946203,0.30819981898414256,-1.3488659583538394,-1.7581923862497535,0.3246488113591449,0.9997069910881204,0.7153576151218648,-0.9729523750017269
-0.8383841258881435,-0.8599733115130231,-0.9903116756746639,-0.764033877585544,-0.24085770700853654,0.9026164347019949,0.26877484426436554,-1.1927341722557863,0.4423076608702215,-0.6966521509808691,0.7106457327840968
-0.15089891222513888,-0.8599733115130231,2.906236698751872,-0.9405226372510218,-0.3506692122070724,-0.6171341806106931,0.8680521124163659,-0.48462211323549753,1.4332398034798173,-0.024266548074805126,-0.2995131318873983
0.07826282566252908,-1.1263091598651807,1.197224253827953,-0.8302171624600981,-0.4879335937052421,0.2271717167852447,0.39215545829565973,-0.6532202225260246,-0.5486244817393715,1.5894588988997476,-0.04697341571952417
-0.4564478960753633,0.4421130582086359,-1.2637536668624911,1.7068087577311453,-0.3506692122070724,-0.22312476182592217,0.779923102394013,1.0732244166091678,0.07070810739162582,-0.4276979098184437,-1.3096719965588919
-0.6092223880004748,-0.564044591121737,0.10345628907664453,-0.7419727826273592,-0.54283934630451,0.28345877661164054,-0.013237987807164047,-0.9769285923638966,0.008774848478524704,0.8498347357030777,0.037206489669766724
-0.15089891222513888,-0.800787567434766,-0.2383461999081393,0.7802427694873867,-0.3232163359074385,0.3960328962644323,1.8903486286756608,0.29092918950100205,0.13264136630472417,0.042972012215801304,-0.13115332110881506
0.6129735474004214,-0.9783447996695377,0.37689828026447153,-0.8302171624600981,-0.46048071740560814,-0.8422824199162766,-0.31287662188316423,-1.1252949285395755,-1.0440905530441695,0.5136419342500456,1.2999050705091346
0.8421352852880901,1.9513495322041956,-0.375067195502053,-0.6537284027946203,0.7474458397782857,-1.06743065922186,-1.2470441281201061,1.0327608703794338,0.5042409197833226,-0.024266548074805126,-1.1413121857803101
-0.4564478960753633,-1.2742735200608237,-0.16998570211118283,1.949480802271177,-0.021234696611464945,0.17088465695884883,-0.33050242388763484,0.8371870636023923,-0.36282470500007374,-0.9656063921432944,-0.9729523750017269
0.1546500716250855,0.0869985937390925,0.10345628907664453,-0.8081560675019134,-0.8722738619001174,-0.1668377019995263,-1.0355345040664587,-1.0241360629652216,-0.11509166934767477,-1.3690377538869325,0.5422859220055135
-0.4564478960753633,0.3829273141303786,-0.03326470651726914,-0.764033877585544,-0.4055749648063402,-0.6734212404370891,-0.22474761186081124,-0.8723977646037473,-0.6105577406524727,-0.8311292715620819,-0.04697341571952417
-0.15089891222513888,-0.14974438257393632,-0.5117881910959666,0.2507764904909534,-0.24085770700853654,0.05831053730605713,2.013729242706955,0.39208805507535577,0.008774848478524704,0.5808804945406519,-0.9729523750017269
-0.07451166626258313,1.9809424042433244,-1.6739166536442318,-0.6978505927109898,0.5003699530815799,-0.7859953600898807,-1.1060377120843412,0.7798637064436056,0.9377737321750194,-0.09150510836541155,-0.8887724696124361
0.001875579699973319,-0.44567310296522245,-0.3067066977050961,-0.5875451179200661,-0.24085770700853654,0.002023477479661268,0.6212908843537776,-0.31602400394493296,-0.7963575173917705,-0.158743668656018,-1.1413121857803101
0.001875579699973319,-0.5048588470434797,-0.10162520431422599,-0.6537284027946203,-0.6526508515030457,1.1277646740075784,0.779923102394013,-1.2264537941138918,0.628107437609522,-0.6966521509808691,1.2999050705091346
1.9115567287638735,-0.6232303351999943,0.9237822626401259,-0.8522782574182828,-0.6526508515030457,-1.06743065922186,-0.9650312960485764,-0.6532202225260246,-3.0259548382633583,-0.4276979098184437,0.20556630044835
-0.9147713718506992,-0.44567310296522245,-1.1270326712685776,-0.7860949725437287,-0.021234696611464945,0.28345877661164054,0.25114904225989493,-0.31602400394493296,-0.672490999565571,-0.5621750303996562,-1.4780318073374736
-0.4564478960753633,2.0993138923998385,-1.6055561558472748,-0.5434229280036967,1.3514091183702324,-0.8985694797426724,-1.5290569601916357,0.7124244627273947,1.3093732856536178,0.31192625337822627,-0.2995131318873983
0.1546500716250855,-0.44567310296522245,1.4023057472188234,2.346580511518502,-0.07614044921073289,0.3397458364380364,0.4450328643090716,1.1271758115821213,-1.1679570708703688,0.5808804945406519,-0.4398129770088802
-0.4564478960753633,0.20537008189560707,-1.1270326712685776,-0.10220102884000232,-0.3506692122070724,-0.27941182165231804,-0.6301410579636351,-0.48462211323549753,-0.7344242584786721,-1.0328449524339007,-0.2995131318873983
-0.4564478960753633,-0.5048588470434797,0.9921427604370827,0.6037540098219089,-0.26831058330817054,1.0151905543547868,1.2734455585191897,0.4258076769334612,-0.17702492826077312,0.042972012215801304,-1.225492091169601
0.3838118095127535,0.3237415700521216,-0.3067066977050961,-0.12426212379818696,-0.6251979752034118,-0.1668377019995263,-0.33050242388763484,-0.9398370083199582,-0.11509166934767477,0.3791648136688327,1.4682648812877177
-0.30367340415025107,-0.2089301266521936,-0.44342769329900983,1.1994035736928965,-0.3781220885067064,0.002023477479661268,0.9033037164253072,0.8978823829469745,0.81390721434882,0.11021057250640773,-0.004883463024877976
-1.2967076016634793,-0.14974438257393632,-1.2637536668624911,-0.8302171624600981,-0.54283934630451,0.8463293748755991,0.7446714983850717,-0.9094893486476483,0.19457462521782254,-1.0328449524339007,0.12138639505905761
-0.30367340415025107,-0.5048588470434797,0.9921427604370827,0.7140594846128328,-0.54283934630451,1.0714776141811826,1.044310132461072,0.4966188828354676,-0.36282470500007374,-0.4276979098184437,-1.057132280391018
4.432335845528224,0.738041778599922,1.197224253827953,-0.16838431371455645,0.7748987160779197,-1.3488659583538394,-1.1765409201022237,2.5501438539943275,0.4423076608702215,0.9843118562842905,1.8049845028448814
0.765748039325533,-0.800787567434766,0.0350957912796877,1.2324952161301737,-0.10359332551036686,1.296625853486766,0.5507876763358952,0.8978823829469745,-0.36282470500007374,-0.36045934952783726,-0.2995131318873983
1.6823949908762061,0.294148698012993,0.9921427604370827,-0.10220102884000232,1.021974602774625,-1.5177271378330268,-1.828695594267636,0.6247534458962982,0.2565078841309237,0.7153576151218648,1.3840849758984255
-0.30367340415025107,-0.14974438257393632,-0.5801486888929233,-0.3889952632964037,-0.8448209856004835,0.05831053730605713,-0.25999921586975244,-1.6648088782692996,-0.7963575173917705,-0.898367831852688,1.5524447866770086
-0.15089891222513888,2.040128148321581,-1.6739166536442318,-0.5654840229618815,0.9396159738757232,-0.8422824199162766,-1.6348117722184592,0.39883197944698434,0.9377737321750194,0.44640337395943913,0.6264658273948059
-0.8383841258881435,0.20537008189560707,-1.1270326712685776,-0.7199116876691746,0.41801132418267806,-1.3488659583538394,-1.6700633762274004,0.3246488113591449,1.1855067678274183,0.24468769308761984,-0.9729523750017269
4.432335845528224,-0.14974438257393632,2.2909922185792615,-0.5434229280036967,0.994521726474991,-0.8422824199162766,-1.1765409201022237,1.707153307541617,-1.1060238119572705,0.5136419342500456,0.037206489669766724
0.2310373175876413,-0.9191590555912804,1.197224253827953,-0.7199116876691746,-0.04868757291109892,-0.6171341806106931,-0.06611539382057585,0.021172214636158697,0.628107437609522,-0.6294135906902626,-0.552052848055271
0.9185225312506459,-0.7416018233565087,-0.10162520431422599,0.846426054361941,-0.8997267381997514,-0.7297083002634849,0.07489102221518895,0.0076843658929015525,-1.4776233654358661,-1.3017991935963262,-0.04697341571952417
-0.30367340415025107,-0.7416018233565087,-0.03326470651726914,0.27283758544913805,-0.5977450989037778,0.17088465695884883,0.9914327264476601,-0.9229771973909054,0.07070810739162582,0.8498347357030777,1.7208045974555906
-0.4564478960753633,-0.6824160792782514,-0.10162520431422599,2.170091751853024,-0.15849907810963482,0.17088465695884883,0.07489102221518895,1.2856580343152244,-1.1679570708703688,0.042972012215801304,-1.3096719965588919
-1.0675458637758115,-0.3864873588869651,0.17181678687360138,-0.6316673078364355,-0.54283934630451,-0.33569888147871385,0.19827163624648314,-1.5771378614382405,0.81390721434882,-1.3690377538869325,1.8891644082341736
-1.0675458637758115,1.241120603265109,-0.375067195502053,-0.12426212379818696,-0.10359332551036686,-0.7297083002634849,0.21589743825095375,-0.07998665093819501,0.07070810739162582,-0.49493647010904973,-1.225492091169601
-0.7619968799255871,0.6196702904434077,-0.7852301822837936,-0.764033877585544,0.3356526952837765,-1.5177271378330268,-1.7405665842452829,0.4258076769334612,1.12357350891432,0.17744913279701416,-1.1413121857803101
0.8421352852880901,1.5074564516172662,-0.44342769329900983,-0.6316673078364355,1.6808436339658397,-1.1800047788746517,-1.335173138142459,0.5471983156226632,-0.4866912228262732,-0.024266548074805126,-0.6362327534445619
-0.8383841258881435,-0.3864873588869651,-0.6485091866898801,-0.7199116876691746,-0.6251979752034118,0.11459759713245299,0.03963941820624775,-1.5973696345530888,0.81390721434882,-0.6294135906902626,1.7208045974555906
-0.4564478960753633,-1.5406093684129814,0.10345628907664453,-0.8081560675019134,-0.570292222604144,-0.7297083002634849,-0.08374119582504645,-0.4981099619787172,0.2565078841309237,0.5136419342500456,-0.8887724696124361
-0.22728615818769465,0.3237415700521216,-0.6485091866898801,0.19562375309549157,0.6650872108793838,2.591228229493871,3.3356643930422503,0.8473029501598164,1.0616402500012188,0.24468769308761984,-0.9729523750017269
-0.532835142037919,-0.800787567434766,0.7187007692492553,-0.8743393523764675,0.06112393228743678,0.17088465695884883,-0.22474761186081124,-0.6195006006679192,-0.672490999565571,-1.0328449524339007,-0.7204126588338543
0.46019905547530926,-0.14974438257393632,0.10345628907664453,1.1773424787347118,-0.7075566041023137,0.9589034945283909,1.4144519745549546,0.8034674417442869,-0.9821572941310711,0.31192625337822627,-0.8045925642231452
2.2934929585766537,-0.6824160792782514,0.37689828026447153,-0.6316673078364355,0.006218179688169026,-0.8985694797426724,-1.3704247421514002,0.5404543912510346,0.008774848478524704,-0.29322078923723083,-1.057132280391018
-0.6092223880004748,0.027812849660835207,-0.2383461999081393,1.6626865678147755,-0.4879335937052421,-0.6171341806106931,0.18064583424201255,0.2875572273152065,-0.17702492826077312,-0.6966521509808691,0.037206489669766724
0.8421352852880901,-0.8599733115130231,2.906236698751872,-0.13529267127727929,-0.3506692122070724,0.17088465695884883,0.28640064626883616,-0.720659466242273,0.13264136630472417,-0.7638907112714755,1.3840849758984255
-0.30367340415025107,-0.3273016148087082,1.2655847516249097,1.817114232522069,-0.10359332551036686,1.0151905543547868,1.4144519745549546,0.9653216266631854,-0.8582907763048716,-0.5621750303996562,-0.9729523750017269
-0.9147713718506992,0.5604845463651504,-0.375067195502053,-0.43311745321277306,-0.10359332551036686,1.5217740927923493,0.25114904225989493,-1.5906257101814603,-0.05315841043457366,-0.9656063921432944,1.8049845028448814
-0.30367340415025107,-0.7416018233565087,0.0350957912796877,0.18459320561639925,-0.07614044921073289,0.5648940757436198,0.6741682903671894,-0.2485847602287221,-0.17702492826077312,0.24468769308761984,0.20556630044835
0.001875579699973319,-0.3864873588869651,-0.10162520431422599,1.2435257636092658,-0.3506692122070724,1.7469223320979328,1.9079744306801314,0.8978823829469745,-0.5486244817393715,-0.2259822289466244,-1.225492091169601
-0.22728615818769465,-0.8599733115130231,0.37689828026447153,0.2507764904909534,-0.8173681093008495,-0.33569888147871385,-0.29525081987869367,-0.8555379536746947,0.9377737321750194,-0.29322078923723083,1.3840849758984255
0.765748039325533,1.4482707075390087,-2.1524401382229295,-0.5654840229618815,0.994521726474991,-0.6171341806106931,-0.982657098053047,1.9094710386902496,1.6809728391322163,0.7825961754124713,-1.057132280391018
-1.0675458637758115,-1.0375305437477949,-0.10162520431422599,-0.8081560675019134,-0.54283934630451,1.4091999731395577,0.28640064626883616,-1.2264537941138918,0.38037440195712313,-1.0328449524339007,0.6264658273948059
-0.07451166626258313,-0.14974438257393632,-0.5117881910959666,1.772992042605699,-0.1859519544092686,1.24033879366037,1.5907099945996606,1.1676393578118553,-0.7963575173917705,-0.29322078923723083,-1.4780318073374736
0.30742456355019704,-0.3273016148087082,-0.375067195502053,0.3169597753655075,-0.4055749648063402,0.11459759713245299,0.8151747064029542,-0.04626702908008959,-0.5486244817393715,-0.4276979098184437,0.12138639505905761
-0.22728615818769465,-0.7416018233565087,0.37689828026447153,2.1921528468112093,-0.10359332551036686,1.6343482124451412,1.132439142483425,1.5722748201091579,0.875840473261921,1.925651700352779,-0.8887724696124361
-0.6856096339630313,-0.5048588470434797,-0.44342769329900983,0.030165540909106146,-0.2957634596078045,-1.06743065922186,0.33927805228224794,-0.848794029303066,-1.6014898832620656,0.9843118562842905,0.37392611122693176
1.3768460070259818,-0.2681158707304509,1.197224253827953,0.47138744007280065,-0.4879335937052421,0.11459759713245299,-0.5243862459368115,-0.2485847602287221,-1.7872896600013664,-1.436276314177539,0.7948256381733877
0.765748039325533,1.7441994279302953,-0.3067066977050961,-0.6757894977528051,1.049427479074259,-1.4051530181802352,-0.6477668599681057,0.9889253619638667,-0.6105577406524727,0.5808804945406519,-1.225492091169601
-1.4494820935885917,-0.8599733115130231,-0.03326470651726914,-0.32281197842184944,-0.570292222604144,-0.4482730011315056,-0.40100563190551725,-0.5925249031814424,1.12357350891432,-0.2259822289466244,-0.6362327534445619
-0.532835142037919,-0.8599733115130231,0.10345628907664453,-0.7860949725437287,-0.4879335937052421,0.3397458364380364,-0.06611539382057585,-1.502954693350401,-0.05315841043457366,0.7825961754124713,1.2157251651198437
-1.7550310774388154,-0.09055863849567904,-0.03326470651726914,-0.8522782574182828,-1.119349748596823,0.508607015917224,0.6389166863582482,-2.4976835381646234,0.628107437609522,0.3791648136688327,2.8993232729056673
-0.4564478960753633,-0.3273016148087082,-0.16998570211118283,-0.7199116876691746,-0.570292222604144,0.45231995609082815,-0.20712180985634066,-2.140255546468646,-0.92022403521797,-0.7638907112714755,2.6467835567377933
0.8421352852880901,0.8564132667564366,-0.5801486888929233,0.3500514178027847,-0.6251979752034118,-1.3488659583538394,0.779923102394013,-0.3699753989179241,-1.1060238119572705,-0.36045934952783726,0.5422859220055135
0.2310373175876413,-0.3273016148087082,-0.375067195502053,2.1811222993321167,0.28074694268450856,0.9589034945283909,1.132439142483425,1.295773920872686,-1.1679570708703688,-0.29322078923723083,-1.1413121857803101
-1.0675458637758115,-0.7416018233565087,-0.16998570211118283,-0.8302171624600981,-0.570292222604144,-0.27941182165231804,-0.8063990780083411,-1.9851452859213385,0.07070810739162582,-1.2345606333057202,1.7208045974555906
-0.8383841258881435,0.0869985937390925,-1.058672173471621,0.29489868040732287,-0.54283934630451,0.3397458364380364,1.4849551825728369,-0.04626702908008959,-0.36282470500007374,0.5808804945406519,-0.552052848055271
-0.07451166626258313,-0.09055863849567904,-0.9219511778777073,0.27283758544913805,1.021974602774625,-0.1668377019995263,0.9209295184297778,0.06837968523748382,-2.0350226956537654,-0.29322078923723083,-0.8887724696124361
1.5296204989510933,-0.3864873588869651,1.197224253827953,1.4861978081492981,-0.4055749648063402,-0.05426358234673459,0.40978126030013035,1.1676393578118553,-0.7963575173917705,-1.3017991935963262,-0.3836930372766892
-0.9147713718506992,1.4482707075390087,-2.1524401382229295,-0.9405226372510218,-0.54283934630451,0.002023477479661268,-0.33050242388763484,-1.4220276008909332,-0.7963575173917705,-0.898367831852688,0.2897462058376409
2.9809781722396584,0.26455582597386434,1.539026742812737,-0.521361833045512,1.049427479074259,-0.5045600609579014,-0.22474761186081124,1.875751416832144,-0.6105577406524727,-0.158743668656018,-0.8887724696124361
1.758782236838762,2.5727998450258966,-0.6485091866898801,-0.6978505927109898,0.5552757056808479,-1.3488659583538394,-1.4409279501692827,1.4373963326767363,0.19457462521782254,0.17744913279701416,0.037206489669766724
-0.15089891222513888,-1.0967162878260521,-0.10162520431422599,-0.5434229280036967,-0.3781220885067064,0.2271717167852447,-0.41863143390998786,-1.371448168103775,-2.1588892134799647,-0.4276979098184437,0.5422859220055135
-0.8383841258881435,0.3237415700521216,-1.058672173471621,-0.7199116876691746,0.3356526952837765,-1.06743065922186,-1.564308564200577,0.3246488113591449,1.1855067678274183,1.3877432180279283,-0.3836930372766892
-0.30367340415025107,-0.3273016148087082,-0.6485091866898801,-0.36693416833821896,-0.5977450989037778,0.5648940757436198,0.14539423023307135,-1.44900329837741,-0.8582907763048716,-0.4276979098184437,1.4682648812877177
0.1546500716250855,1.3890849634607514,-2.1524401382229295,-0.6757894977528051,0.19838831378560665,-1.2925788985274433,-1.8110697922631653,0.3651123575888415,1.371306544566719,0.31192625337822627,0.6264658273948059
-0.532835142037919,-0.564044591121737,-0.7852301822837936,-0.8081560675019134,-0.8997267381997514,-0.05426358234673459,-0.22474761186081124,-0.9904164411071162,0.07070810739162582,0.042972012215801304,0.20556630044835
0.9185225312506459,1.7146065558911665,0.3085377824675147,-0.6757894977528051,0.8847102212764552,-0.8422824199162766,-1.0355345040664587,0.9821814375922381,0.5042409197833226,0.24468769308761984,-0.13115332110881506
1.3768460070259818,0.3237415700521216,0.6503402714522984,-0.6757894977528051,0.033671055987803,-0.8422824199162766,-1.299921534133518,-0.13393804591114872,-0.05315841043457366,0.44640337395943913,1.3840849758984255
-0.22728615818769465,1.0339704989912084,1.539026742812737,0.6258151047800937,-0.570292222604144,-0.3919859413051097,0.9738069244431895,-0.6296164872253434,0.19457462521782254,-0.4276979098184437,1.3840849758984255
-0.6856096339630313,-0.8599733115130231,-0.5117881910959666,-0.7419727826273592,-0.13104620181000085,0.3397458364380364,0.3745296562911892,-0.26881653334360783,3.5389706065252056,0.8498347357030777,0.20556630044835
0.30742456355019704,-0.5048588470434797,1.0605032582340392,-0.764033877585544,0.30819981898414256,-1.4051530181802352,-1.0355345040664587,-0.04626702908008959,-0.7963575173917705,-0.5621750303996562,-0.8045925642231452
-1.1439331097383671,-0.9783447996695377,0.3085377824675147,-0.8522782574182828,-0.2957634596078045,-1.1800047788746517,-0.7535216719949293,-0.8589099158604901,2.919638017394211,0.9843118562842905,0.2897462058376409
0.1546500716250855,-0.7416018233565087,0.10345628907664453,-0.6757894977528051,-0.3232163359074385,0.05831053730605713,-0.22474761186081124,-0.48462211323549753,1.1855067678274183,0.11021057250640773,0.7106457327840968
-0.6092223880004748,-0.3864873588869651,-0.8535906800807505,0.07428773082547563,-0.4055749648063402,2.084644691056308,1.1853165484968367,-0.0631268400091423,0.5042409197833226,-1.2345606333057202,-0.2995131318873983
1.2240715151008703,-0.9191590555912804,-0.10162520431422599,-0.01395664900726334,-0.7899152330012155,0.2271717167852447,0.11014262622413015,-0.7139155418706443,-1.7872896600013664,-0.4276979098184437,0.5422859220055135
2.8282036803145467,1.0931562430694657,1.197224253827953,-0.10220102884000232,1.6808436339658397,-1.123717719048256,-1.7053149802363416,1.9094710386902496,-0.9821572941310711,0.17744913279701416,0.9631854489519694
-0.6856096339630313,-0.9783447996695377,0.3085377824675147,-0.8522782574182828,-0.6251979752034118,-0.22312476182592217,-0.048489591816105244,-1.2804051890868828,-0.42475796391317205,-0.158743668656018,0.37392611122693176
-0.6092223880004748,-1.0967162878260521,0.7187007692492553,-0.8964004473346523,-0.570292222604144,-0.05426358234673459,-0.013237987807164047,-1.260173415971997,-0.3008914460869726,-0.09150510836541155,0.37392611122693176
0.6893607933629772,-0.3864873588869651,0.581979773655342,0.4052041551982465,-0.1859519544092686,0.002023477479661268,-0.29525081987869367,0.1897703239266858,0.19457462521782254,-0.6294135906902626,-0.3836930372766892
1.5296204989510933,-0.3864873588869651,0.6503402714522984,-0.8964004473346523,-0.4055749648063402,-0.8985694797426724,-0.9650312960485764,-0.7880987099584837,-1.6634231421751668,-1.9069462362117837,-0.04697341571952417
-1.1439331097383671,-0.8599733115130231,-0.10162520431422599,-0.5654840229618815,-0.2957634596078045,0.45231995609082815,0.19827163624648314,-0.599268827553071,0.6900406965226205,-0.2259822289466244,-0.552052848055271
-1.6022565855137039,-0.564044591121737,0.3085377824675147,-0.8302171624600981,-0.5977450989037778,0.5648940757436198,-0.6301410579636351,-1.8334069875598642,0.008774848478524704,0.7153576151218648,1.2999050705091346
-1.1439331097383671,0.5604845463651504,-1.2637536668624911,0.42726525015643113,-0.8722738619001174,-0.11055064217313045,1.044310132461072,-1.09157530668147,0.628107437609522,-0.36045934952783726,1.6366246920662995
-0.8383841258881435,-0.3864873588869651,0.0350957912796877,-0.5654840229618815,-0.4055749648063402,-0.3919859413051097,1.8462841236644842,-0.3497436258030384,0.2565078841309237,0.44640337395943913,-0.6362327534445619
-0.07451166626258313,2.010535276282453,0.24017728467055785,-0.6757894977528051,0.8572573449768213,-1.1800047788746517,-0.38337982990104663,0.5944057862239883,0.318441143044022,0.5808804945406519,-0.9729523750017269
-1.1439331097383671,-0.9783447996695377,-0.6485091866898801,-0.1904454086727411,-0.4055749648063402,-0.27941182165231804,-0.048489591816105244,-0.1811455165125113,0.7519739554357215,-0.9656063921432944,-0.9729523750017269
-1.2203203557009237,-1.0079376717086663,-0.16998570211118283,-0.9405226372510218,-0.3781220885067064,-0.5608471207842973,-0.8240248800128116,-1.1522706260260522,0.318441143044022,-0.36045934952783726,-0.552052848055271
-0.532835142037919,0.5012988022868932,-0.2383461999081393,1.5303199980656674,-0.021234696611464945,-0.3919859413051097,1.0619359344655426,1.3699570889605253,0.5042409197833226,0.11021057250640773,-1.057132280391018
-0.4564478960753633,-0.6232303351999943,-0.16998570211118283,-0.6757894977528051,-0.9271796144993852,-0.6171341806106931,-0.48913464192787026,-1.529930390836878,0.13264136630472417,-0.5621750303996562,1.6366246920662995
-1.1439331097383671,-0.5048588470434797,-0.10162520431422599,-0.7199116876691746,-0.4879335937052421,0.002023477479661268,-0.15424440384292884,-1.5467902017659307,1.5571063213060168,-0.09150510836541155,1.6366246920662995
-0.8383841258881435,0.3237415700521216,-0.9219511778777073,0.8684871493201256,-0.15849907810963482,-0.08240711225993252,2.5601291048455437,0.6281254080820937,-0.23895818717387424,-0.2259822289466244,-1.4780318073374736
0.2310373175876413,0.5012988022868932,-0.10162520431422599,-0.6316673078364355,0.1434825611863387,-1.3488659583538394,-1.7934439902586947,0.13919089113952768,1.3093732856536178,1.2532660974467156,0.7948256381733877
-0.3800606501128069,-0.5048588470434797,1.3339452494218664,0.6478761997382784,0.1434825611863387,1.1277646740075784,1.4144519745549546,0.3077890004300548,-0.6105577406524727,-0.2259822289466244,-0.8045925642231452
2.751816434351991,0.738041778599922,0.7870612670462122,-0.6537284027946203,3.1358460778464394,-0.1668377019995263,-0.8416506820172822,1.2350786015280661,-0.36282470500007374,1.5222203386091413,0.20556630044835
1.9115567287638735,-0.6232303351999943,1.197224253827953,-0.03601774396544798,-0.6801037278026797,-1.5177271378330268,-1.687689178231871,-0.28904830645845614,-2.3446889902192627,0.042972012215801304,-0.4678729426659801
-0.22728615818769465,-0.2681158707304509,1.197224253827953,0.5596318199055395,0.006218179688169026,-0.27941182165231804,0.7446714983850717,0.5606861643658829,1.2474400267405195,0.6481190548312584,0.37392611122693176
-0.4564478960753633,-0.6232303351999943,0.4452587780614284,0.6478761997382784,-0.4055749648063402,1.4654870329659535,1.2910713605236603,0.41569179037603704,-0.11509166934767477,-0.49493647010904973,-1.1413121857803101
0.9185225312506459,-0.2089301266521936,-0.16998570211118283,-0.43311745321277306,3.7672622327380196,-0.8985694797426724,-1.5466827621961063,0.2774413407577824,-0.05315841043457366,1.656697459190354,1.2157251651198437
-0.7619968799255871,0.027812849660835207,-1.9473586448320592,-0.8522782574182828,0.19838831378560665,-0.05426358234673459,0.11014262622413015,-0.38346324766118123,-0.05315841043457366,0.042972012215801304,-1.225492091169601
0.46019905547530926,-0.031372894417421755,0.37689828026447153,-0.6757894977528051,0.6925400871790177,-0.33569888147871385,-0.982657098053047,0.6281254080820937,0.6900406965226205,0.3791648136688327,-0.9729523750017269
0.8421352852880901,-0.7416018233565087,0.17181678687360138,-0.8743393523764675,-0.3781220885067064,-0.5608471207842973,0.03963941820624775,-0.6195006006679192,-1.4156901065227678,-0.4276979098184437,-0.2995131318873983
0.2310373175876413,1.5074564516172662,-1.9473586448320592,-0.7199116876691746,1.049427479074259,-0.27941182165231804,-0.25999921586975244,0.15605070206858038,0.7519739554357215,0.042972012215801304,-0.3836930372766892
0.3838118095127535,0.8564132667564366,-0.375067195502053,-0.6978505927109898,0.1434825611863387,-1.1800047788746517,-1.4585537521737533,0.695564651798342,0.9997069910881204,0.7153576151218648,-0.8045925642231452
-0.6092223880004748,-1.0375305437477949,-0.3067066977050961,-0.7860949725437287,-0.54283934630451,-0.5608471207842973,-0.27762501787422306,-0.9904164411071162,1.4332398034798173,-0.7638907112714755,0.37392611122693176
-0.4564478960753633,-0.031372894417421755,-0.3067066977050961,0.2507764904909534,0.06112393228743678,-0.3919859413051097,0.39215545829565973,0.39208805507535577,0.4423076608702215,-0.29322078923723083,-0.3836930372766892
-0.991158617813255,-0.031372894417421755,-0.44342769329900983,-0.6757894977528051,-0.4055749648063402,-1.011143599395464,-0.06611539382057585,-1.4152836765193044,-1.2918235886965683,0.042972012215801304,0.7106457327840968
0.001875579699973319,-0.6824160792782514,0.4452587780614284,0.22871539553276854,0.28074694268450856,-0.5608471207842973,-0.41863143390998786,0.14256285332532323,-0.36282470500007374,1.7239360194809605,-0.7204126588338543
-1.1439331097383671,-0.3273016148087082,-1.058672173471621,0.6258151047800937,-0.3506692122070724,1.0151905543547868,1.4673293805683663,0.19651424829831438,-0.11509166934767477,-1.1673220730151137,-0.9729523750017269
-0.22728615818769465,-0.9191590555912804,-0.2383461999081393,-0.4551785481709578,-0.07614044921073289,0.17088465695884883,-0.25999921586975244,-0.720659466242273,-0.42475796391317205,-0.898367831852688,0.20556630044835
-1.0675458637758115,-0.3273016148087082,0.4452587780614284,1.2435257636092658,-0.515386470004876,1.0714776141811826,0.39215545829565973,-0.2957922308300847,-0.7344242584786721,0.3791648136688327,0.5422859220055135
-0.15089891222513888,2.040128148321581,-1.6055561558472748,-0.7199116876691746,1.104333231673527,-0.4482730011315056,-0.4362572359144585,0.4595272987915666,0.6900406965226205,0.042972012215801304,-1.1413121857803101
0.1546500716250855,-1.0967162878260521,-0.3067066977050961,2.302458321602133,-0.1859519544092686,-0.27941182165231804,0.3745296562911892,1.3025178452442772,-2.0350226956537654,-0.6966521509808691,-1.562211712726766
0.1546500716250855,-0.2681158707304509,-0.6485091866898801,-0.8081560675019134,-0.2957634596078045,-0.7859953600898807,0.3745296562911892,-0.5857809788098138,-0.92022403521797,1.5894588988997476,-0.13115332110881506
-0.30367340415025107,-1.0375305437477949,0.0350957912796877,-0.8081560675019134,-0.46048071740560814,0.28345877661164054,-0.13661860183845825,-1.4422593740057814,-0.42475796391317205,0.8498347357030777,1.2157251651198437
-0.15089891222513888,-0.3864873588869651,0.3085377824675147,-0.8964004473346523,-0.5977450989037778,-1.2362918387010475,-0.7711474739993999,-1.5636500126949833,-0.8582907763048716,-0.49493647010904973,1.2999050705091346
0.001875579699973319,-0.6232303351999943,-0.16998570211118283,-0.6316673078364355,-0.54283934630451,0.3960328962644323,-0.20712180985634066,-0.8555379536746947,0.2565078841309237,0.7153576151218648,0.37392611122693176
0.46019905547530926,-0.3273016148087082,-0.16998570211118283,-0.42208690573368074,-0.3506692122070724,0.6211811355700156,0.05726522021071835,-1.0140201764077976,0.07070810739162582,-1.2345606333057202,0.7948256381733877
-0.6856096339630313,-0.7416018233565087,0.17181678687360138,-0.8522782574182828,-0.570292222604144,0.11459759713245299,-0.31287662188316423,-1.661436916083504,-1.0440905530441695,1.3877432180279283,0.8790055435626786
-1.0675458637758115,-0.9783447996695377,-0.2383461999081393,-0.8302171624600981,-0.6251979752034118,-1.1800047788746517,-0.34812822589210546,-1.219709869742263,-0.11509166934767477,-0.09150510836541155,0.5422859220055135
1.9879439747264307,0.4421130582086359,1.128863756030996,1.0560064564646956,-0.6251979752034118,-1.4051530181802352,-0.06611539382057585,0.4258076769334612,-2.220822472393063,-1.6379919950493582,-0.4678729426659801
-0.9147713718506992,0.26455582597386434,-0.9903116756746639,1.5303199980656674,-0.2957634596078045,1.9720705714035165,2.330993678787426,1.0327608703794338,-0.4866912228262732,-1.0328449524339007,-1.3096719965588919
-0.9147713718506992,-0.800787567434766,0.4452587780614284,-0.9405226372510218,-1.009538243398287,-0.4482730011315056,-0.27762501787422306,-1.7288761597997149,0.19457462521782254,-1.436276314177539,1.0473653543412618
0.9949097772132016,-0.800787567434766,-0.375067195502053,0.9236398867155874,-0.6251979752034118,2.4223670500146834,0.49791027032248336,-0.012547407221946727,-1.1060238119572705,-1.1000835127245072,0.7106457327840968
0.001875579699973319,-0.6824160792782514,0.5136192758583852,2.015664087145731,0.033671055987803,1.0714776141811826,1.3792003705460134,1.1339197359537498,-1.5395566243489673,-0.36045934952783726,-1.3096719965588919
0.3838118095127535,-0.9783447996695377,-0.10162520431422599,-0.8522782574182828,-0.2957634596078045,1.0714776141811826,1.5025809845773075,-0.1373100080969817,-1.22989032978347,-1.0328449524339007,-1.057132280391018
1.5296204989510933,-1.1559020319043094,2.496073711970132,-0.764033877585544,-0.2957634596078045,-0.4482730011315056,0.28640064626883616,0.08861145835236954,-1.2918235886965683,-0.5621750303996562,-0.13115332110881506
-0.4564478960753633,-0.8599733115130231,0.0350957912796877,-0.8743393523764675,-0.4879335937052421,-0.27941182165231804,-0.6301410579636351,-0.6532202225260246,0.9997069910881204,0.042972012215801304,-0.2995131318873983
1.5296204989510933,1.0931562430694657,-0.5117881910959666,-0.5434229280036967,0.5827285819804818,-0.11055064217313045,0.4450328643090716,1.1271758115821213,-0.11509166934767477,0.24468769308761984,-0.8887724696124361
-0.22728615818769465,-0.3864873588869651,-0.5117881910959666,-0.6537284027946203,-0.6251979752034118,1.0714776141811826,0.12776842822860077,-1.9278219287625518,-1.5395566243489673,-0.6966521509808691,2.225884029791337
-0.3800606501128069,-1.2742735200608237,0.9237822626401259,-0.1904454086727411,-0.3781220885067064,1.24033879366037,0.30402644827330677,-0.9836725167355251,-1.0440905530441695,0.042972012215801304,0.6264658273948059
0.9185225312506459,4.082036319021455,-1.1270326712685776,0.2066543005745839,0.445464200482312,-1.06743065922186,-1.0531603060709294,1.504835576392947,0.875840473261921,-0.29322078923723083,-0.552052848055271
-0.6092223880004748,-0.44567310296522245,-0.16998570211118283,-0.25662869354729534,-0.6251979752034118,1.8032093919243288,0.46265866631354213,-0.7307753527996971,-0.7963575173917705,0.3791648136688327,0.45810601661622263
-0.4564478960753633,1.3890849634607514,-2.1524401382229295,-0.6316673078364355,1.1866918605724288,1.1277646740075784,-0.8945280880306941,0.3044170382442592,2.2383721693501126,0.9843118562842905,0.7106457327840968
0.5365863014378657,1.7441994279302953,0.9921427604370827,1.221464668651081,5.139906047719717,0.17088465695884883,1.9961034407024845,1.2687982233861717,-2.220822472393063,1.3877432180279283,-1.225492091169601
0.2310373175876413,-0.3864873588869651,0.10345628907664453,0.5816929148637242,-0.24085770700853654,0.6774681953964116,1.1676907464923663,0.9653216266631854,0.875840473261921,0.3791648136688327,-0.3836930372766892
5.9600807647793435,-0.800787567434766,0.855421764843169,-0.6316673078364355,0.5003699530815799,-1.123717719048256,-1.5819343662050473,1.8588916059031289,-0.9821572941310711,2.060128820933992,-1.1413121857803101
-0.07451166626258313,-0.5048588470434797,0.0350957912796877,0.18459320561639925,-0.54283934630451,0.508607015917224,-0.29525081987869367,-0.38346324766118123,0.5042409197833226,-0.898367831852688,0.8790055435626786
0.2310373175876413,-0.9191590555912804,0.581979773655342,0.4493263451146158,-0.021234696611464945,1.1277646740075784,-0.06611539382057585,0.29092918950100205,-1.0440905530441695,-0.09150510836541155,-0.552052848055271
-0.6092223880004748,-1.2150877759825665,-0.03326470651726914,-0.8522782574182828,-0.6251979752034118,1.296625853486766,0.42740706230460096,-1.24668556722874,0.9377737321750194,-1.2345606333057202,0.7948256381733877
-1.2967076016634793,0.4421130582086359,-1.5371956580503183,-0.764033877585544,-1.036991119697921,-0.6734212404370891,-0.8063990780083411,-1.3276126596882079,0.628107437609522,-0.158743668656018,0.7106457327840968
-0.30367340415025107,0.7972275226781793,-0.44342769329900983,-0.6757894977528051,0.5278228293812139,-0.05426358234673459,-0.9297796920396353,0.25720956764289665,0.6900406965226205,0.44640337395943913,-0.13115332110881506
-0.3800606501128069,0.0869985937390925,-0.375067195502053,0.6258151047800937,-0.6251979752034118,0.508607015917224,0.16302003223754197,-1.128666890725371,-1.4776233654358661,-1.570753434758752,1.3840849758984255
1.6823949908762061,-0.031372894417421755,0.37689828026447153,-0.6316673078364355,0.5003699530815799,-1.4051530181802352,-1.775818188254224,1.1676393578118553,-0.05315841043457366,0.5808804945406519,-1.1413121857803101
-1.0675458637758115,-1.0375305437477949,0.17181678687360138,-0.7199116876691746,-0.3232163359074385,3.716969426021788,0.9914327264476601,-1.411911714333509,0.9377737321750194,2.4635601826776306,1.0473653543412618
-0.22728615818769465,-0.9783447996695377,-0.10162520431422599,-0.6757894977528051,-0.515386470004876,0.508607015917224,1.3439487665370722,-1.0578556848233647,0.566174178696421,-1.1000835127245072,1.3840849758984255
-0.6856096339630313,-0.23852299869132226,-0.6485091866898801,2.4127637963930564,0.11602968488670473,-0.22312476182592217,0.48028446831801275,1.2485664502713234,-0.92022403521797,-0.2259822289466244,-1.225492091169601
-0.07451166626258313,3.13506441376934,-1.8106376492381455,0.14047101570002976,0.6925400871790177,-1.5177271378330268,-1.7581923862497535,1.1946150552983321,1.0616402500012188,-0.09150510836541155,-0.2995131318873983
1.1476842691383131,0.3829273141303786,0.6503402714522984,0.2507764904909534,0.5827285819804818,-0.27941182165231804,-1.2646699301245767,0.25720956764289665,0.07070810739162582,1.5894588988997476,1.7208045974555906
-0.22728615818769465,-0.6824160792782514,0.17181678687360138,-0.23456759858911058,-0.26831058330817054,-0.33569888147871385,0.25114904225989493,-0.04626702908008959,-0.17702492826077312,-0.09150510836541155,-0.7204126588338543
-1.1439331097383671,-0.2089301266521936,-0.16998570211118283,0.4934485350309853,-0.1859519544092686,0.17088465695884883,0.515536072326954,-0.4104389451476581,0.5042409197833226,-0.2259822289466244,0.4300460509591228
0.6129735474004214,1.4482707075390087,-1.8106376492381455,-0.6757894977528051,0.8847102212764552,-1.011143599395464,-1.4409279501692827,0.9484618157341327,0.81390721434882,0.5136419342500456,-0.4678729426659801
0.30742456355019704,-0.2089301266521936,-0.3067066977050961,0.1625321106582144,-0.570292222604144,-0.3919859413051097,-0.08374119582504645,-0.18451747869830684,0.6900406965226205,0.042972012215801304,0.37392611122693176
-0.4564478960753633,0.0869985937390925,-0.16998570211118283,-0.764033877585544,-0.982085367098653,-0.33569888147871385,-0.5067604439323409,-1.6479490673402468,1.12357350891432,0.5136419342500456,1.5524447866770086
-1.0675458637758115,-0.14974438257393632,-0.7852301822837936,-0.5434229280036967,-0.8173681093008495,-0.7297083002634849,0.16302003223754197,-1.7457359707287676,0.81390721434882,1.656697459190354,2.8151433675163764
0.5365863014378657,-0.5048588470434797,0.10345628907664453,1.1552813837765272,-0.4879335937052421,2.4223670500146834,1.7317164106354255,0.7967235173726583,-1.8492229189144647,-0.29322078923723083,-0.8887724696124361
0.30742456355019704,-0.2681158707304509,-0.44342769329900983,-0.16838431371455645,-0.07614044921073289,-0.4482730011315056,-0.048489591816105244,0.35836843321725037,-0.672490999565571,-0.29322078923723083,-1.1413121857803101
-0.991158617813255,-0.6232303351999943,-0.2383461999081393,-0.8302171624600981,-0.6801037278026797,0.3397458364380364,-0.33050242388763484,-1.9042181934618705,-0.92022403521797,0.7153576151218648,1.9733443136234645
-1.0675458637758115,-1.333459264139081,-0.716869684486837,-0.8302171624600981,-0.021234696611464945,0.28345877661164054,0.12776842822860077,-1.260173415971997,0.566174178696421,-1.3690377538869325,0.7106457327840968
0.3838118095127535,-0.3864873588869651,0.10345628907664453,0.361081965281877,-0.54283934630451,0.11459759713245299,0.7270456963806011,0.1897703239266858,0.9997069910881204,0.5808804945406519,0.12138639505905761
-0.30367340415025107,-0.6232303351999943,0.4452587780614284,0.7140594846128328,-0.3232163359074385,1.1277646740075784,1.255819756514719,0.41906375256183265,-0.4866912228262732,-0.2259822289466244,-0.8887724696124361
0.07826282566252908,-0.9783447996695377,-0.03326470651726914,2.6995580308494582,-0.04868757291109892,0.11459759713245299,1.4673293805683663,1.9094710386902496,-0.6105577406524727,-0.49493647010904973,-1.3096719965588919
0.1546500716250855,1.921756660165067,-1.3321141646594479,-0.764033877585544,3.547639222340948,-1.4051530181802352,-1.6348117722184592,0.49324692064967207,0.9997069910881204,0.042972012215801304,-0.8887724696124361
0.6129735474004214,2.188092508517224,-0.6485091866898801,-0.6096062128782509,0.5003699530815799,-0.9548565395690684,-0.5772636519502232,0.7899795930010297,0.07070810739162582,0.042972012215801304,-0.8887724696124361
-0.07451166626258313,-0.564044591121737,1.197224253827953,-0.4551785481709578,-0.7350094804019477,0.002023477479661268,-0.31287662188316423,-1.4287715252625617,-0.6105577406524727,-0.9656063921432944,1.4682648812877177
2.140718466651542,-0.2089301266521936,1.0605032582340392,-0.5434229280036967,0.7748987160779197,-0.8985694797426724,-1.423302148164812,1.7240131184706697,0.81390721434882,1.791174579771567,-0.04697341571952417
-0.991158617813255,-0.7416018233565087,0.9237822626401259,3.8687960636332486,1.7357493865651077,1.4091999731395577,0.14539423023307135,0.614637559338874,-0.7963575173917705,-1.2345606333057202,1.8891644082341736
0.8421352852880901,2.454428356869382,-0.16998570211118283,-0.1904454086727411,0.5003699530815799,-1.011143599395464,-1.7229407822408123,0.6618450299402366,1.371306544566719,0.9843118562842905,0.7948256381733877
-1.2203203557009237,-0.948751927630409,-0.8535906800807505,0.4493263451146158,-0.24085770700853654,0.3397458364380364,-0.06611539382057585,-0.05301095345168072,0.19457462521782254,-0.8311292715620819,-0.8887724696124361
-0.07451166626258313,1.9809424042433244,-2.1524401382229295,-0.6316673078364355,0.445464200482312,-1.011143599395464,-1.6171859702139886,0.7967235173726583,1.5571063213060168,-0.2259822289466244,-1.057132280391018
-0.6092223880004748,-0.09055863849567904,-0.5117881910959666,-0.764033877585544,-0.07614044921073289,-0.27941182165231804,0.05726522021071835,-0.07998665093819501,0.81390721434882,-0.2259822289466244,-1.057132280391018
0.46019905547530926,3.164657285808469,-2.1524401382229295,-0.5434229280036967,1.131786107973161,-0.27941182165231804,-0.8240248800128116,0.7630038955145528,-0.17702492826077312,0.9843118562842905,-0.6362327534445619
-0.07451166626258313,-0.3864873588869651,0.24017728467055785,-0.3448730733800342,-0.7899152330012155,0.28345877661164054,-0.40100563190551725,-1.4557472227490384,-1.6634231421751668,-1.3690377538869325,1.2999050705091346
-0.07451166626258313,-0.564044591121737,-0.10162520431422599,-0.5875451179200661,-0.4055749648063402,-0.27941182165231804,0.14539423023307135,-0.1811455165125113,1.2474400267405195,0.5136419342500456,-0.04697341571952417
0.6893607933629772,-0.8599733115130231,-0.10162520431422599,-0.8302171624600981,-0.570292222604144,-1.2925788985274433,-1.1412893160932824,-0.7139155418706443,-1.4776233654358661,1.3205046577373218,-0.21533322649810593
-0.6856096339630313,-0.2681158707304509,4.068365161300138,0.6919983896546477,-0.6251979752034118,1.1277646740075784,1.5025809845773075,-0.20137728962735957,0.9997069910881204,-0.29322078923723083,0.9631854489519694
0.1546500716250855,-0.6232303351999943,-0.03326470651726914,0.7361205795710174,-0.3232163359074385,1.24033879366037,1.2205681525057779,0.5944057862239883,-0.8582907763048716,-1.436276314177539,-1.4780318073374736
0.2310373175876413,-0.6232303351999943,-0.16998570211118283,-0.8743393523764675,-0.2957634596078045,0.2271717167852447,-0.5243862459368115,-1.4624911471206672,-1.1679570708703688,-0.9656063921432944,0.7527356854787415
-0.8383841258881435,-0.800787567434766,0.581979773655342,-0.8081560675019134,0.2532940663848746,0.5930376056568177,0.9033037164253072,-1.1252949285395755,0.13264136630472417,0.3791648136688327,1.1315452597305526
0.001875579699973319,-0.800787567434766,0.3085377824675147,2.346580511518502,-0.3232163359074385,2.140931750882704,1.2205681525057779,1.5790187444807864,0.13264136630472417,1.5222203386091413,-0.9729523750017269
0.6129735474004214,0.5012988022868932,0.581979773655342,1.6185643778984062,3.0534874489475374,-0.05426358234673459,1.3439487665370722,1.5385551982510524,-0.9821572941310711,0.7153576151218648,-1.1413121857803101
-0.30367340415025107,-0.3273016148087082,0.0350957912796877,-0.7199116876691746,-0.6801037278026797,-0.6734212404370891,0.28640064626883616,-1.209593983184839,-1.1060238119572705,0.5808804945406519,0.5422859220055135
0.3838118095127535,-0.6232303351999943,-0.10162520431422599,-0.8081560675019134,-0.43302784110597414,-0.8422824199162766,-0.20712180985634066,-0.5520613569517083,0.19457462521782254,-0.024266548074805126,-0.13115332110881506
-0.6856096339630313,-0.6232303351999943,-0.16998570211118283,1.9053586123548076,-0.5977450989037778,1.296625853486766,0.35690385428671856,0.38197216851793164,-0.36282470500007374,-1.0328449524339007,0.037206489669766724
-0.22728615818769465,4.407557911451871,-1.7422771514411886,-0.6537284027946203,0.11602968488670473,-1.011143599395464,-1.4585537521737533,0.08861145835236954,1.7429060980453146,-0.6966521509808691,0.7106457327840968
-0.532835142037919,-0.6232303351999943,0.5136192758583852,2.6995580308494582,-0.13104620181000085,-0.4482730011315056,0.21589743825095375,1.464372030163213,-0.7344242584786721,-0.4276979098184437,-1.1413121857803101
-0.3800606501128069,0.4421130582086359,-0.3067066977050961,0.7802427694873867,0.30819981898414256,-0.33569888147871385,0.6036650823493069,0.08861145835236954,-0.42475796391317205,0.24468769308761984,0.6264658273948059
1.5296204989510933,-0.7416018233565087,0.581979773655342,-0.5875451179200661,-0.07614044921073289,-0.6734212404370891,0.6565424883627188,0.22348994578479123,-1.1679570708703688,-0.49493647010904973,-1.057132280391018
-0.6856096339630313,-0.3273016148087082,0.581979773655342,0.3169597753655075,-0.4879335937052421,0.7337552552228074,0.9385553204342484,0.25720956764289665,-0.4866912228262732,-0.6294135906902626,-1.057132280391018
0.6893607933629772,-0.7416018233565087,-0.2383461999081393,0.5816929148637242,-0.3781220885067064,1.5217740927923493,1.0971875384744838,0.29092918950100205,-0.672490999565571,0.11021057250640773,-0.4678729426659801
-0.3800606501128069,-0.6232303351999943,0.24017728467055785,1.772992042605699,-0.1859519544092686,1.9157835115771207,1.6083357966041312,0.8304431392307637,-0.4866912228262732,-0.2259822289466244,-0.8887724696124361
-0.532835142037919,-0.2681158707304509,0.5136192758583852,0.6037540098219089,-0.515386470004876,1.7469223320979328,1.8550970246667196,0.4595272987915666,-0.23895818717387424,-0.2259822289466244,-0.9729523750017269
0.30742456355019704,-0.44567310296522245,-0.44342769329900983,1.949480802271177,-0.1859519544092686,0.8463293748755991,1.5025809845773075,1.3025178452442772,0.6900406965226205,-0.2259822289466244,-0.6362327534445619
-0.30367340415025107,-0.9783447996695377,-0.2383461999081393,1.0449759089856037,-0.4879335937052421,-0.05426358234673459,-0.013237987807164047,-0.16091374339762557,-0.7344242584786721,-0.5621750303996562,0.2897462058376409
-1.3730948476260352,1.4482707075390087,-1.6739166536442318,0.42726525015643113,-0.3232163359074385,0.3397458364380364,0.5860392803448363,-0.04626702908008959,0.6900406965226205,0.24468769308761984,-0.7204126588338543
-0.30367340415025107,-0.5048588470434797,0.855421764843169,0.6919983896546477,-0.2957634596078045,1.24033879366037,1.2205681525057779,0.4392955256766809,-0.17702492826077312,-0.158743668656018,-0.9729523750017269
-0.4564478960753633,-0.564044591121737,0.3085377824675147,0.669937294696463,-0.3232163359074385,1.3529129133131619,1.1676907464923663,0.4258076769334612,-0.92022403521797,-0.7638907112714755,-1.1413121857803101
0.2310373175876413,-0.2089301266521936,0.6503402714522984,-0.5875451179200661,0.22584119008524062,0.2271717167852447,-0.9474054940441059,0.12907500458210353,0.6900406965226205,2.127367381224598,0.7106457327840968
0.9185225312506459,2.365649740751996,-1.4004746624564048,-0.6978505927109898,0.9121630975760892,-0.7859953600898807,-0.8945280880306941,0.6618450299402366,-0.23895818717387424,1.925651700352779,-0.8045925642231452
-0.15089891222513888,-1.333459264139081,-0.8535906800807505,-0.03601774396544798,-0.04868757291109892,-0.1668377019995263,0.23352324025542434,0.25720956764289665,0.38037440195712313,-0.8311292715620819,-0.9729523750017269
-0.30367340415025107,0.6196702904434077,-0.2383461999081393,4.629903839690622,-0.7075566041023137,-0.1668377019995263,0.14539423023307135,2.836760639788261,-1.0440905530441695,-0.7638907112714755,0.037206489669766724
0.07826282566252908,-0.7416018233565087,1.2655847516249097,1.9053586123548076,-0.21340483070890257,1.4654870329659535,1.3263229645326016,1.6397140638253687,0.07070810739162582,0.8498347357030777,-1.3096719965588919
-0.3800606501128069,1.921756660165067,-2.0157191426290155,-0.6978505927109898,0.11602968488670473,-0.22312476182592217,-1.2646699301245767,0.1189591180246794,0.9997069910881204,1.925651700352779,0.2897462058376409
-0.6856096339630313,-0.3273016148087082,-0.16998570211118283,-0.3889952632964037,-0.54283934630451,0.11459759713245299,0.46265866631354213,-1.698528500127405,-0.36282470500007374,-1.1673220730151137,1.8891644082341736
0.5365863014378657,1.152341987147723,0.17181678687360138,-0.5654840229618815,0.5278228293812139,-1.2362918387010475,-1.7053149802363416,-0.7375192771713256,-0.17702492826077312,1.2532660974467156,2.1417041244020463
3.439301648014994,0.8564132667564366,1.197224253827953,-0.6316673078364355,0.7199929634786517,-1.4051530181802352,-1.7405665842452829,1.8420317949740388,-0.23895818717387424,-0.6966521509808691,-1.1413121857803101
-0.8383841258881435,-0.8599733115130231,0.581979773655342,-0.6978505927109898,-0.7899152330012155,0.11459759713245299,0.42740706230460096,-1.0578556848233647,0.19457462521782254,1.2532660974467156,0.9631854489519694
-0.6092223880004748,-0.6232303351999943,0.0350957912796877,2.170091751853024,-0.26831058330817054,1.3529129133131619,0.8504263104118953,0.7630038955145528,0.318441143044022,-0.2259822289466244,-0.2995131318873983
0.6893607933629772,-0.2089301266521936,-0.5117881910959666,-0.764033877585544,-0.6801037278026797,-1.123717719048256,-0.8240248800128116,-0.720659466242273,-0.92022403521797,-0.4276979098184437,-0.04697341571952417
0.46019905547530926,0.3237415700521216,-0.375067195502053,0.9787926241110493,0.06112393228743678,0.11459759713245299,1.132439142483425,0.3246488113591449,-1.1679570708703688,-0.6966521509808691,0.2897462058376409
-0.6092223880004748,-0.031372894417421755,0.855421764843169,0.6919983896546477,-0.3781220885067064,1.3529129133131619,1.5378325885862487,0.3280207735449405,-0.3008914460869726,-0.36045934952783726,-0.8887724696124361
-1.6786438314762595,-0.6232303351999943,-0.8535906800807505,-0.01395664900726334,-0.3781220885067064,-0.7297083002634849,-0.22474761186081124,-0.05301095345168072,2.73383824065491,0.24468769308761984,-0.4678729426659801
0.1546500716250855,-0.9783447996695377,-0.03326470651726914,-0.8081560675019134,0.033671055987803,0.45231995609082815,0.9385553204342484,-0.48462211323549753,-0.42475796391317205,-0.024266548074805126,-0.4678729426659801
0.07826282566252908,-0.800787567434766,1.197224253827953,-0.7199116876691746,-0.515386470004876,0.7900423150492033,0.6741682903671894,-1.1252949285395755,0.566174178696421,-0.6294135906902626,1.7208045974555906
-0.7619968799255871,-0.3864873588869651,0.6503402714522984,-0.01395664900726334,-0.3781220885067064,1.1277646740075784,1.308697162528131,-0.45764641574902065,0.008774848478524704,0.7153576151218648,0.20556630044835
-0.3800606501128069,-0.8599733115130231,-0.10162520431422599,-0.8081560675019134,-0.8722738619001174,-0.7297083002634849,-0.6653926619725763,-1.1792463235125292,-0.7344242584786721,-0.6294135906902626,0.37392611122693176
0.1546500716250855,1.7441994279302953,-1.6739166536442318,-0.7199116876691746,1.1866918605724288,-1.2362918387010475,-1.599560168209518,0.5269665425077775,0.4423076608702215,0.31192625337822627,-0.8045925642231452
-0.6092223880004748,2.040128148321581,-2.1524401382229295,-0.7530033301064516,-0.04868757291109892,-1.2925788985274433,-1.7934439902586947,-0.9836725167355251,1.4951730623929185,-0.024266548074805126,1.9733443136234645
-0.30367340415025107,-1.2150877759825665,0.24017728467055785,-0.7860949725437287,-0.26831058330817054,0.5648940757436198,0.05726522021071835,-1.1556425882118477,-0.9821572941310711,1.2532660974467156,0.45810601661622263
-0.6856096339630313,-0.031372894417421755,-0.3067066977050961,-0.5654840229618815,-0.8997267381997514,0.5648940757436198,0.6741682903671894,-1.209593983184839,0.7519739554357215,0.44640337395943913,1.1315452597305526
-0.30367340415025107,-0.800787567434766,0.581979773655342,0.27283758544913805,-0.6801037278026797,0.5648940757436198,0.12776842822860077,-0.808330483073332,-0.3008914460869726,-0.024266548074805126,1.2157251651198437
1.2240715151008703,0.3237415700521216,0.581979773655342,-0.6316673078364355,0.6101814582801158,-0.6171341806106931,-1.0884119100798706,1.1676393578118553,1.3093732856536178,0.7153576151218648,-1.1413121857803101
0.6129735474004214,1.3890849634607514,-1.058672173471621,-0.6757894977528051,1.7357493865651077,-1.5177271378330268,-1.8815730002810476,0.0009404415212729803,-0.05315841043457366,0.31192625337822627,0.5422859220055135
-0.22728615818769465,0.3237415700521216,-0.5117881910959666,-0.5654840229618815,0.7199929634786517,0.002023477479661268,-1.211792524111165,0.4595272987915666,0.19457462521782254,0.31192625337822627,-0.4678729426659801
0.07826282566252908,-0.031372894417421755,-0.10162520431422599,0.9567315291528646,0.006218179688169026,0.2271717167852447,1.132439142483425,0.33813666010236465,-0.4866912228262732,-0.6294135906902626,-0.13115332110881506
-0.7619968799255871,-0.5344517190826084,-0.3067066977050961,-0.8302171624600981,-0.54283934630451,0.002023477479661268,-0.48913464192787026,-2.0896761136814876,-1.1060238119572705,0.3791648136688327,1.9733443136234645
-0.22728615818769465,-1.0967162878260521,0.37689828026447153,-0.7199116876691746,-0.6251979752034118,0.3397458364380364,-0.33050242388763484,-1.6917845757558139,-1.8492229189144647,0.3791648136688327,1.2157251651198437
0.07826282566252908,-0.23852299869132226,0.5136192758583852,-0.8522782574182828,0.06112393228743678,-1.2925788985274433,-1.8110697922631653,-0.41381090733345366,0.38037440195712313,-0.09150510836541155,0.7948256381733877
-0.4564478960753633,-0.6232303351999943,0.10345628907664453,1.1111591938601575,-0.6801037278026797,-1.2362918387010475,-0.5772636519502232,0.5809179374807686,-0.23895818717387424,-0.158743668656018,-0.6362327534445619
-0.3800606501128069,-0.6232303351999943,0.10345628907664453,1.5965032829402217,-0.2957634596078045,0.05831053730605713,0.5507876763358952,1.2687982233861717,0.81390721434882,-0.898367831852688,-0.8887724696124361
0.1546500716250855,-1.0967162878260521,-0.03326470651726914,0.394173607719154,0.06112393228743678,0.05831053730605713,0.30402644827330677,0.22348994578479123,0.38037440195712313,-1.3017991935963262,-0.7204126588338543
-0.30367340415025107,-0.9783447996695377,-0.2383461999081393,-0.8743393523764675,-0.8173681093008495,0.11459759713245299,-0.030863789811634647,-1.2298257562996873,-0.4866912228262732,-0.5621750303996562,0.37392611122693176
-0.7619968799255871,-0.7416018233565087,-0.10162520431422599,1.6185643778984062,-0.07614044921073289,4.392414143938538,0.6741682903671894,0.9248580804334888,-0.7963575173917705,-0.4276979098184437,-0.8887724696124361
3.2865271560898828,-0.2681158707304509,1.9491897295944773,-0.6757894977528051,0.28074694268450856,-1.011143599395464,-1.5290569601916357,1.2013589796699609,-0.7344242584786721,2.9342301047118746,-0.3836930372766892
0.3838118095127535,-1.0967162878260521,0.6503402714522984,-0.7419727826273592,-0.24085770700853654,1.690635272271537,1.044310132461072,-0.4509024913773921,0.07070810739162582,0.8498347357030777,0.5422859220055135
-0.4564478960753633,-0.031372894417421755,-0.7852301822837936,-0.8964004473346523,-0.10359332551036686,-0.22312476182592217,-0.030863789811634647,-0.39695109640440096,0.566174178696421,0.11021057250640773,-1.225492091169601
-0.3800606501128069,-1.0967162878260521,-0.2383461999081393,-0.5654840229618815,-0.2957634596078045,0.5648940757436198,0.69179409237166,-0.8218183318165891,0.9377737321750194,-0.158743668656018,0.7106457327840968
1.300458761063426,0.3237415700521216,0.0350957912796877,0.11840992074184492,0.8298044686771873,-1.123717719048256,-1.1765409201022237,1.5385551982510524,0.9377737321750194,1.5894588988997476,-0.04697341571952417
-0.6856096339630313,-0.3864873588869651,-0.6485091866898801,1.4200145232747436,-0.570292222604144,-0.1668377019995263,0.6389166863582482,-0.029407218151036876,-1.4156901065227678,-1.3690377538869325,0.037206489669766724
-0.532835142037919,0.0869985937390925,0.0350957912796877,-0.8743393523764675,-0.7075566041023137,-0.9548565395690684,-0.8416506820172822,-0.9904164411071162,-0.7963575173917705,-0.49493647010904973,0.037206489669766724
2.599041942426878,-0.031372894417421755,1.197224253827953,-0.41105635825458836,0.5827285819804818,-0.5608471207842973,-0.6301410579636351,1.5722748201091579,-0.23895818717387424,1.1187889768655026,-0.4678729426659801
1.3768460070259818,1.3890849634607514,-0.44342769329900983,-0.6757894977528051,1.2965033657709644,-1.2362918387010475,-1.6348117722184592,1.063108530051706,0.2565078841309237,1.2532660974467156,-0.8045925642231452
-0.22728615818769465,-1.1559020319043094,-0.16998570211118283,-0.6096062128782509,-0.6526508515030457,-0.8985694797426724,-0.5596378499457526,-1.0848313823098414,-0.7963575173917705,0.31192625337822627,0.5422859220055135
1.0712970231757575,-0.5048588470434797,0.6503402714522984,-0.6316673078364355,-0.21340483070890257,-0.05426358234673459,-0.048489591816105244,-0.14742589465440586,-1.6634231421751668,-0.6294135906902626,-0.4678729426659801
0.3838118095127535,-0.2681158707304509,0.7187007692492553,2.0377251821039164,-0.3232163359074385,0.8463293748755991,1.7493422126398959,1.5385551982510524,-0.3008914460869726,0.6481190548312584,-1.1413121857803101
-0.9147713718506992,-0.09055863849567904,0.0350957912796877,1.72886985268933,-0.07614044921073289,-1.3488659583538394,-0.013237987807164047,0.39883197944698434,0.4423076608702215,0.17744913279701416,0.7948256381733877
-0.22728615818769465,0.14618433781734977,-0.2383461999081393,1.9274197073129928,-0.7075566041023137,0.2271717167852447,0.40978126030013035,0.08861145835236954,-0.7963575173917705,-1.1000835127245072,0.8790055435626786
0.1546500716250855,2.0993138923998385,-2.1524401382229295,-0.6978505927109898,0.5278228293812139,-1.06743065922186,-1.4056763461603414,1.1002001140956446,1.7429060980453146,0.17744913279701416,-0.9729523750017269
-0.22728615818769465,-0.2089301266521936,0.17181678687360138,0.5155096299891702,0.06112393228743678,0.3397458364380364,1.0619359344655426,0.5944057862239883,1.4332398034798173,0.5808804945406519,0.45810601661622263
1.8351694828013176,0.20537008189560707,-0.03326470651726914,-0.5654840229618815,1.076880355373893,-0.7859953600898807,-1.1412893160932824,1.2350786015280661,-0.23895818717387424,1.1187889768655026,-0.4678729426659801
-1.1439331097383671,-1.333459264139081,-0.375067195502053,0.09634882578366027,-0.6251979752034118,-0.5045600609579014,-0.25999921586975244,-0.43741464263413493,-0.8582907763048716,0.24468769308761984,-0.552052848055271
-0.6092223880004748,-0.14974438257393632,-0.03326470651726914,-0.6978505927109898,-0.54283934630451,0.2271717167852447,0.21589743825095375,-1.529930390836878,-1.0440905530441695,-0.5621750303996562,1.0473653543412618
-0.6092223880004748,0.027812849660835207,-0.2383461999081393,-0.8743393523764675,-0.04868757291109892,-1.1800047788746517,0.8151747064029542,-0.16428570558345856,1.1855067678274183,-0.2259822289466244,-1.225492091169601
0.765748039325533,-0.564044591121737,0.9921427604370827,-0.2897203359845724,-0.1859519544092686,-0.8985694797426724,-0.20712180985634066,0.23697779452804837,0.318441143044022,0.31192625337822627,-0.7204126588338543
-0.6092223880004748,-0.3864873588869651,0.855421764843169,0.4493263451146158,-0.24085770700853654,1.0714776141811826,1.1500649444878956,0.2504656432713055,-0.4866912228262732,-0.36045934952783726,-1.1413121857803101
0.001875579699973319,-0.031372894417421755,-0.5117881910959666,-0.6757894977528051,0.39055844788304406,0.002023477479661268,-1.0884119100798706,0.4123198281902041,1.3093732856536178,0.31192625337822627,-0.3836930372766892
-0.15089891222513888,-0.09055863849567904,0.0350957912796877,-0.8522782574182828,-0.10359332551036686,0.45231995609082815,0.42740706230460096,-1.3276126596882079,-0.6105577406524727,-1.7052305553399643,0.5422859220055135
0.9185225312506459,0.14618433781734977,1.4706662450157801,-0.7199116876691746,9.779442142357853,-1.1800047788746517,-1.5466827621961063,1.1339197359537498,-1.0440905530441695,3.5393771473273326,-1.225492091169601
-0.7619968799255871,-0.09055863849567904,0.6503402714522984,2.5892525560585344,-0.54283934630451,1.5780611526187454,1.044310132461072,1.4441402570483648,0.13264136630472417,0.24468769308761984,-0.9729523750017269
-0.15089891222513888,-1.2150877759825665,0.581979773655342,-0.7419727826273592,-0.5977450989037778,-0.7859953600898807,-0.5067604439323409,-1.1590145503976808,-0.23895818717387424,-0.7638907112714755,1.0473653543412618
1.4532332529885377,-0.09055863849567904,0.4452587780614284,-0.7419727826273592,0.1434825611863387,1.1559082039207764,4.058322275225545,0.4258076769334612,-0.7963575173917705,1.1187889768655026,-0.8887724696124361
-0.30367340415025107,1.685013683852038,-1.3321141646594479,-0.2786897885054801,1.159238984272795,-0.7859953600898807,0.21589743825095375,0.7967235173726583,0.318441143044022,0.5136419342500456,-0.8887724696124361
-0.4564478960753633,2.128906764438967,-1.6739166536442318,-0.764033877585544,0.5278228293812139,-1.3488659583538394,-1.7405665842452829,0.5606861643658829,1.3093732856536178,0.31192625337822627,0.12138639505905761
-0.30367340415025107,-0.3864873588869651,0.24017728467055785,-0.6096062128782509,-0.4055749648063402,-0.7859953600898807,-0.5067604439323409,-1.3276126596882079,-0.23895818717387424,0.17744913279701416,1.5524447866770086
-0.4564478960753633,-0.2681158707304509,-0.10162520431422599,-0.05807883892363283,3.1083932015468054,1.690635272271537,0.9209295184297778,0.021172214636158697,-0.3008914460869726,-0.4276979098184437,-0.9729523750017269
0.30742456355019704,-0.0017800223782934374,-0.375067195502053,-0.6978505927109898,-0.3781220885067064,-0.8422824199162766,0.35690385428671856,-0.31602400394493296,-0.92022403521797,-1.0328449524339007,-0.8887724696124361
0.2310373175876413,2.128906764438967,-0.5117881910959666,-0.7199116876691746,8.324439698477255,-0.8422824199162766,-0.8945280880306941,0.6281254080820937,-1.4156901065227678,7.10302084272947,-0.8887724696124361
-0.07451166626258313,0.6196702904434077,-0.5117881910959666,-0.521361833045512,-0.46048071740560814,-0.33569888147871385,-0.47150883992339965,-1.9952611724787628,-1.7872896600013664,-1.0328449524339007,2.3942438405699207
2.751816434351991,-0.14974438257393632,0.855421764843169,-0.764033877585544,0.17093543748597267,-0.7859953600898807,-1.3527989401469296,1.33623746710242,-0.05315841043457366,1.656697459190354,-0.4678729426659801
1.8351694828013176,-0.800787567434766,-0.2383461999081393,-0.8522782574182828,-0.515386470004876,-1.011143599395464,-1.0707861080754,-0.6532202225260246,-2.6543552847847627,-0.49493647010904973,0.037206489669766724
-0.3800606501128069,-0.2089301266521936,-0.10162520431422599,-0.5875451179200661,-0.515386470004876,0.002023477479661268,-0.5420120479412821,-1.97840136154971,-0.8582907763048716,-1.1673220730151137,1.8891644082341736
0.2310373175876413,0.20537008189560707,1.6757477384066508,1.0229148140274185,-0.04868757291109892,-0.8422824199162766,0.9914327264476601,0.5101067315787248,-0.6105577406524727,0.7825961754124713,-0.552052848055271
-0.07451166626258313,-0.031372894417421755,0.0350957912796877,-0.6757894977528051,-0.15849907810963482,-0.05426358234673459,0.28640064626883616,-0.3362557770598187,0.4423076608702215,-0.2259822289466244,-0.13115332110881506
3.2865271560898828,0.027812849660835207,1.197224253827953,-0.3889952632964037,0.3631055715834105,-1.123717719048256,-1.3527989401469296,1.9431906605483549,0.566174178696421,2.530798742968237,0.37392611122693176
0.765748039325533,-0.6232303351999943,-0.10162520431422599,-0.6096062128782509,-0.1859519544092686,-0.3919859413051097,-0.13661860183845825,-0.19126140306993542,-1.5395566243489673,-0.2259822289466244,-0.4678729426659801
0.30742456355019704,-0.9191590555912804,0.0350957912796877,3.0194439077431365,-0.26831058330817054,0.11459759713245299,1.396826172550484,1.8892392655754013,-0.7963575173917705,-0.2259822289466244,-1.057132280391018
0.9949097772132016,-0.3864873588869651,0.17181678687360138,1.9274197073129928,-0.43302784110597414,0.11459759713245299,0.8328005084074248,1.2013589796699609,-0.6105577406524727,-0.898367831852688,-0.552052848055271
0.6129735474004214,-0.6232303351999943,0.10345628907664453,-0.8522782574182828,-0.3506692122070724,-0.11055064217313045,-0.22474761186081124,-1.411911714333509,-1.22989032978347,-0.6966521509808691,1.6366246920662995
-1.0675458637758115,-1.2150877759825665,-1.1270326712685776,0.22871539553276854,-0.4055749648063402,-0.1668377019995263,0.16302003223754197,-0.3092800795733418,-1.0440905530441695,0.44640337395943913,-0.552052848055271
1.3768460070259818,0.5012988022868932,0.17181678687360138,-0.5654840229618815,0.6376343345797498,-0.22312476182592217,-0.48913464192787026,1.4036767108186308,0.9377737321750194,0.5808804945406519,-0.8887724696124361
1.300458761063426,0.7972275226781793,1.4706662450157801,-0.23456759858911058,1.2141447368720628,-1.5177271378330268,-1.828695594267636,0.44603945004830947,-0.11509166934767477,0.3791648136688327,1.2999050705091346
0.07826282566252908,-0.564044591121737,0.5136192758583852,0.29489868040732287,-0.6251979752034118,-1.2362918387010475,-0.5243862459368115,-0.11370627279630043,-0.3008914460869726,-0.49493647010904973,0.7948256381733877
0.1546500716250855,-0.09055863849567904,-0.375067195502053,2.3245194165603174,-0.21340483070890257,2.084644691056308,1.6964648066264842,1.5284393116936283,-1.0440905530441695,0.9843118562842905,-0.8887724696124361
0.07826282566252908,-0.564044591121737,-0.375067195502053,0.47138744007280065,-0.24085770700853654,1.24033879366037,1.6435874006130724,0.4494114122341425,-0.672490999565571,-1.1000835127245072,-1.1413121857803101
-0.6856096339630313,-0.2089301266521936,-0.10162520431422599,1.089098098901973,-0.2957634596078045,1.0714776141811826,1.7317164106354255,0.5606861643658829,3.16737105304661,0.11021057250640773,1.1315452597305526
0.6129735474004214,0.9155990108346939,0.5136192758583852,-0.5434229280036967,0.6925400871790177,-1.011143599395464,-1.1941667221066943,1.33623746710242,1.2474400267405195,0.5808804945406519,0.12138639505905761
2.4462674505017667,1.5666421956955234,1.197224253827953,-0.6537284027946203,3.9319794905358236,-1.4051530181802352,-1.7229407822408123,1.6397140638253687,-0.42475796391317205,0.6481190548312584,-1.8147514288946387
0.001875579699973319,-1.2150877759825665,0.0350957912796877,-0.8743393523764675,-0.9546324907990192,1.0151905543547868,0.03963941820624775,-0.7948426343301124,-1.1679570708703688,0.9170732959936841,-0.4678729426659801
-0.22728615818769465,-0.9783447996695377,0.4452587780614284,0.669937294696463,-0.21340483070890257,0.7900423150492033,1.0971875384744838,0.4258076769334612,0.4423076608702215,0.042972012215801304,-0.6362327534445619
1.2240715151008703,-1.0375305437477949,0.4452587780614284,-0.7199116876691746,-0.46048071740560814,0.508607015917224,0.6036650823493069,-0.11370627279630043,-0.42475796391317205,0.9170732959936841,-0.2995131318873983
-0.6856096339630313,-0.9191590555912804,-0.16998570211118283,-0.6757894977528051,-0.9546324907990192,0.17088465695884883,-0.31287662188316423,-1.860382685046341,-1.1679570708703688,0.042972012215801304,1.8891644082341736
-0.532835142037919,-0.7416018233565087,1.2655847516249097,2.501008176225795,-0.24085770700853654,0.3397458364380364,1.2029423505013073,1.518323425136204,-1.2918235886965683,-0.29322078923723083,-1.4780318073374736
-0.22728615818769465,0.027812849660835207,1.6073872406096938,1.5192894505865748,-0.515386470004876,-0.4482730011315056,-0.048489591816105244,0.7866076308152341,-0.7344242584786721,-1.6379919950493582,-0.7204126588338543
-1.2203203557009237,-0.7416018233565087,0.0350957912796877,-0.8522782574182828,-0.8997267381997514,-0.05426358234673459,-0.29525081987869367,-2.1267676977253887,-0.17702492826077312,-0.49493647010904973,2.0996141717074015
0.8421352852880901,0.26455582597386434,2.6327947075640448,1.221464668651081,-0.3232163359074385,0.17088465695884883,0.9738069244431895,1.0327608703794338,-0.8582907763048716,0.24468769308761984,-0.9729523750017269
0.9949097772132016,-1.1559020319043094,1.197224253827953,-0.7860949725437287,-0.7075566041023137,-0.7297083002634849,0.14539423023307135,-0.4509024913773921,-1.22989032978347,-0.898367831852688,-0.21533322649810593
0.5365863014378657,1.5074564516172662,-1.7422771514411886,-0.764033877585544,0.3356526952837765,-0.8422824199162766,-0.9650312960485764,0.6281254080820937,0.4423076608702215,-0.49493647010904973,-0.9729523750017269
0.001875579699973319,-0.800787567434766,-0.03326470651726914,1.1994035736928965,-0.5977450989037778,0.3397458364380364,0.14539423023307135,0.08186753398074097,-0.672490999565571,-0.898367831852688,0.037206489669766724
-0.3800606501128069,-0.6824160792782514,0.10345628907664453,-0.7199116876691746,-0.570292222604144,-0.3919859413051097,-0.31287662188316423,-0.68693984438413,0.566174178696421,-0.898367831852688,0.20556630044835
0.765748039325533,-0.031372894417421755,0.37689828026447153,-0.6978505927109898,0.006218179688169026,0.7337552552228074,-0.7006442659815174,-0.15416981902603444,0.008774848478524704,1.8584131400621733,1.2157251651198437
-0.15089891222513888,2.7207642052215397,-2.1524401382229295,-0.5654840229618815,0.30819981898414256,-1.2925788985274433,-1.6524375742229298,0.7967235173726583,1.5571063213060168,0.17744913279701416,-0.8045925642231452
0.1546500716250855,0.14618433781734977,-0.375067195502053,1.000853719069234,-0.1859519544092686,0.17088465695884883,0.35690385428671856,0.5202226181361489,-0.6105577406524727,-0.49493647010904973,-0.13115332110881506
-0.8383841258881435,0.5604845463651504,-0.2383461999081393,-0.17941486119364877,-0.6801037278026797,0.7337552552228074,0.32165225027777733,-0.9904164411071162,0.19457462521782254,-0.4276979098184437,0.5984058617377045
3.8976251237903314,-0.44567310296522245,1.197224253827953,-0.43311745321277306,0.6101814582801158,-0.11055064217313045,-1.1941667221066943,1.6059944419672634,-0.17702492826077312,1.791174579771567,-0.2995131318873983
1.2240715151008703,1.2115277312259802,-1.8789981470351023,-0.6316673078364355,1.7082965102654737,-0.8985694797426724,-1.0179087020619884,0.5606861643658829,-0.11509166934767477,0.44640337395943913,0.2897462058376409
-1.5258693395511473,-0.564044591121737,-0.5801486888929233,-0.8081560675019134,-0.26831058330817054,-0.5608471207842973,-0.6477668599681057,-1.5265584286510823,0.566174178696421,0.5808804945406519,0.7106457327840968
0.07826282566252908,3.756514726591041,-1.8106376492381455,-0.6537284027946203,0.11602968488670473,-0.5608471207842973,-1.1412893160932824,0.8473029501598164,0.5042409197833226,0.11021057250640773,-0.7204126588338543
-0.3800606501128069,-0.3273016148087082,0.9237822626401259,2.0377251821039164,-0.07614044921073289,0.002023477479661268,1.1853165484968367,1.4003047486327977,-0.5486244817393715,0.24468769308761984,-1.225492091169601
0.001875579699973319,1.8033851720085525,-2.0157191426290155,-0.6096062128782509,1.021974602774625,-1.4051530181802352,-1.4585537521737533,1.6059944419672634,2.73383824065491,1.791174579771567,-0.7204126588338543
0.2310373175876413,-0.09055863849567904,0.3085377824675147,-0.5434229280036967,-0.15849907810963482,-0.22312476182592217,0.21589743825095375,-1.2028500588132105,0.566174178696421,-0.024266548074805126,1.8049845028448814
-0.7619968799255871,-0.6824160792782514,0.3085377824675147,2.677496935891273,-0.4879335937052421,0.3960328962644323,0.28640064626883616,1.6599458369402544,0.008774848478524704,-0.6966521509808691,-1.4780318073374736
-0.30367340415025107,-0.9191590555912804,0.17181678687360138,-0.6978505927109898,-0.46048071740560814,0.6211811355700156,-0.10136699782951705,-1.529930390836878,0.13264136630472417,-0.5621750303996562,1.9733443136234645
-1.0675458637758115,-0.2681158707304509,0.4452587780614284,-0.03601774396544798,-0.4879335937052421,-0.4482730011315056,-0.48913464192787026,-1.6546929917118756,0.008774848478524704,0.31192625337822627,2.1417041244020463
-0.8383841258881435,1.5074564516172662,-1.6055561558472748,-0.7199116876691746,0.39055844788304406,-0.8985694797426724,-1.211792524111165,-0.39695109640440096,0.9377737321750194,0.042972012215801304,0.37392611122693176
-0.4564478960753633,-0.2089301266521936,-1.6739166536442318,-0.7860949725437287,-0.6526508515030457,1.4091999731395577,0.5331618743314246,-0.8285622561882178,-0.42475796391317205,-0.7638907112714755,-0.4678729426659801
0.8421352852880901,-0.2681158707304509,1.197224253827953,-0.2786897885054801,0.9121630975760892,-1.06743065922186,-1.5819343662050473,0.1493067776969518,0.2565078841309237,0.7153576151218648,1.2999050705091346
-0.4564478960753633,1.2115277312259802,-2.0840796404259723,-0.521361833045512,-0.6251979752034118,1.4654870329659535,0.14539423023307135,-1.3276126596882079,-0.4866912228262732,-1.570753434758752,1.1315452597305526
-0.30367340415025107,-0.3864873588869651,0.855421764843169,0.93467043419468,-0.7075566041023137,0.28345877661164054,0.40978126030013035,0.021172214636158697,-0.42475796391317205,-1.1673220730151137,-0.13115332110881506
-0.6856096339630313,-0.2681158707304509,-0.16998570211118283,-0.6537284027946203,-0.24085770700853654,0.17088465695884883,0.49791027032248336,-1.6782967270125568,-0.05315841043457366,-0.49493647010904973,1.9733443136234645
0.07826282566252908,0.0869985937390925,2.085910725188391,0.4493263451146158,-0.6526508515030457,1.0151905543547868,1.255819756514719,0.06163576086589269,-0.5486244817393715,0.5808804945406519,0.037206489669766724
-0.6092223880004748,-0.2089301266521936,-0.2383461999081393,-0.7860949725437287,-0.54283934630451,-1.011143599395464,0.09251682421965955,-0.8892575755328,0.566174178696421,-0.158743668656018,-0.13115332110881506
-0.22728615818769465,-0.6232303351999943,0.10345628907664453,-0.05807883892363283,-0.46048071740560814,-0.7859953600898807,0.30402644827330677,-0.31602400394493296,0.19457462521782254,0.7153576151218648,0.12138639505905761
0.1546500716250855,-1.2742735200608237,0.5136192758583852,-0.08013993388181748,-0.4055749648063402,0.3397458364380364,0.40978126030013035,0.15605070206858038,0.81390721434882,0.17744913279701416,-0.21533322649810593
0.07826282566252908,-0.14974438257393632,0.17181678687360138,0.33902087032369216,-0.6801037278026797,-0.33569888147871385,-0.030863789811634647,0.1729105129976331,-0.05315841043457366,-0.49493647010904973,-0.6362327534445619
-0.15089891222513888,-0.6232303351999943,0.3085377824675147,-0.03601774396544798,0.7199929634786517,-1.123717719048256,0.33927805228224794,-0.11370627279630043,0.628107437609522,-1.1000835127245072,0.20556630044835
-1.831418323401372,-0.031372894417421755,-2.1524401382229295,0.3169597753655075,-0.7899152330012155,0.17088465695884883,0.8680521124163659,-0.2148651383706167,0.81390721434882,0.5136419342500456,-0.552052848055271
-0.4564478960753633,-0.44567310296522245,0.0350957912796877,-0.8302171624600981,-0.3506692122070724,-0.6734212404370891,-0.3657540278965761,-1.3815640546611991,-0.7344242584786721,0.17744913279701416,1.4261749285930716
0.1546500716250855,-1.422237880256467,0.17181678687360138,1.5744421879820367,-0.1859519544092686,1.5217740927923493,0.5684134783403657,0.9316020048050799,-0.42475796391317205,-1.1000835127245072,-1.3096719965588919
2.3698802045392107,-1.0375305437477949,1.0605032582340392,-0.8081560675019134,-0.54283934630451,-1.4051530181802352,-1.423302148164812,-0.2148651383706167,-2.0969559545668637,-1.7052305553399643,-0.8045925642231452
-1.1439331097383671,0.26455582597386434,-0.44342769329900983,-0.03601774396544798,-0.6526508515030457,1.0714776141811826,-0.013237987807164047,-1.6445771051544513,0.19457462521782254,0.31192625337822627,2.1417041244020463
0.46019905547530926,0.678856034521665,-0.375067195502053,-0.6978505927109898,0.8572573449768213,-0.3919859413051097,-1.0707861080754,1.2013589796699609,1.2474400267405195,1.3877432180279283,-1.1413121857803101
-0.22728615818769465,-0.8599733115130231,-0.2383461999081393,-0.8522782574182828,-0.24085770700853654,0.3397458364380364,0.7975489043984836,-0.31602400394493296,-0.23895818717387424,-0.6966521509808691,-1.225492091169601
2.0643312206889863,0.027812849660835207,0.6503402714522984,-0.6096062128782509,0.7199929634786517,-1.06743065922186,-0.9297796920396353,1.2350786015280661,-0.11509166934767477,-0.2259822289466244,-0.8887724696124361
0.9949097772132016,-0.9191590555912804,1.6757477384066508,2.6995580308494582,-0.04868757291109892,0.9589034945283909,0.9738069244431895,2.000514017707142,-0.9821572941310711,0.9170732959936841,-1.057132280391018
-0.532835142037919,-0.9191590555912804,-0.3067066977050961,-0.03601774396544798,-0.54283934630451,-0.9548565395690684,-0.22474761186081124,-0.9904164411071162,-0.36282470500007374,-0.8311292715620819,1.0473653543412618
-0.4564478960753633,-0.3273016148087082,2.8378762009549154,-0.6316673078364355,-0.8173681093008495,-0.5045600609579014,-0.38337982990104663,-1.529930390836878,-0.672490999565571,-0.36045934952783726,1.5524447866770086
0.07826282566252908,-0.564044591121737,0.6503402714522984,-0.7199116876691746,-0.54283934630451,1.24033879366037,0.9033037164253072,-1.1590145503976808,0.38037440195712313,-0.9656063921432944,1.3840849758984255
-0.7619968799255871,-0.2681158707304509,-0.2383461999081393,-0.764033877585544,-0.570292222604144,-0.11055064217313045,-0.13661860183845825,-2.1217097544466768,-0.5486244817393715,-0.8311292715620819,2.31006393518063
0.3838118095127535,0.3829273141303786,3.042957694345786,-0.7199116876691746,15.215111649685378,-1.2362918387010475,-1.211792524111165,0.7630038955145528,-1.0440905530441695,4.88414835313946,-0.9729523750017269
1.300458761063426,-0.031372894417421755,0.17181678687360138,-0.764033877585544,-0.021234696611464945,-0.9548565395690684,1.0971875384744838,0.021172214636158697,-0.5486244817393715,-0.4276979098184437,-0.7204126588338543
-1.1439331097383671,0.0869985937390925,-0.716869684486837,0.361081965281877,-0.515386470004876,1.1840517338339742,0.9209295184297778,-0.14742589465440586,0.38037440195712313,0.6481190548312584,-0.4678729426659801
0.1546500716250855,0.3829273141303786,0.17181678687360138,-0.08013993388181748,-0.4055749648063402,-0.6171341806106931,0.23352324025542434,0.25720956764289665,0.13264136630472417,-0.7638907112714755,-0.13115332110881506
-0.4564478960753633,-0.6824160792782514,0.37689828026447153,0.758181674529202,-0.570292222604144,0.9026164347019949,0.69179409237166,0.4123198281902041,-0.17702492826077312,-0.36045934952783726,-0.9729523750017269
1.2240715151008703,0.6196702904434077,0.7870612670462122,-0.8081560675019134,0.5278228293812139,-1.011143599395464,-1.6348117722184592,0.3280207735449405,-0.11509166934767477,1.4549817783185348,-0.2995131318873983
-0.4564478960753633,-0.564044591121737,-0.16998570211118283,-0.8743393523764675,0.30819981898414256,0.508607015917224,0.18064583424201255,-1.0578556848233647,0.6900406965226205,0.31192625337822627,0.37392611122693176
0.46019905547530926,-1.1559020319043094,0.17181678687360138,-0.8743393523764675,-0.5977450989037778,0.05831053730605713,-0.3657540278965761,-1.2062220209990433,-0.9821572941310711,1.2532660974467156,0.6264658273948059
-0.7619968799255871,-0.2089301266521936,-0.375067195502053,-0.05807883892363283,-0.54283934630451,0.3397458364380364,0.6036650823493069,-0.5857809788098138,-0.11509166934767477,-0.8311292715620819,-0.13115332110881506
0.30742456355019704,-0.2681158707304509,0.37689828026447153,-0.764033877585544,0.8298044686771873,-0.1668377019995263,1.1148133404789544,-0.05301095345168072,-0.8582907763048716,-0.2259822289466244,-0.6362327534445619
-0.991158617813255,-0.9783447996695377,-0.2383461999081393,-0.8964004473346523,-0.54283934630451,-0.33569888147871385,-0.45388303791892903,-1.2129659453706345,0.38037440195712313,0.11021057250640773,0.07929644236441291
-0.6856096339630313,-0.031372894417421755,-0.16998570211118283,0.2507764904909534,-0.2957634596078045,-0.05426358234673459,1.9961034407024845,0.22348994578479123,0.38037440195712313,-0.024266548074805126,-0.3836930372766892
0.30742456355019704,2.3360568687128676,-2.1524401382229295,-0.6978505927109898,1.1866918605724288,-1.3488659583538394,-1.7934439902586947,0.22686190797062422,0.81390721434882,0.3791648136688327,0.37392611122693176
3.592076139940107,1.3890849634607514,2.3593527163762182,-0.5654840229618815,0.41801132418267806,-1.3488659583538394,-1.3527989401469296,1.5722748201091579,-1.1060238119572705,0.17744913279701416,-0.4678729426659801
0.8421352852880901,1.596235067734652,-0.6485091866898801,-0.5434229280036967,0.8298044686771873,-1.3488659583538394,-1.6700633762274004,1.2350786015280661,0.19457462521782254,0.5136419342500456,-1.057132280391018
2.751816434351991,0.9155990108346939,0.9921427604370827,-0.5654840229618815,0.445464200482312,-1.4051530181802352,-1.5290569601916357,1.875751416832144,-1.1060238119572705,0.7153576151218648,-0.8887724696124361
0.5365863014378657,0.14618433781734977,-0.03326470651726914,-0.4882701906082349,-0.54283934630451,-1.4051530181802352,-1.5819343662050473,-1.1590145503976808,-0.23895818717387424,-1.1673220730151137,1.1315452597305526
0.6893607933629772,2.839135693378054,-0.5117881910959666,-0.6537284027946203,0.7474458397782857,-1.4051530181802352,-1.775818188254224,0.8978823829469745,0.875840473261921,1.5894588988997476,0.12138639505905761
0.30742456355019704,0.9747847549129511,-0.5117881910959666,-0.8522782574182828,-0.46048071740560814,-1.123717719048256,-0.17187020584739945,-0.8555379536746947,-1.1060238119572705,-1.6379919950493582,0.20556630044835
0.8421352852880901,-0.44567310296522245,0.17181678687360138,1.1332202888183422,-0.24085770700853654,1.1277646740075784,0.07489102221518895,0.8843945342037548,-0.3008914460869726,-0.158743668656018,-0.21533322649810593
-0.532835142037919,-0.7416018233565087,0.0350957912796877,-0.6316673078364355,-0.7899152330012155,0.3397458364380364,-0.38337982990104663,-1.2736612647152543,0.2565078841309237,0.3791648136688327,1.1315452597305526
-0.30367340415025107,-0.44567310296522245,-0.2383461999081393,0.6037540098219089,-0.515386470004876,-0.22312476182592217,-0.4362572359144585,-1.0241360629652216,0.07070810739162582,-1.3017991935963262,1.6366246920662995
-0.7619968799255871,-0.564044591121737,0.4452587780614284,0.6258151047800937,-0.3232163359074385,1.3529129133131619,1.661213202617543,0.39883197944698434,-0.36282470500007374,-0.49493647010904973,-1.225492091169601
-0.22728615818769465,-0.9191590555912804,0.0350957912796877,0.6258151047800937,-0.4055749648063402,0.002023477479661268,0.28640064626883616,0.0076843658929015525,1.0616402500012188,-0.9656063921432944,-0.04697341571952417
-0.30367340415025107,-0.2089301266521936,0.0350957912796877,0.5596318199055395,-0.13104620181000085,0.28345877661164054,0.515536072326954,0.4595272987915666,-0.5486244817393715,-1.0328449524339007,-1.3096719965588919
3.2865271560898828,0.3829273141303786,1.4023057472188234,-0.4551785481709578,0.6376343345797498,-0.05426358234673459,-1.0355345040664587,1.875751416832144,0.19457462521782254,2.3290830620964176,0.37392611122693176
-0.07451166626258313,-0.5048588470434797,0.17181678687360138,2.0597862770621007,0.28074694268450856,0.28345877661164054,1.3263229645326016,1.3699570889605253,-0.9821572941310711,-0.024266548074805126,-1.225492091169601
4.126786861677998,0.26455582597386434,1.197224253827953,-0.5654840229618815,0.6376343345797498,-1.2362918387010475,-1.6524375742229298,1.5722748201091579,-0.9821572941310711,1.925651700352779,-0.21533322649810593
1.5296204989510933,-0.031372894417421755,-0.3067066977050961,-0.8522782574182828,-0.8448209856004835,-0.7297083002634849,-0.718270067985988,-0.8218183318165891,-0.92022403521797,-0.9656063921432944,0.20556630044835
-0.30367340415025107,1.921756660165067,-2.0157191426290155,-0.7199116876691746,-0.1859519544092686,-1.4051530181802352,-1.8110697922631653,0.5606861643658829,1.5571063213060168,-0.09150510836541155,-0.8887724696124361
2.140718466651542,-0.8599733115130231,0.5136192758583852,-0.8081560675019134,-0.1859519544092686,-0.6171341806106931,0.6741682903671894,-0.1811455165125113,-1.4156901065227678,-0.7638907112714755,-0.13115332110881506
-0.07451166626258313,0.0869985937390925,-0.5117881910959666,-0.7199116876691746,-0.8722738619001174,0.11459759713245299,-0.20712180985634066,-1.4287715252625617,0.6900406965226205,0.3791648136688327,1.8891644082341736
-1.6022565855137039,-0.09055863849567904,-0.6485091866898801,-0.764033877585544,-0.8173681093008495,-0.6734212404370891,-0.4362572359144585,-1.7659677438436534,1.7429060980453146,-1.0328449524339007,1.6366246920662995
0.8421352852880901,1.8033851720085525,-1.4688351602533614,-0.4772396431291426,0.8847102212764552,-0.7297083002634849,-1.299921534133518,1.1777552443692796,0.38037440195712313,0.11021057250640773,-0.8887724696124361
0.001875579699973319,-0.2089301266521936,0.6503402714522984,0.7802427694873867,-0.10359332551036686,-0.8422824199162766,-0.4362572359144585,1.0327608703794338,0.38037440195712313,0.7153576151218648,-0.552052848055271
-1.3730948476260352,2.3360568687128676,-1.5371956580503183,-0.7419727826273592,0.8847102212764552,-0.7859953600898807,-1.5466827621961063,-0.17440159214088272,2.73383824065491,0.17744913279701416,0.8790055435626786
0.765748039325533,-0.14974438257393632,0.7187007692492553,-0.6096062128782509,1.131786107973161,-1.5177271378330268,-1.8463213962721066,0.17628247518342866,0.2565078841309237,0.11021057250640773,1.4682648812877177
-0.15089891222513888,-0.564044591121737,1.6757477384066508,-0.6757894977528051,-0.5977450989037778,-0.5608471207842973,-0.33050242388763484,-0.9229771973909054,0.008774848478524704,-0.024266548074805126,0.37392611122693176
-0.15089891222513888,-0.9783447996695377,1.197224253827953,0.052226635867290795,-0.46048071740560814,0.2271717167852447,0.19827163624648314,-1.0578556848233647,0.07070810739162582,-0.898367831852688,1.3840849758984255
-0.15089891222513888,0.6196702904434077,0.17181678687360138,3.2510854048040763,-0.46048071740560814,-1.011143599395464,-0.8240248800128116,1.0327608703794338,-0.9821572941310711,-1.0328449524339007,0.37392611122693176
0.1546500716250855,0.027812849660835207,-0.5117881910959666,0.2066543005745839,-0.4055749648063402,-0.11055064217313045,0.16302003223754197,-0.5048538863503458,-0.5486244817393715,-0.6294135906902626,0.6264658273948059
-0.3800606501128069,-0.031372894417421755,0.7870612670462122,-0.764033877585544,-0.43302784110597414,-0.05426358234673459,0.0043878141973065525,-1.4827229202355154,0.008774848478524704,-0.6294135906902626,1.7208045974555906
-0.7619968799255871,0.027812849660835207,-0.16998570211118283,-0.25662869354729534,-0.43302784110597414,-0.4482730011315056,-0.6125152559591645,-1.5130705799078252,-0.7963575173917705,0.3791648136688327,1.2718451048520347
-0.3800606501128069,0.0869985937390925,-0.2383461999081393,0.7140594846128328,-0.6251979752034118,-0.05426358234673459,-0.5772636519502232,-1.0207641007794261,-1.6634231421751668,-0.9656063921432944,1.6366246920662995
0.1546500716250855,-0.8599733115130231,-0.2383461999081393,0.8905482442783103,-0.26831058330817054,-0.05426358234673459,-0.33050242388763484,0.2639534920145252,-0.42475796391317205,-0.4276979098184437,-0.6362327534445619
-0.9147713718506992,-0.9191590555912804,0.37689828026447153,1.0229148140274185,-0.6801037278026797,-0.7297083002634849,-1.1236635140888118,-0.4509024913773921,-0.92022403521797,0.8498347357030777,1.2157251651198437
-0.4564478960753633,-0.5048588470434797,0.4452587780614284,0.3169597753655075,3.1083932015468054,2.140931750882704,1.5378325885862487,0.35836843321725037,-0.23895818717387424,-1.0328449524339007,-0.9729523750017269
-0.4564478960753633,-0.564044591121737,0.24017728467055785,1.9715418972293621,0.3356526952837765,0.6774681953964116,0.8680521124163659,1.504835576392947,2.0525723926108146,-0.4276979098184437,-0.6362327534445619
-0.4564478960753633,0.5604845463651504,-1.1270326712685776,-0.6537284027946203,0.5278228293812139,-0.4482730011315056,-1.0707861080754,0.39208805507535577,0.566174178696421,0.5808804945406519,-1.057132280391018
-0.15089891222513888,1.3298992193824941,-2.1524401382229295,-0.6757894977528051,3.6574507275394836,-1.011143599395464,-1.211792524111165,0.7495160467712957,0.5042409197833226,0.44640337395943913,-0.9729523750017269
-0.4564478960753633,-1.0967162878260521,0.17181678687360138,-0.8743393523764675,-0.54283934630451,0.6211811355700156,0.022013616201777154,-1.5636500126949833,-1.3537568476096695,0.9843118562842905,1.2157251651198437
2.3698802045392107,1.0931562430694657,1.128863756030996,-0.5654840229618815,0.17093543748597267,-1.3488659583538394,-1.564308564200577,1.7745925512578278,-0.672490999565571,0.3791648136688327,-1.057132280391018
-0.7619968799255871,-0.3864873588869651,-0.6485091866898801,0.4934485350309853,-0.43302784110597414,-0.22312476182592217,0.7622973003895424,0.39208805507535577,1.3093732856536178,0.7153576151218648,-0.6362327534445619
-0.991158617813255,0.14618433781734977,0.0350957912796877,-0.764033877585544,-0.7624623567015816,0.6211811355700156,-0.20712180985634066,-1.8131752144449784,1.12357350891432,0.11021057250640773,1.8049845028448814
-0.22728615818769465,-0.8599733115130231,0.3085377824675147,-0.7860949725437287,-0.7075566041023137,0.45231995609082815,0.5860392803448363,-0.48462211323549753,0.7519739554357215,0.17744913279701416,0.37392611122693176
2.0643312206889863,0.5604845463651504,0.9921427604370827,-0.6316673078364355,0.9396159738757232,-1.123717719048256,-1.2822957321290473,0.6213814837105026,-0.3008914460869726,1.0515504165748963,1.1315452597305526
-0.07451166626258313,-0.800787567434766,0.24017728467055785,-0.5654840229618815,-0.46048071740560814,0.6211811355700156,1.2734455585191897,-1.0983192310530612,0.566174178696421,0.17744913279701416,1.6366246920662995
-0.8383841258881435,-0.44567310296522245,-0.03326470651726914,-0.25662869354729534,-0.6251979752034118,0.6774681953964116,0.40978126030013035,-0.7948426343301124,0.07070810739162582,-0.49493647010904973,0.2897462058376409
-0.8383841258881435,1.3890849634607514,-0.5801486888929233,-0.5654840229618815,-0.3506692122070724,-0.7859953600898807,-0.7711474739993999,-0.34299970143144726,1.4332398034798173,0.7825961754124713,1.6366246920662995
-0.532835142037919,-0.7416018233565087,-0.03326470651726914,-0.25662869354729534,-0.2957634596078045,-0.7297083002634849,-0.13661860183845825,-1.1994780966274148,-0.4866912228262732,-1.5035148744681455,0.7948256381733877
-1.9078055693639275,2.602392717065025,-2.1524401382229295,-0.36693416833821896,-0.570292222604144,-0.3919859413051097,0.35690385428671856,-1.5939976723672933,1.866772615871514,2.5980373032588435,2.7309634621270855
-0.3800606501128069,-0.2089301266521936,0.7187007692492553,0.29489868040732287,0.006218179688169026,-0.27941182165231804,0.6036650823493069,0.3246488113591449,-0.42475796391317205,-0.5621750303996562,-0.8045925642231452
-0.8383841258881435,-0.031372894417421755,-0.3067066977050961,-0.5434229280036967,-0.8997267381997514,-0.5608471207842973,-0.15424440384292884,-1.3276126596882079,1.0616402500012188,0.9170732959936841,1.3840849758984255
-0.15089891222513888,0.26455582597386434,-0.716869684486837,1.2435257636092658,1.131786107973161,-0.9548565395690684,-0.40100563190551725,0.6854487652408805,-1.22989032978347,-0.4276979098184437,-1.057132280391018
-1.0675458637758115,-0.9783447996695377,0.37689828026447153,-0.8743393523764675,-0.570292222604144,0.05831053730605713,-0.31287662188316423,-1.7255041976139194,-0.42475796391317205,-0.36045934952783726,1.2157251651198437
-0.991158617813255,-0.800787567434766,-0.03326470651726914,-0.7199116876691746,-0.6526508515030457,0.8463293748755991,0.49791027032248336,-1.5838817858098315,0.7519739554357215,-0.2259822289466244,1.8049845028448814
-1.0675458637758115,1.152341987147723,-2.1524401382229295,-0.8081560675019134,-0.6526508515030457,0.5648940757436198,-0.11899279983398765,-1.8064312900733872,0.19457462521782254,-1.2345606333057202,1.5524447866770086
-0.9147713718506992,0.4421130582086359,-0.8535906800807505,-0.6757894977528051,0.5003699530815799,-0.4482730011315056,-1.1765409201022237,0.2302338701564198,0.9997069910881204,1.656697459190354,-0.4678729426659801
-0.7619968799255871,1.7441994279302953,-1.5371956580503183,-0.5654840229618815,0.6650872108793838,-0.8422824199162766,-1.5466827621961063,0.28418526512941095,2.114505651523913,0.6481190548312584,1.2157251651198437
-1.6786438314762595,-0.09055863849567904,-0.5801486888929233,1.4861978081492981,-0.7350094804019477,-0.3919859413051097,0.779923102394013,-0.4441585670057635,1.12357350891432,0.7153576151218648,1.0473653543412618
-0.22728615818769465,-0.3864873588869651,-0.6485091866898801,1.089098098901973,-0.13104620181000085,0.3397458364380364,0.30402644827330677,0.8169552904875066,-0.92022403521797,-0.49493647010904973,-0.8045925642231452
-0.8383841258881435,0.3829273141303786,-0.5117881910959666,-0.764033877585544,-0.21340483070890257,-0.7859953600898807,0.40978126030013035,-0.5183417350936029,0.566174178696421,-0.2259822289466244,-0.13115332110881506
0.765748039325533,2.3360568687128676,-1.5371956580503183,-0.6757894977528051,0.28074694268450856,-1.4051530181802352,-1.828695594267636,-0.120450197167929,0.318441143044022,0.24468769308761984,1.0473653543412618
-0.15089891222513888,-1.0967162878260521,-0.44342769329900983,2.0377251821039164,-0.3506692122070724,-0.1668377019995263,0.6212908843537776,1.1676393578118553,-1.9730894367406642,-0.49493647010904973,-1.1413121857803101
3.8212378778277745,0.7972275226781793,1.539026742812737,-0.5434229280036967,0.7748987160779197,-0.6171341806106931,-0.8769022860262234,1.8420317949740388,-0.7963575173917705,0.5136419342500456,-0.04697341571952417
0.001875579699973319,-1.3630521361782098,-0.10162520431422599,0.3831430602400617,-0.021234696611464945,-0.22312476182592217,-0.15424440384292884,0.29092918950100205,1.3093732856536178,-0.898367831852688,-0.8045925642231452
-0.9147713718506992,-0.800787567434766,-0.16998570211118283,1.772992042605699,-0.4055749648063402,-0.11055064217313045,0.19827163624648314,1.626226215082149,0.9997069910881204,-0.5621750303996562,-1.646391618116057
-0.4564478960753633,-0.5048588470434797,-0.2383461999081393,0.9567315291528646,-0.7899152330012155,-0.9548565395690684,0.12776842822860077,-0.6734519956409103,-0.36282470500007374,-1.3017991935963262,1.2999050705091346
1.8351694828013176,0.3829273141303786,0.37689828026447153,-0.6096062128782509,0.9396159738757232,-1.123717719048256,-1.599560168209518,1.1204318872104928,0.07070810739162582,0.17744913279701416,-0.04697341571952417
0.001875579699973319,0.7972275226781793,-1.6739166536442318,0.09634882578366027,0.8847102212764552,-1.123717719048256,-1.687689178231871,0.7764917442577726,0.875840473261921,0.9843118562842905,0.5422859220055135
0.1546500716250855,-0.800787567434766,-0.3067066977050961,-0.8522782574182828,-0.43302784110597414,-0.1668377019995263,-0.25999921586975244,-0.6195006006679192,-0.23895818717387424,-1.3690377538869325,-0.6362327534445619
-0.3800606501128069,-1.3926450082173383,-0.375067195502053,2.14803065689484,-0.10359332551036686,0.7900423150492033,-0.33050242388763484,0.7495160467712957,-0.17702492826077312,-1.2345606333057202,-0.6362327534445619
-0.30367340415025107,1.2707134753042375,-1.9473586448320592,-0.7419727826273592,0.7474458397782857,-0.6734212404370891,-1.3880505441558708,0.7630038955145528,1.3093732856536178,0.6481190548312584,-0.4678729426659801
-0.30367340415025107,-0.564044591121737,-0.5117881910959666,-0.11323157631909464,-0.10359332551036686,0.6211811355700156,1.7140906086309549,0.3246488113591449,0.875840473261921,0.9170732959936841,-0.8887724696124361
1.2240715151008703,-0.031372894417421755,0.10345628907664453,1.0229148140274185,-0.570292222604144,0.9026164347019949,1.0266843304566013,0.695564651798342,-0.92022403521797,-0.898367831852688,-0.2995131318873983
4.279561353603111,2.9279143094954394,2.154271222985348,-0.5875451179200661,0.8572573449768213,-0.9548565395690684,-1.3880505441558708,1.7408729293997225,-0.7963575173917705,0.44640337395943913,-0.13115332110881506
0.001875579699973319,1.3890849634607514,-0.3067066977050961,0.1625321106582144,-0.6801037278026797,0.5648940757436198,0.07489102221518895,-1.2331977184855203,-0.36282470500007374,-0.024266548074805126,2.0575242190127554
-0.4564478960753633,0.26455582597386434,0.4452587780614284,1.0229148140274185,-0.10359332551036686,1.0714776141811826,1.9784776386980139,1.1238038493963258,0.4423076608702215,0.24468769308761984,-0.9729523750017269
0.46019905547530926,0.9155990108346939,-1.3321141646594479,-0.7199116876691746,3.3280162119438765,-1.3488659583538394,-1.6348117722184592,0.49324692064967207,0.318441143044022,2.261844501805811,-0.6362327534445619
0.001875579699973319,1.4186778354998801,-0.7852301822837936,1.1773424787347118,0.8023515923775533,-0.7297083002634849,-0.34812822589210546,0.7663758577003484,-0.6105577406524727,-0.898367831852688,-0.9729523750017269
-1.1439331097383671,-0.3864873588869651,-0.10162520431422599,-0.25662869354729534,-0.8448209856004835,0.3397458364380364,-0.15424440384292884,-1.6546929917118756,0.19457462521782254,0.31192625337822627,1.8470744555395275
2.8282036803145467,-0.800787567434766,1.197224253827953,-0.49930073808732733,0.8572573449768213,-1.06743065922186,-1.4409279501692827,0.8978823829469745,-0.05315841043457366,0.9843118562842905,0.9631854489519694
1.5296204989510933,0.678856034521665,-0.5801486888929233,-0.5434229280036967,0.9396159738757232,-0.6734212404370891,-0.6477668599681057,1.5790187444807864,-0.4866912228262732,-0.158743668656018,-0.9729523750017269
0.1546500716250855,-0.14974438257393632,-0.3067066977050961,1.72886985268933,-0.46048071740560814,1.690635272271537,1.8903486286756608,1.2721701855720047,-1.1060238119572705,0.8498347357030777,-0.9729523750017269
-0.30367340415025107,-0.9783447996695377,0.24017728467055785,0.07428773082547563,-0.07614044921073289,1.296625853486766,0.515536072326954,-0.5621772435091325,-0.7963575173917705,0.042972012215801304,0.37392611122693176
-0.3800606501128069,-0.09055863849567904,1.197224253827953,-0.764033877585544,3.0260345726479034,-0.5608471207842973,-0.34812822589210546,-1.0578556848233647,-0.7344242584786721,-0.2259822289466244,0.7106457327840968
2.599041942426878,-0.2089301266521936,1.197224253827953,-0.6316673078364355,0.17093543748597267,-0.6734212404370891,-1.299921534133518,1.0327608703794338,-0.5486244817393715,-0.158743668656018,-0.6362327534445619
-0.7619968799255871,-0.800787567434766,0.4452587780614284,0.3831430602400617,-0.570292222604144,1.9157835115771207,2.3133678767829555,0.1897703239266858,-1.0440905530441695,-1.1673220730151137,-1.057132280391018
-0.532835142037919,0.027812849660835207,0.3085377824675147,-0.9405226372510218,-0.6251979752034118,0.11459759713245299,-0.048489591816105244,-1.7255041976139194,-0.7344242584786721,-0.2259822289466244,1.2999050705091346
0.46019905547530926,1.7737922999694238,-2.1524401382229295,-0.6757894977528051,0.6925400871790177,-1.2362918387010475,-1.7229407822408123,0.6281254080820937,0.9377737321750194,0.3791648136688327,-0.6362327534445619
0.001875579699973319,1.0931562430694657,-1.2637536668624911,-0.6757894977528051,0.033671055987803,-0.6734212404370891,-1.6171859702139886,0.4022039416327799,-0.11509166934767477,0.9843118562842905,-0.552052848055271
-1.2967076016634793,-0.031372894417421755,-0.375067195502053,-0.6316673078364355,-0.982085367098653,0.05831053730605713,0.09251682421965955,-1.8030593278875544,1.9906391336977136,-0.29322078923723083,2.0575242190127554
1.4532332529885377,1.9809424042433244,-1.4004746624564048,-0.49930073808732733,0.994521726474991,-1.06743065922186,-1.2294183261156355,1.464372030163213,0.5042409197833226,0.11021057250640773,-0.8887724696124361
1.5296204989510933,0.5012988022868932,1.4023057472188234,-0.6096062128782509,0.7199929634786517,-0.8985694797426724,-1.599560168209518,1.0327608703794338,0.7519739554357215,0.5136419342500456,0.6264658273948059
0.001875579699973319,2.0697210203607095,-1.2637536668624911,-0.6757894977528051,0.5278228293812139,-1.011143599395464,-1.6524375742229298,0.31116096261588777,0.38037440195712313,0.042972012215801304,-0.3836930372766892
1.2240715151008703,1.7441994279302953,-0.9903116756746639,-0.4772396431291426,0.7474458397782857,-0.27941182165231804,0.28640064626883616,1.2283346771564376,0.008774848478524704,0.042972012215801304,-0.8045925642231452
0.8421352852880901,-0.2681158707304509,0.3085377824675147,1.089098098901973,-0.4055749648063402,0.17088465695884883,0.9738069244431895,1.2350786015280661,0.008774848478524704,-0.158743668656018,-1.057132280391018
-0.9147713718506992,-0.8599733115130231,-0.375067195502053,-0.8743393523764675,-0.6526508515030457,0.45231995609082815,-0.8240248800128116,-1.6850406513841854,-0.5486244817393715,-1.0328449524339007,0.7948256381733877
0.07826282566252908,0.3237415700521216,-0.375067195502053,0.08531827830456795,-1.119349748596823,-0.22312476182592217,-0.41863143390998786,-1.6951565379416094,-2.4066222491323637,0.042972012215801304,2.225884029791337
-0.22728615818769465,-1.333459264139081,0.3085377824675147,-0.6316673078364355,-0.54283934630451,-0.6734212404370891,-0.048489591816105244,-0.8892575755328,1.12357350891432,1.925651700352779,1.1315452597305526
-0.6856096339630313,-0.44567310296522245,0.9921427604370827,1.3317701434420048,-0.10359332551036686,0.7900423150492033,1.1148133404789544,0.8000954795584538,-0.3008914460869726,0.9170732959936841,-0.9729523750017269
-0.15089891222513888,-0.7416018233565087,-0.375067195502053,-0.49930073808732733,-0.570292222604144,0.7900423150492033,0.32165225027777733,-1.2669173403436256,0.6900406965226205,-0.8311292715620819,1.2157251651198437
-0.9147713718506992,-0.5048588470434797,0.10345628907664453,-0.15735376623546413,-0.46048071740560814,-0.8422824199162766,-0.5948894539546938,-1.7524798951003961,0.38037440195712313,-0.2259822289466244,1.8049845028448814
0.46019905547530926,-0.3864873588869651,-0.03326470651726914,-0.6537284027946203,-0.2957634596078045,-0.11055064217313045,1.661213202617543,-0.06649880219493787,0.008774848478524704,0.7153576151218648,-0.6362327534445619
1.9879439747264307,1.8625709160868098,0.5136192758583852,-0.41105635825458836,0.7199929634786517,-0.5045600609579014,-0.9650312960485764,1.4711159545348416,0.875840473261921,1.186027537156109,0.7948256381733877
-0.6092223880004748,-1.1559020319043094,-0.03326470651726914,-0.8743393523764675,-0.3506692122070724,-0.27941182165231804,-0.31287662188316423,-0.4509024913773921,1.928705874784615,-0.158743668656018,-0.21533322649810593
-0.15089891222513888,-0.7416018233565087,-0.375067195502053,-0.8743393523764675,-0.54283934630451,-0.5608471207842973,-0.7535216719949293,-1.4624911471206672,-0.7963575173917705,-1.0328449524339007,0.9631854489519694
-0.6092223880004748,-0.2681158707304509,0.4452587780614284,0.6037540098219089,-0.2957634596078045,0.28345877661164054,1.3792003705460134,0.3246488113591449,-0.7963575173917705,-1.1000835127245072,-1.3096719965588919
-0.22728615818769465,-0.2681158707304509,0.3085377824675147,-0.12426212379818696,-0.07614044921073289,0.05831053730605713,1.57308419259519,0.19988621048410996,1.0616402500012188,0.24468769308761984,-0.13115332110881506
-0.991158617813255,-0.14974438257393632,-0.7852301822837936,2.0597862770621007,-0.1859519544092686,-0.05426358234673459,0.5331618743314246,0.7157964249131903,0.07070810739162582,-0.8311292715620819,-0.21533322649810593
0.2310373175876413,0.4421130582086359,-0.7852301822837936,-0.8081560675019134,0.08857680858707076,-0.8422824199162766,0.956181122438719,-0.04626702908008959,-1.0440905530441695,-0.898367831852688,-0.9729523750017269
0.2310373175876413,-0.3864873588869651,3.1796786899396996,1.552381093023852,-0.43302784110597414,1.296625853486766,0.8328005084074248,1.295773920872686,-1.5395566243489673,-0.6294135906902626,-1.562211712726766
0.9949097772132016,0.14618433781734977,0.0350957912796877,-0.7199116876691746,0.2532940663848746,-0.22312476182592217,-1.1060377120843412,0.0076843658929015525,0.9377737321750194,1.2532660974467156,1.0473653543412618
1.300458761063426,1.6258279397737807,-0.8535906800807505,-0.25662869354729534,3.1083932015468054,1.1840517338339742,0.6036650823493069,1.3699570889605253,-0.36282470500007374,2.6652758635494496,-1.1413121857803101
-1.1439331097383671,-0.7416018233565087,-0.7852301822837936,2.4127637963930564,-0.3506692122070724,0.6211811355700156,-0.013237987807164047,1.3767010133321165,-0.05315841043457366,-0.49493647010904973,-1.3938519019481828
0.07826282566252908,-0.14974438257393632,-0.5801486888929233,-0.6096062128782509,0.2532940663848746,0.28345877661164054,-0.7711474739993999,0.45278337441993805,1.2474400267405195,0.5808804945406519,-0.3836930372766892
0.2310373175876413,1.685013683852038,-1.3321141646594479,0.008104445950921305,1.4886734998684021,1.1277646740075784,-0.06611539382057585,1.2687982233861717,0.19457462521782254,1.5894588988997476,-0.9729523750017269
1.0712970231757575,-0.6824160792782514,0.9921427604370827,-0.8964004473346523,-0.07614044921073289,-1.1800047788746517,-0.7358958699904586,-0.14742589465440586,-1.7253564010882652,-0.29322078923723083,-1.225492091169601
-0.991158617813255,-0.6824160792782514,-0.2383461999081393,0.7802427694873867,-0.2957634596078045,0.3960328962644323,0.49791027032248336,-0.07324272656656644,0.008774848478524704,-0.024266548074805126,0.037206489669766724
1.4532332529885377,0.3237415700521216,1.7441082362036069,-0.10220102884000232,0.6376343345797498,-1.3488659583538394,-1.6524375742229298,0.6685889543118277,0.318441143044022,0.24468769308761984,1.6366246920662995
0.1546500716250855,-0.5048588470434797,-0.10162520431422599,0.6258151047800937,-0.21340483070890257,0.45231995609082815,0.7622973003895424,0.5944057862239883,-0.6105577406524727,-0.36045934952783726,-1.3938519019481828
-0.7619968799255871,0.5012988022868932,-0.6485091866898801,-0.7199116876691746,0.5827285819804818,-0.5045600609579014,-1.0179087020619884,0.6045216727814499,1.8048393569584158,0.44640337395943913,-0.8887724696124361
-0.30367340415025107,-0.2089301266521936,0.7187007692492553,0.4052041551982465,-0.2957634596078045,1.1277646740075784,1.044310132461072,0.4258076769334612,-0.23895818717387424,-0.49493647010904973,-1.3096719965588919
-0.7619968799255871,-1.0375305437477949,-0.2383461999081393,-0.08013993388181748,-0.54283934630451,0.508607015917224,0.33927805228224794,-0.48462211323549753,1.12357350891432,-0.49493647010904973,0.20556630044835
-0.6092223880004748,-0.800787567434766,1.2655847516249097,1.4420756182329284,-0.4055749648063402,0.8463293748755991,0.69179409237166,0.8978823829469745,-0.4866912228262732,-0.6966521509808691,-1.4780318073374736
-0.6856096339630313,-0.9783447996695377,-0.6485091866898801,0.11840992074184492,-0.26831058330817054,0.8463293748755991,0.5860392803448363,-0.238468873671298,-0.8582907763048716,0.042972012215801304,-0.4678729426659801
-0.22728615818769465,2.4840212289085106,-2.0157191426290155,-0.6096062128782509,0.17093543748597267,0.28345877661164054,-0.8945280880306941,0.9990412485213283,2.114505651523913,1.656697459190354,-0.552052848055271
0.07826282566252908,0.3237415700521216,-0.5117881910959666,0.361081965281877,0.033671055987803,0.6211811355700156,0.9209295184297778,0.15605070206858038,-0.17702492826077312,-0.8311292715620819,-0.552052848055271
-0.07451166626258313,1.2115277312259802,-1.2637536668624911,-0.7419727826273592,0.445464200482312,-0.5045600609579014,0.9033037164253072,-0.1811455165125113,-1.6014898832620656,0.31192625337822627,-1.1413121857803101
-1.2203203557009237,0.3829273141303786,-0.5117881910959666,-0.6978505927109898,-0.6251979752034118,-1.123717719048256,-1.0707861080754,-2.153743395211903,0.566174178696421,-0.2259822289466244,2.4784237459592116
-1.0675458637758115,-0.3864873588869651,0.17181678687360138,-0.23456759858911058,-0.7075566041023137,0.5648940757436198,-0.25999921586975244,-1.6648088782692996,0.9997069910881204,-0.9656063921432944,1.8891644082341736
-0.07451166626258313,-1.0375305437477949,0.7870612670462122,-0.8302171624600981,-0.9271796144993852,0.17088465695884883,0.32165225027777733,-1.3040089243875266,-0.7344242584786721,0.17744913279701416,0.9631854489519694
0.3838118095127535,0.26455582597386434,-0.10162520431422599,0.030165540909106146,-0.54283934630451,-0.05426358234673459,0.30402644827330677,-0.07998665093819501,0.9377737321750194,-0.6294135906902626,0.37392611122693176
-0.6856096339630313,-0.800787567434766,-0.2383461999081393,-0.7860949725437287,-0.15849907810963482,0.9026164347019949,0.49791027032248336,-0.5857809788098138,0.008774848478524704,-0.7638907112714755,-0.3836930372766892
-1.0675458637758115,-0.3273016148087082,-0.3067066977050961,-0.764033877585544,0.1434825611863387,-0.7297083002634849,0.46265866631354213,-1.0645996091949557,0.008774848478524704,-1.2345606333057202,0.45810601661622263
-1.0675458637758115,0.4421130582086359,-0.10162520431422599,-0.6316673078364355,-0.5977450989037778,-0.22312476182592217,0.26877484426436554,-1.8671266094179695,0.566174178696421,-0.4276979098184437,1.9733443136234645
-0.15089891222513888,-0.6232303351999943,-0.44342769329900983,-0.7419727826273592,-0.4055749648063402,1.0151905543547868,1.3263229645326016,-0.8555379536746947,0.13264136630472417,-0.7638907112714755,0.7106457327840968
-0.3800606501128069,-0.031372894417421755,-0.10162520431422599,0.758181674529202,0.06112393228743678,-0.33569888147871385,0.6741682903671894,0.5438263534368302,1.4332398034798173,0.7153576151218648,0.37392611122693176
-0.22728615818769465,-1.0375305437477949,-0.44342769329900983,-0.764033877585544,-0.26831058330817054,0.2271717167852447,0.32165225027777733,-1.0578556848233647,-0.42475796391317205,-0.36045934952783726,0.7106457327840968
-0.991158617813255,-0.9191590555912804,-0.375067195502053,0.5155096299891702,-0.6251979752034118,0.17088465695884883,0.16302003223754197,0.15605070206858038,1.619039580219118,-0.7638907112714755,-0.3836930372766892
0.5365863014378657,-1.0375305437477949,0.0350957912796877,-0.764033877585544,-0.10359332551036686,0.9589034945283909,0.6389166863582482,0.08861145835236954,0.38037440195712313,1.5222203386091413,-0.8045925642231452
-0.22728615818769465,-0.564044591121737,-0.5117881910959666,-0.7199116876691746,-0.10359332551036686,-1.3488659583538394,0.12776842822860077,-0.5183417350936029,0.008774848478524704,1.1187889768655026,0.7106457327840968
-0.991158617813255,-0.564044591121737,-0.44342769329900983,1.3758923333583744,-0.13104620181000085,0.002023477479661268,0.9033037164253072,0.8304431392307637,0.07070810739162582,-0.6294135906902626,-0.8887724696124361
0.1546500716250855,-0.44567310296522245,-0.03326470651726914,-0.5875451179200661,-1.174255501196091,-0.8422824199162766,0.515536072326954,-1.2129659453706345,-1.22989032978347,0.7825961754124713,1.2157251651198437
-0.7619968799255871,-1.1559020319043094,-0.3067066977050961,-0.8081560675019134,-0.43302784110597414,1.1840517338339742,0.05726522021071835,-1.2264537941138918,0.318441143044022,-1.0328449524339007,0.5422859220055135
0.30742456355019704,-1.0375305437477949,0.9237822626401259,1.3538312384001894,-0.07614044921073289,1.4654870329659535,0.40978126030013035,0.8304431392307637,-0.4866912228262732,-0.4276979098184437,-0.4678729426659801
-1.2967076016634793,-0.6232303351999943,0.9237822626401259,-0.7419727826273592,-0.2957634596078045,-0.4482730011315056,-0.013237987807164047,-0.7746108612152266,-0.05315841043457366,-0.36045934952783726,-0.4678729426659801
-1.6786438314762595,-0.2681158707304509,0.10345628907664453,-0.30075088346366474,-0.7350094804019477,1.3529129133131619,1.044310132461072,-1.9682854749922858,0.81390721434882,-1.570753434758752,2.0575242190127554
-0.9147713718506992,-0.2089301266521936,-0.3067066977050961,-0.6096062128782509,-0.4055749648063402,-0.6171341806106931,0.11014262622413015,-1.6917845757558139,0.566174178696421,-0.8311292715620819,1.8049845028448814
-0.15089891222513888,-0.7416018233565087,0.10345628907664453,-0.6537284027946203,-0.13104620181000085,-0.8422824199162766,-0.6653926619725763,-0.5183417350936029,-0.17702492826077312,-0.8311292715620819,0.037206489669766724
-0.4564478960753633,0.027812849660835207,-0.375067195502053,-0.521361833045512,-0.3232163359074385,-0.6171341806106931,0.26877484426436554,-1.6917845757558139,0.07070810739162582,-0.36045934952783726,2.0575242190127554
-0.532835142037919,-0.564044591121737,0.9237822626401259,0.6037540098219089,-0.24085770700853654,1.24033879366037,1.308697162528131,0.4123198281902041,-0.17702492826077312,-0.024266548074805126,-1.225492091169601
-0.15089891222513888,1.2115277312259802,-1.2637536668624911,-0.6316673078364355,0.5003699530815799,-0.8422824199162766,-1.3880505441558708,0.4595272987915666,0.81390721434882,0.3791648136688327,-0.7204126588338543
-0.07451166626258313,-1.0967162878260521,0.855421764843169,-0.5654840229618815,0.30819981898414256,-0.7297083002634849,-1.4585537521737533,-0.4239267938908778,0.7519739554357215,0.042972012215801304,1.5524447866770086
3.2865271560898828,-0.2089301266521936,1.3339452494218664,-0.6316673078364355,0.6101814582801158,-0.8985694797426724,-1.5114311581871651,1.2350786015280661,-1.22989032978347,2.6652758635494496,-0.6362327534445619
-0.8383841258881435,-0.5048588470434797,-0.2383461999081393,-0.7419727826273592,-0.3781220885067064,-0.33569888147871385,-0.27762501787422306,-1.8064312900733872,-0.5486244817393715,-0.6294135906902626,1.6366246920662995
1.0712970231757575,-0.09055863849567904,0.581979773655342,-0.5434229280036967,0.7199929634786517,-0.7859953600898807,-0.8063990780083411,1.106944038467273,0.4423076608702215,-0.36045934952783726,-0.9729523750017269
2.3698802045392107,-0.44567310296522245,1.6757477384066508,-0.8081560675019134,-0.26831058330817054,-1.5177271378330268,-1.863947198276577,0.05826379868005969,-0.42475796391317205,-0.158743668656018,1.0473653543412618
1.300458761063426,-0.14974438257393632,1.197224253827953,-0.764033877585544,-0.1859519544092686,-0.7297083002634849,0.30402644827330677,0.35836843321725037,-0.6105577406524727,-1.3017991935963262,-0.9729523750017269
-0.532835142037919,-0.44567310296522245,-0.375067195502053,1.30970904848382,-0.7350094804019477,-1.5740141976594226,-0.5596378499457526,-0.17440159214088272,-0.9821572941310711,-1.1673220730151137,0.5422859220055135
2.5226546964643224,0.5012988022868932,0.24017728467055785,-0.3889952632964037,0.9670688501753572,-0.33569888147871385,-0.7711474739993999,1.1608954334402268,-0.11509166934767477,1.0515504165748963,-0.04697341571952417
-0.532835142037919,-0.3273016148087082,1.4023057472188234,0.6258151047800937,-0.21340483070890257,0.28345877661164054,1.3792003705460134,0.3280207735449405,-0.42475796391317205,-0.158743668656018,-0.8887724696124361
-0.9147713718506992,0.9155990108346939,-2.1524401382229295,-0.8081560675019134,0.006218179688169026,-0.8422824199162766,-1.5466827621961063,-0.0192913315935753,0.81390721434882,-0.5621750303996562,-0.8887724696124361
-0.4564478960753633,-0.3864873588869651,0.6503402714522984,0.42726525015643113,-0.2957634596078045,1.6343482124451412,1.4144519745549546,0.3516245088456218,-0.5486244817393715,-0.36045934952783726,-0.9729523750017269
-0.4564478960753633,-1.0967162878260521,0.0350957912796877,-0.8081560675019134,-0.5977450989037778,1.0714776141811826,1.2734455585191897,-1.3276126596882079,0.7519739554357215,0.7153576151218648,1.5524447866770086
0.5365863014378657,0.14618433781734977,-0.10162520431422599,-0.521361833045512,-0.7624623567015816,1.9157835115771207,0.779923102394013,-0.9904164411071162,-0.672490999565571,0.3791648136688327,1.2157251651198437
-1.0675458637758115,-1.1559020319043094,1.197224253827953,-0.8743393523764675,-0.24085770700853654,-0.5045600609579014,-0.27762501787422306,-0.5520613569517083,-0.23895818717387424,-0.36045934952783726,-1.1413121857803101
-1.5258693395511473,0.8564132667564366,-0.375067195502053,-0.6096062128782509,0.9121630975760892,-0.3919859413051097,-0.7006442659815174,0.25720956764289665,2.9815712763073092,0.5808804945406519,1.3840849758984255
-0.8383841258881435,-0.44567310296522245,-0.03326470651726914,-0.7860949725437287,-0.5977450989037778,-0.7297083002634849,-0.5420120479412821,-1.2736612647152543,0.566174178696421,-0.6294135906902626,0.45810601661622263
0.1546500716250855,0.027812849660835207,0.10345628907664453,-0.5875451179200661,0.30819981898414256,-1.1800047788746517,-1.5466827621961063,0.054891836494264115,0.81390721434882,0.44640337395943913,1.1315452597305526
-0.532835142037919,-0.3273016148087082,-0.03326470651726914,-0.7419727826273592,-0.5977450989037778,-0.33569888147871385,-0.6125152559591645,-1.3512163949888893,0.2565078841309237,1.0515504165748963,0.7106457327840968
-0.8383841258881435,-0.14974438257393632,0.10345628907664453,1.2435257636092658,-0.570292222604144,-0.1668377019995263,-0.27762501787422306,0.22686190797062422,0.6900406965226205,-0.09150510836541155,-0.2995131318873983
-1.1439331097383671,-0.14974438257393632,1.2655847516249097,-0.5434229280036967,-0.21340483070890257,-0.7297083002634849,0.7270456963806011,-0.6195006006679192,-0.05315841043457366,0.7153576151218648,-0.4678729426659801
-1.5258693395511473,-1.1263091598651807,0.10345628907664453,-0.764033877585544,-0.7899152330012155,-0.9548565395690684,-0.9650312960485764,-1.6142294454821415,0.4423076608702215,2.060128820933992,1.1315452597305526
-0.30367340415025107,0.027812849660835207,0.855421764843169,0.3169597753655075,-0.021234696611464945,0.05831053730605713,0.8328005084074248,0.22348994578479123,-0.5486244817393715,-0.6294135906902626,-0.8887724696124361
-0.3800606501128069,-0.7416018233565087,0.37689828026447153,-0.764033877585544,-0.7899152330012155,-0.33569888147871385,-0.20712180985634066,-1.09157530668147,0.38037440195712313,0.3791648136688327,0.8790055435626786
-1.3730948476260352,-0.3273016148087082,1.0605032582340392,-0.4551785481709578,-0.13104620181000085,0.9589034945283909,0.5507876763358952,-0.5183417350936029,0.38037440195712313,1.4549817783185348,-0.4678729426659801
0.30742456355019704,-0.6824160792782514,-0.16998570211118283,0.7802427694873867,-0.10359332551036686,1.9720705714035165,0.5684134783403657,0.5944057862239883,-0.7344242584786721,-1.436276314177539,-0.6362327534445619
-0.8383841258881435,0.14618433781734977,0.3085377824675147,-0.08013993388181748,-0.5977450989037778,0.3397458364380364,0.03963941820624775,-1.1927341722557863,0.5042409197833226,0.5808804945406519,1.7208045974555906
-0.991158617813255,-0.3273016148087082,-0.44342769329900983,1.8391753274802534,0.28074694268450856,2.3660799901882874,0.8151747064029542,0.9012543451328076,0.628107437609522,0.042972012215801304,-0.21533322649810593
0.765748039325533,-0.8599733115130231,0.4452587780614284,-0.3448730733800342,-0.10359332551036686,0.6211811355700156,1.0619359344655426,-0.4981099619787172,-0.05315841043457366,-0.8311292715620819,0.8790055435626786
-0.7619968799255871,-1.0967162878260521,0.0350957912796877,-0.8743393523764675,-0.570292222604144,2.478654109841079,1.2381939545102485,-1.2062220209990433,-0.05315841043457366,-0.8311292715620819,0.37392611122693176
-1.0675458637758115,-0.031372894417421755,-0.716869684486837,0.47138744007280065,-0.43302784110597414,1.0151905543547868,0.5684134783403657,-0.04289506689425658,-0.42475796391317205,-0.29322078923723083,-0.6362327534445619
-0.6092223880004748,0.0869985937390925,1.4706662450157801,-0.6316673078364355,4.755565779524843,-0.6171341806106931,-1.3880505441558708,-0.38346324766118123,0.875840473261921,2.6652758635494496,1.5524447866770086
-0.30367340415025107,1.7441994279302953,-1.9473586448320592,-0.6096062128782509,0.5003699530815799,-0.8985694797426724,-1.4585537521737533,0.3077890004300548,0.81390721434882,0.31192625337822627,-0.13115332110881506
-0.4564478960753633,-0.5048588470434797,1.4023057472188234,0.6919983896546477,-0.26831058330817054,1.24033879366037,1.3615745685415428,0.29430115168683507,-0.42475796391317205,-0.4276979098184437,-0.8887724696124361
-0.532835142037919,0.26455582597386434,3.3847601833305703,-0.8522782574182828,4.398678387629601,-0.8985694797426724,-0.7006442659815174,-0.31602400394493296,-0.92022403521797,-0.024266548074805126,-0.8887724696124361
-0.532835142037919,1.596235067734652,-2.1524401382229295,-0.6978505927109898,0.22584119008524062,-1.1800047788746517,-1.687689178231871,0.8978823829469745,1.4332398034798173,0.7825961754124713,-1.1413121857803101
-0.4564478960753633,-0.564044591121737,-0.44342769329900983,-0.8302171624600981,-0.46048071740560814,-0.11055064217313045,-0.5067604439323409,-1.5838817858098315,-2.220822472393063,-0.36045934952783726,0.5422859220055135
-0.4564478960753633,-0.800787567434766,0.17181678687360138,0.11840992074184492,-0.2957634596078045,0.002023477479661268,0.46265866631354213,-0.5217136972793985,-0.05315841043457366,-1.0328449524339007,0.37392611122693176
-0.6856096339630313,0.0869985937390925,-0.8535906800807505,-0.41105635825458836,0.5003699530815799,-0.8422824199162766,-1.3175473361379884,0.35836843321725037,2.0525723926108146,-0.09150510836541155,1.8049845028448814
0.2310373175876413,0.20537008189560707,0.10345628907664453,0.9126093392364949,-0.3781220885067064,-0.6171341806106931,0.03963941820624775,-0.03277918033683244,-0.92022403521797,-0.7638907112714755,0.7106457327840968
-1.0675458637758115,1.9809424042433244,-2.0157191426290155,-0.7199116876691746,0.8298044686771873,-0.5045600609579014,-0.34812822589210546,-0.04626702908008959,1.928705874784615,-0.09150510836541155,-0.4678729426659801
-0.6092223880004748,-0.3273016148087082,-0.9219511778777073,2.1921528468112093,-0.46048071740560814,-0.5045600609579014,0.03963941820624775,0.9518337779199657,-0.5486244817393715,-0.2259822289466244,-1.1413121857803101
-0.7619968799255871,-0.2681158707304509,1.197224253827953,1.3538312384001894,0.033671055987803,2.140931750882704,1.784593816648837,0.6820768030550849,-0.23895818717387424,0.44640337395943913,-0.9729523750017269
-0.3800606501128069,-0.7416018233565087,0.10345628907664453,-0.8522782574182828,-0.570292222604144,0.3397458364380364,-0.48913464192787026,-1.3343565840598366,-0.7963575173917705,1.5222203386091413,0.7106457327840968
0.3838118095127535,-0.3864873588869651,-0.5117881910959666,-0.5875451179200661,-0.3506692122070724,-0.05426358234673459,0.7622973003895424,-0.47787818886386896,0.2565078841309237,0.17744913279701416,0.037206489669766724
-0.15089891222513888,-0.9191590555912804,-0.5801486888929233,0.14047101570002976,1.8181080154640095,-0.1668377019995263,-0.17187020584739945,0.29092918950100205,-1.1679570708703688,0.042972012215801304,-0.9729523750017269
0.765748039325533,0.9747847549129511,-0.5117881910959666,-0.6757894977528051,0.6101814582801158,-0.7859953600898807,-0.48913464192787026,1.0462487191226535,0.6900406965226205,0.7153576151218648,-0.8887724696124361
0.2310373175876413,-0.031372894417421755,0.24017728467055785,0.2066543005745839,-0.6251979752034118,-1.011143599395464,0.21589743825095375,-0.720659466242273,-0.42475796391317205,-0.9656063921432944,1.2157251651198437
-0.4564478960753633,2.3064639966737386,-2.0157191426290155,0.6258151047800937,1.7906551391643755,2.140931750882704,0.18064583424201255,1.6397140638253687,1.4951730623929185,-0.024266548074805126,-0.552052848055271
-0.4564478960753633,0.9155990108346939,-2.0840796404259723,-0.7860949725437287,0.08857680858707076,-0.7297083002634849,-1.5466827621961063,0.22348994578479123,1.0616402500012188,0.31192625337822627,-0.6362327534445619
0.30742456355019704,-0.3864873588869651,1.197224253827953,3.3282992371577222,0.08857680858707076,0.002023477479661268,0.5507876763358952,2.502936383392965,-1.3537568476096695,-0.6294135906902626,-1.7305715235053478
-0.7619968799255871,0.26455582597386434,0.7870612670462122,-0.6757894977528051,0.39055844788304406,-0.8985694797426724,-1.5819343662050473,-0.08673057530978615,1.371306544566719,2.261844501805811,0.5422859220055135
0.07826282566252908,-0.564044591121737,0.7187007692492553,2.015664087145731,-0.43302784110597414,1.5217740927923493,1.2029423505013073,1.707153307541617,0.38037440195712313,1.4549817783185348,-1.225492091169601
-0.532835142037919,-0.3273016148087082,0.7187007692492553,1.221464668651081,-0.4055749648063402,2.0283576312299125,1.5554583905907193,0.7427721223996672,0.07070810739162582,-0.024266548074805126,-0.8887724696124361
1.300458761063426,0.5012988022868932,0.9237822626401259,-0.6978505927109898,-0.13104620181000085,-1.3488659583538394,-1.7229407822408123,0.08861145835236954,0.7519739554357215,1.1187889768655026,1.6366246920662995
-0.15089891222513888,-0.09055863849567904,3.1796786899396996,1.0670370039437882,-0.4055749648063402,-0.5045600609579014,2.419122688809779,-0.0631268400091423,-1.3537568476096695,0.11021057250640773,0.37392611122693176
-0.6092223880004748,-1.0967162878260521,-0.44342769329900983,-0.8302171624600981,-0.26831058330817054,-0.5608471207842973,-0.6477668599681057,-0.4171828695192867,2.362238687176312,0.042972012215801304,-0.2995131318873983
-1.2203203557009237,-0.9191590555912804,-0.3067066977050961,-0.9184615422928369,-0.46048071740560814,1.24033879366037,-0.18949600785187004,-1.4422593740057814,1.6809728391322163,-0.9656063921432944,0.5422859220055135
-1.0675458637758115,-0.44567310296522245,-0.375067195502053,-0.3448730733800342,0.39055844788304406,-0.22312476182592217,-0.7887732760038705,-1.5501621639517262,-0.7963575173917705,-1.0328449524339007,0.7948256381733877
-0.6092223880004748,-0.7416018233565087,1.197224253827953,0.5375707249473548,-0.07614044921073289,0.6774681953964116,0.6565424883627188,0.08861145835236954,0.2565078841309237,-0.09150510836541155,-0.3836930372766892
-0.4564478960753633,-0.44567310296522245,-0.44342769329900983,-0.8522782574182828,-0.6526508515030457,0.3397458364380364,-0.048489591816105244,-1.8064312900733872,-0.42475796391317205,-1.1000835127245072,1.5524447866770086
-0.15089891222513888,0.027812849660835207,-0.10162520431422599,0.3169597753655075,-0.7899152330012155,-0.1668377019995263,-0.47150883992339965,-0.31602400394493296,1.0616402500012188,-0.7638907112714755,0.7106457327840968
0.07826282566252908,1.3890849634607514,-0.10162520431422599,-0.5875451179200661,0.472917076781946,-0.8422824199162766,-1.0355345040664587,0.7630038955145528,1.4332398034798173,0.3791648136688327,-0.2995131318873983
0.6129735474004214,-0.2681158707304509,2.154271222985348,-0.764033877585544,0.6650872108793838,-0.7859953600898807,-1.4938053561826945,0.45278337441993805,0.4423076608702215,1.656697459190354,0.20556630044835
-0.4564478960753633,-0.800787567434766,0.5136192758583852,-0.6096062128782509,-0.43302784110597414,0.05831053730605713,-0.20712180985634066,-0.7847267477726507,-0.05315841043457366,0.31192625337822627,0.2897462058376409
0.001875579699973319,-0.6232303351999943,-0.2383461999081393,-0.6978505927109898,-0.6801037278026797,0.002023477479661268,-0.38337982990104663,-1.0578556848233647,-0.7963575173917705,-0.9656063921432944,0.2897462058376409
-0.3800606501128069,-0.6232303351999943,0.3085377824675147,0.7361205795710174,-0.4055749648063402,0.6774681953964116,0.16302003223754197,0.06500772305168825,0.6900406965226205,-0.09150510836541155,0.2897462058376409
2.140718466651542,0.3829273141303786,0.9237822626401259,0.2507764904909534,0.39055844788304406,-1.3488659583538394,-1.7581923862497535,0.8371870636023923,-0.11509166934767477,-0.29322078923723083,1.0473653543412618
-0.6092223880004748,-0.2089301266521936,0.4452587780614284,-0.4772396431291426,-0.515386470004876,-0.6171341806106931,-0.20712180985634066,-1.1252949285395755,-0.36282470500007374,-1.2345606333057202,0.37392611122693176
0.2310373175876413,-1.0375305437477949,0.17181678687360138,-0.8081560675019134,-0.5977450989037778,-0.9548565395690684,-0.20712180985634066,-0.9229771973909054,-1.1060238119572705,1.3877432180279283,0.37392611122693176
0.3838118095127535,-1.0375305437477949,1.4023057472188234,0.18459320561639925,-1.091896872297189,-0.5045600609579014,-0.5243862459368115,-0.5520613569517083,-0.5486244817393715,-0.898367831852688,1.1315452597305526
0.001875579699973319,-0.9191590555912804,0.9921427604370827,-0.2786897885054801,-0.43302784110597414,2.928950588452246,1.2910713605236603,-0.4509024913773921,-0.23895818717387424,0.44640337395943913,0.5422859220055135
-0.30367340415025107,0.027812849660835207,0.0350957912796877,-0.5875451179200661,-0.24085770700853654,0.28345877661164054,-0.18949600785187004,-1.1590145503976808,0.318441143044022,-0.49493647010904973,1.2157251651198437
-0.6092223880004748,1.9809424042433244,-0.375067195502053,-0.36693416833821896,0.3356526952837765,-0.27941182165231804,0.5684134783403657,-0.35985951236049996,-0.3008914460869726,-0.898367831852688,-1.057132280391018
0.2310373175876413,-0.5048588470434797,-0.10162520431422599,-0.10220102884000232,-0.8173681093008495,-0.05426358234673459,-0.38337982990104663,-1.2433136050429443,-0.4866912228262732,-1.0328449524339007,1.2157251651198437
-0.532835142037919,-0.5048588470434797,-0.03326470651726914,-0.8302171624600981,-0.6251979752034118,1.6343482124451412,0.5507876763358952,-1.7187602732422909,-0.42475796391317205,0.042972012215801304,1.5524447866770086
-0.6092223880004748,-0.6232303351999943,1.2655847516249097,1.4420756182329284,-0.26831058330817054,1.690635272271537,1.7140906086309549,0.695564651798342,-0.3008914460869726,0.24468769308761984,-1.057132280391018
0.5365863014378657,3.1942501578475975,-1.9473586448320592,-0.7199116876691746,0.033671055987803,-1.461440078006631,-1.863947198276577,0.8978823829469745,0.81390721434882,-1.3690377538869325,-1.225492091169601
-0.4564478960753633,0.26455582597386434,1.197224253827953,-0.7419727826273592,0.3631055715834105,-0.3919859413051097,0.6212908843537776,-0.7880987099584837,-0.672490999565571,-0.2259822289466244,0.7948256381733877
-0.30367340415025107,1.7441994279302953,-1.4688351602533614,-0.6537284027946203,0.7748987160779197,-0.6734212404370891,-0.22474761186081124,0.35836843321725037,0.6900406965226205,-0.09150510836541155,-0.2995131318873983
0.30742456355019704,-0.5048588470434797,1.8124687340005636,0.6258151047800937,-0.43302784110597414,1.8032093919243288,1.1676907464923663,0.695564651798342,-0.9821572941310711,-1.0328449524339007,-1.3096719965588919
0.46019905547530926,2.809542821338925,-0.16998570211118283,-0.16838431371455645,0.7199929634786517,-0.5045600609579014,-0.8769022860262234,0.6348693324537223,-0.42475796391317205,-0.024266548074805126,-0.9729523750017269
-0.15089891222513888,-0.6232303351999943,-0.10162520431422599,-0.1904454086727411,-0.46048071740560814,0.6211811355700156,1.7493422126398959,-0.6195006006679192,0.318441143044022,-0.29322078923723083,1.0473653543412618
-0.3800606501128069,-0.564044591121737,-0.375067195502053,1.8612364224384383,0.08857680858707076,1.1277646740075784,0.7446714983850717,1.1136879628388643,0.9997069910881204,-0.49493647010904973,-0.552052848055271
0.6893607933629772,-0.3864873588869651,0.5136192758583852,-0.6978505927109898,-0.7624623567015816,-0.6734212404370891,-0.6125152559591645,-0.7543790881003783,0.008774848478524704,-0.09150510836541155,1.0473653543412618
1.300458761063426,-1.2742735200608237,1.197224253827953,-0.8964004473346523,-0.7899152330012155,-1.3488659583538394,-1.5819343662050473,-0.6532202225260246,-1.9730894367406642,-1.436276314177539,-0.552052848055271
-0.15089891222513888,1.152341987147723,-2.1524401382229295,-0.6537284027946203,0.6101814582801158,0.508607015917224,-1.0355345040664587,0.35836843321725037,0.9997069910881204,2.060128820933992,0.7106457327840968
-1.0675458637758115,-0.14974438257393632,-0.2383461999081393,-0.16838431371455645,-0.6801037278026797,0.9026164347019949,0.022013616201777154,-1.7120163488706621,-0.42475796391317205,0.24468769308761984,2.0575242190127554
0.001875579699973319,-1.0967162878260521,1.197224253827953,-0.8302171624600981,-0.54283934630451,-0.1668377019995263,-0.17187020584739945,-0.720659466242273,0.008774848478524704,0.24468769308761984,0.037206489669766724
-0.30367340415025107,1.7441994279302953,-2.1524401382229295,-0.521361833045512,1.8181080154640095,-0.8422824199162766,-1.423302148164812,0.28418526512941095,1.3093732856536178,0.6481190548312584,0.6264658273948059
-0.15089891222513888,0.678856034521665,0.5136192758583852,0.2507764904909534,-0.4879335937052421,0.9026164347019949,0.8680521124163659,-0.5857809788098138,-0.11509166934767477,-1.2345606333057202,1.3840849758984255
-0.30367340415025107,-0.8599733115130231,0.3085377824675147,-0.764033877585544,-0.7899152330012155,-1.2925788985274433,-1.1941667221066943,-0.9398370083199582,-0.11509166934767477,0.44640337395943913,0.2897462058376409
-0.30367340415025107,-0.800787567434766,1.197224253827953,2.0818473720202855,0.08857680858707076,1.1277646740075784,0.9914327264476601,1.5385551982510524,1.9906391336977136,-0.6294135906902626,-0.6362327534445619
-0.07451166626258313,-0.8599733115130231,0.17181678687360138,2.4127637963930564,-0.1859519544092686,1.1840517338339742,0.9209295184297778,1.33623746710242,-0.11509166934767477,0.44640337395943913,-1.1413121857803101
2.2934929585766537,0.4421130582086359,1.7441082362036069,-0.36693416833821896,0.3631055715834105,-1.461440078006631,-1.828695594267636,0.8641627610888691,-1.1679570708703688,0.6481190548312584,-0.8045925642231452
-0.9147713718506992,0.20537008189560707,-0.375067195502053,0.2066543005745839,-0.6251979752034118,0.6774681953964116,0.35690385428671856,-1.1252949285395755,0.9377737321750194,-1.0328449524339007,1.4682648812877177
-0.3800606501128069,1.0931562430694657,-0.16998570211118283,-0.16838431371455645,0.3356526952837765,-0.5608471207842973,0.0043878141973065525,-1.4827229202355154,-0.05315841043457366,0.3791648136688327,2.3942438405699207
-0.30367340415025107,-1.0375305437477949,2.906236698751872,-0.5875451179200661,-0.10359332551036686,1.7469223320979328,1.2029423505013073,0.25720956764289665,2.4861052050025116,1.5222203386091413,-0.04697341571952417
1.8351694828013176,0.9155990108346939,0.3085377824675147,-0.49930073808732733,1.6259378813665721,-0.22312476182592217,-1.0355345040664587,0.9046263073186032,-0.3008914460869726,0.9843118562842905,0.2897462058376409
0.30742456355019704,-0.5048588470434797,0.3085377824675147,-0.764033877585544,-0.6801037278026797,-1.3488659583538394,-0.13661860183845825,-0.5183417350936029,-0.4866912228262732,-0.898367831852688,-0.13115332110881506
-0.4564478960753633,-0.3864873588869651,-0.10162520431422599,1.72886985268933,-0.6526508515030457,0.05831053730605713,1.1148133404789544,0.08523949616653653,-0.672490999565571,-0.9656063921432944,0.5422859220055135
-0.30367340415025107,-0.44567310296522245,-0.6485091866898801,2.8098635056403816,-0.6251979752034118,-0.7859953600898807,0.03963941820624775,1.4711159545348416,-0.9821572941310711,-0.024266548074805126,-1.1413121857803101
-0.8383841258881435,1.2115277312259802,-1.1270326712685776,1.0449759089856037,-0.7075566041023137,-0.6171341806106931,0.19827163624648314,0.39208805507535577,0.81390721434882,-0.4276979098184437,-0.2995131318873983
-0.4564478960753633,-0.7416018233565087,0.17181678687360138,1.4420756182329284,-0.1859519544092686,1.6343482124451412,0.46265866631354213,0.24372171889967695,-0.05315841043457366,-0.898367831852688,0.20556630044835
-0.07451166626258313,2.987100053573697,1.197224253827953,0.8023038644455713,-0.7899152330012155,0.5648940757436198,1.2381939545102485,0.5606861643658829,-0.05315841043457366,-1.1673220730151137,0.12138639505905761
0.46019905547530926,1.2707134753042375,-0.8535906800807505,-0.7199116876691746,1.2965033657709644,-1.011143599395464,-1.1765409201022237,0.6281254080820937,-0.23895818717387424,2.6652758635494496,-0.8887724696124361
0.46019905547530926,-0.3273016148087082,0.3085377824675147,0.42726525015643113,-0.4055749648063402,0.45231995609082815,0.8328005084074248,-0.14742589465440586,0.19457462521782254,-1.1000835127245072,0.5422859220055135
-0.15089891222513888,-1.1559020319043094,-0.16998570211118283,2.501008176225795,0.033671055987803,0.8463293748755991,-0.06611539382057585,1.1002001140956446,-0.4866912228262732,-1.1000835127245072,-0.7204126588338543
0.6893607933629772,3.1054715417302114,-2.1524401382229295,-0.3889952632964037,1.076880355373893,-0.22312476182592217,-0.9297796920396353,1.9263308496193396,2.3003054282632136,1.2532660974467156,-0.6362327534445619
-0.07451166626258313,0.0869985937390925,1.6757477384066508,-0.8302171624600981,-0.2957634596078045,-0.27941182165231804,-0.20712180985634066,-0.7543790881003783,0.07070810739162582,-1.3690377538869325,-0.04697341571952417
-0.3800606501128069,-0.2089301266521936,-0.9219511778777073,0.5816929148637242,-0.3781220885067064,1.5217740927923493,1.520206786581778,0.3786002063320986,-0.36282470500007374,-0.6294135906902626,-0.9729523750017269
1.2240715151008703,1.5666421956955234,-0.8535906800807505,-0.23456759858911058,1.021974602774625,0.002023477479661268,-0.7887732760038705,1.1238038493963258,-0.05315841043457366,-0.2259822289466244,-0.4678729426659801
0.001875579699973319,0.3829273141303786,-0.10162520431422599,-0.6537284027946203,0.7199929634786517,0.28345877661164054,-0.7358958699904586,0.8304431392307637,1.3093732856536178,-0.09150510836541155,-0.9729523750017269
-0.22728615818769465,-0.2681158707304509,0.3085377824675147,-0.9184615422928369,-0.54283934630451,0.5648940757436198,0.7446714983850717,-1.6378331807828228,-0.92022403521797,-1.1673220730151137,1.2999050705091346
-0.532835142037919,-0.7416018233565087,0.9237822626401259,0.6478761997382784,-0.10359332551036686,1.24033879366037,1.4497035785638959,0.4595272987915666,0.008774848478524704,-0.36045934952783726,-1.225492091169601
0.07826282566252908,-0.3864873588869651,0.37689828026447153,-0.8522782574182828,-0.4879335937052421,-0.22312476182592217,-0.25999921586975244,-0.8622818780463232,-1.3537568476096695,0.5808804945406519,0.20556630044835
-1.2967076016634793,-1.0967162878260521,-0.03326470651726914,-0.8522782574182828,-0.8448209856004835,0.05831053730605713,-0.8063990780083411,-1.5973696345530888,0.628107437609522,-0.6294135906902626,0.9210954962573248
-0.4564478960753633,-0.800787567434766,-0.16998570211118283,-0.7199116876691746,-0.8448209856004835,0.28345877661164054,0.25114904225989493,-0.9128613108334813,0.875840473261921,-0.36045934952783726,0.5422859220055135
-0.6092223880004748,0.3829273141303786,-0.5117881910959666,1.9715418972293621,-0.24085770700853654,-0.33569888147871385,-0.013237987807164047,1.2350786015280661,1.3093732856536178,-0.024266548074805126,-0.6362327534445619
0.3838118095127535,0.26455582597386434,-0.2383461999081393,-0.03601774396544798,-0.5977450989037778,0.3397458364380364,-0.08374119582504645,-0.9229771973909054,-0.23895818717387424,0.31192625337822627,1.3840849758984255
0.07826282566252908,-0.2681158707304509,0.17181678687360138,-0.521361833045512,-0.3506692122070724,0.2271717167852447,-0.10136699782951705,-1.1758743613267335,0.81390721434882,-0.024266548074805126,1.8891644082341736
1.0712970231757575,0.738041778599922,-0.10162520431422599,-0.4551785481709578,0.5278228293812139,0.002023477479661268,0.3745296562911892,1.0327608703794338,0.4423076608702215,-0.024266548074805126,-0.9729523750017269
-1.984192815326484,1.0339704989912084,-1.1270326712685776,-0.6537284027946203,-0.07614044921073289,-1.2362918387010475,-0.8592764840217528,-0.38346324766118123,4.158303195656203,0.17744913279701416,2.1417041244020463
-0.991158617813255,-0.3864873588869651,0.17181678687360138,-0.32281197842184944,-0.46048071740560814,1.1277646740075784,1.4144519745549546,-1.1252949285395755,0.5042409197833226,-0.09150510836541155,0.8790055435626786
-2.2897417991767077,-0.7711946953956373,-0.5801486888929233,0.008104445950921305,-0.43302784110597414,1.9157835115771207,0.7622973003895424,0.7899795930010297,1.1855067678274183,-0.6294135906902626,-2.151471050451804
0.5365863014378657,2.217685380556353,-0.9903116756746639,-0.5434229280036967,1.076880355373893,-0.5608471207842973,-1.335173138142459,1.1002001140956446,1.0616402500012188,-0.024266548074805126,-0.8887724696124361
-0.9147713718506992,-0.2089301266521936,0.4452587780614284,-0.05807883892363283,-0.46048071740560814,0.6211811355700156,-0.22474761186081124,-1.6378331807828228,0.07070810739162582,0.17744913279701416,2.1417041244020463
-0.4564478960753633,1.7441994279302953,-0.03326470651726914,0.22871539553276854,0.7199929634786517,-1.2925788985274433,-1.1412893160932824,0.891138458575346,0.7519739554357215,0.9843118562842905,-0.21533322649810593
0.765748039325533,0.3237415700521216,-0.03326470651726914,-0.6978505927109898,0.6925400871790177,-1.2362918387010475,-1.5819343662050473,0.49324692064967207,0.07070810739162582,1.0515504165748963,0.037206489669766724
-1.1439331097383671,0.5012988022868932,-0.10162520431422599,0.14047101570002976,-0.4879335937052421,-0.33569888147871385,-0.27762501787422306,-0.8555379536746947,1.928705874784615,0.5136419342500456,1.4682648812877177
-1.0675458637758115,-0.564044591121737,-0.5117881910959666,1.817114232522069,-0.3506692122070724,0.6211811355700156,0.40978126030013035,0.8978823829469745,0.6900406965226205,-0.7638907112714755,-0.8887724696124361
-0.7619968799255871,-0.44567310296522245,0.0350957912796877,0.8243649594037563,-0.26831058330817054,1.9720705714035165,1.9432260346890726,0.5269665425077775,-0.36282470500007374,-0.4276979098184437,-1.3938519019481828
0.07826282566252908,-0.6232303351999943,-0.16998570211118283,-0.8522782574182828,-0.54283934630451,0.3960328962644323,-0.29525081987869367,-0.6532202225260246,-0.23895818717387424,1.1187889768655026,-0.3836930372766892
0.46019905547530926,-0.800787567434766,-0.3067066977050961,-0.8522782574182828,-0.15849907810963482,-0.5608471207842973,-0.4362572359144585,-0.31602400394493296,-1.0440905530441695,-0.49493647010904973,-1.225492091169601
-1.3730948476260352,-1.0375305437477949,-0.3067066977050961,-0.521361833045512,-0.21340483070890257,-0.11055064217313045,-0.17187020584739945,-0.7746108612152266,1.4332398034798173,0.11021057250640773,-0.21533322649810593
-0.532835142037919,0.9747847549129511,-0.44342769329900983,-0.7419727826273592,-0.24085770700853654,0.508607015917224,1.1148133404789544,-0.8150744074449606,0.318441143044022,0.24468769308761984,0.037206489669766724
0.3838118095127535,-1.333459264139081,0.0350957912796877,-0.8081560675019134,0.08857680858707076,0.9589034945283909,0.6389166863582482,0.22348994578479123,0.875840473261921,-0.7638907112714755,-1.1413121857803101
-0.3800606501128069,0.7972275226781793,0.0350957912796877,-0.8081560675019134,-0.982085367098653,-0.4482730011315056,0.12776842822860077,-1.900846231276075,-0.4866912228262732,-0.024266548074805126,1.8049845028448814
-0.532835142037919,0.26455582597386434,-0.5801486888929233,0.7140594846128328,-0.15849907810963482,-0.11055064217313045,-0.40100563190551725,0.22348994578479123,1.3093732856536178,0.11021057250640773,1.2999050705091346
1.1476842691383131,2.809542821338925,-2.0157191426290155,-0.8522782574182828,0.3631055715834105,0.3397458364380364,-1.158915118097753,0.22348994578479123,-0.17702492826077312,0.31192625337822627,-0.6362327534445619
-0.30367340415025107,-0.564044591121737,-0.16998570211118283,-0.6757894977528051,-0.4055749648063402,-0.6171341806106931,1.3263229645326016,0.22348994578479123,1.4332398034798173,0.042972012215801304,-0.2995131318873983
1.5296204989510933,-0.14974438257393632,0.7187007692492553,-0.8302171624600981,-0.2957634596078045,-0.8985694797426724,1.2734455585191897,0.12233108021047497,-0.92022403521797,-0.36045934952783726,-0.8045925642231452
-0.532835142037919,-0.3273016148087082,1.4706662450157801,-0.7419727826273592,-0.46048071740560814,0.6211811355700156,1.3792003705460134,-0.7880987099584837,0.19457462521782254,0.3791648136688327,-0.13115332110881506
-0.4564478960753633,-0.800787567434766,0.3085377824675147,-0.9405226372510218,-0.6251979752034118,1.0151905543547868,-0.013237987807164047,-0.9735566301780636,0.07070810739162582,0.9843118562842905,-0.04697341571952417
0.30742456355019704,-0.44567310296522245,-0.10162520431422599,0.9126093392364949,-1.064443995997555,-0.3919859413051097,-0.31287662188316423,-0.2485847602287221,-0.92022403521797,-1.6379919950493582,0.37392611122693176
0.07826282566252908,0.0869985937390925,0.17181678687360138,2.14803065689484,0.006218179688169026,0.9026164347019949,1.044310132461072,1.0024132107071237,-0.5486244817393715,0.24468769308761984,-0.2995131318873983
-0.4564478960753633,3.164657285808469,-1.8789981470351023,-0.6316673078364355,0.2532940663848746,-1.011143599395464,-1.6524375742229298,0.614637559338874,1.866772615871514,0.17744913279701416,-0.552052848055271
1.758782236838762,2.3064639966737386,-1.4688351602533614,-0.6537284027946203,0.6101814582801158,-1.3488659583538394,-1.4585537521737533,1.3699570889605253,0.008774848478524704,0.17744913279701416,-0.3836930372766892
0.765748039325533,-0.2089301266521936,0.7870612670462122,0.42726525015643113,-0.26831058330817054,-0.6734212404370891,-0.47150883992339965,0.5876618618523972,0.008774848478524704,0.7153576151218648,0.037206489669766724
1.6823949908762061,-0.3864873588869651,-0.10162520431422599,-0.764033877585544,-0.3232163359074385,0.3397458364380364,0.4450328643090716,0.2706974163861538,-0.7344242584786721,-0.29322078923723083,-1.057132280391018
-0.15089891222513888,-0.2681158707304509,1.3339452494218664,1.8832975173966227,-0.1859519544092686,0.5648940757436198,0.956181122438719,1.0327608703794338,-0.9821572941310711,-0.09150510836541155,-0.8045925642231452
0.3838118095127535,-0.44567310296522245,1.197224253827953,-0.2786897885054801,-0.54283934630451,0.9026164347019949,0.4450328643090716,-1.1387827772827952,-1.1679570708703688,-1.0328449524339007,0.8790055435626786
-0.4564478960753633,0.5604845463651504,0.0350957912796877,-0.4551785481709578,1.049427479074259,-0.9548565395690684,-0.6830184639770468,-1.6850406513841854,-0.7963575173917705,0.6481190548312584,1.8891644082341736
0.1546500716250855,-0.8599733115130231,9.195402496071896,-0.6537284027946203,-0.9546324907990192,0.2271717167852447,-0.013237987807164047,-0.9735566301780636,0.19457462521782254,0.11021057250640773,1.3840849758984255
-0.15089891222513888,-0.44567310296522245,1.128863756030996,0.22871539553276854,-0.4055749648063402,1.690635272271537,1.2381939545102485,0.3786002063320986,-0.17702492826077312,-0.2259822289466244,-0.9729523750017269
-0.3800606501128069,-0.564044591121737,2.906236698751872,3.162841024971337,-0.07614044921073289,0.7900423150492033,0.9738069244431895,1.9769102824064604,1.7429060980453146,-0.5621750303996562,-0.6362327534445619
-0.991158617813255,-0.5048588470434797,-0.5117881910959666,-0.5875451179200661,-0.2957634596078045,-0.1668377019995263,0.32165225027777733,-0.7408912393571212,2.4861052050025116,1.3205046577373218,0.6264658273948059
-0.4564478960753633,-0.9191590555912804,-0.44342769329900983,-0.8522782574182828,-0.13104620181000085,0.2271717167852447,1.1853165484968367,-0.34299970143144726,0.4423076608702215,-0.7638907112714755,-0.9729523750017269
-0.6856096339630313,-0.7416018233565087,1.7441082362036069,-0.8081560675019134,4.151602500932896,-0.8985694797426724,-0.31287662188316423,-0.4509024913773921,-0.42475796391317205,-0.6966521509808691,-0.4678729426659801
-0.6856096339630313,-0.14974438257393632,0.0350957912796877,-0.7860949725437287,-0.54283934630451,-1.011143599395464,-0.6653926619725763,-1.5535341261375593,0.4423076608702215,-0.49493647010904973,1.4682648812877177
-0.22728615818769465,0.6196702904434077,-0.3067066977050961,-0.08013993388181748,-0.5977450989037778,-0.7297083002634849,-0.5948894539546938,-1.3343565840598366,-0.672490999565571,-1.1673220730151137,1.6366246920662995
-0.30367340415025107,-0.6824160792782514,-0.10162520431422599,0.4162347026773388,-0.3506692122070724,0.6774681953964116,1.1500649444878956,0.021172214636158697,0.13264136630472417,0.17744913279701416,0.037206489669766724
-1.0675458637758115,-0.6824160792782514,-0.3067066977050961,-0.7199116876691746,-0.3781220885067064,-0.33569888147871385,-0.7887732760038705,-0.4171828695192867,0.9377737321750194,-1.5035148744681455,-0.9729523750017269
0.46019905547530926,1.3298992193824941,-0.03326470651726914,-0.7199116876691746,0.3356526952837765,-0.22312476182592217,0.11014262622413015,0.5775459752949356,0.38037440195712313,-0.024266548074805126,-1.057132280391018
-0.22728615818769465,-0.6232303351999943,0.5136192758583852,-0.8302171624600981,0.17093543748597267,-0.6734212404370891,0.39215545829565973,-0.5857809788098138,0.5042409197833226,-0.36045934952783726,-0.13115332110881506
-0.6092223880004748,0.14618433781734977,-0.44342769329900983,-0.6978505927109898,0.472917076781946,-0.5045600609579014,-1.1412893160932824,0.9653216266631854,2.114505651523913,0.5808804945406519,-0.6362327534445619
-0.7619968799255871,-0.09055863849567904,-0.8535906800807505,0.11840992074184492,-0.4055749648063402,-0.4482730011315056,0.515536072326954,-0.09684646186724771,-0.4866912228262732,0.6481190548312584,-0.552052848055271
0.30742456355019704,-1.2742735200608237,0.17181678687360138,0.93467043419468,0.1434825611863387,0.5648940757436198,0.21589743825095375,0.695564651798342,-0.11509166934767477,-0.9656063921432944,-0.8045925642231452
-1.0675458637758115,-0.800787567434766,0.0350957912796877,-0.764033877585544,-0.3232163359074385,0.45231995609082815,-0.33050242388763484,-1.7120163488706621,0.008774848478524704,2.7325144238400556,1.5524447866770086
0.5365863014378657,-0.3864873588869651,0.0350957912796877,-0.32281197842184944,-0.515386470004876,-1.1800047788746517,-0.6653926619725763,-0.8555379536746947,-1.1060238119572705,-1.5035148744681455,0.9631854489519694
1.2240715151008703,0.5604845463651504,1.197224253827953,-0.49930073808732733,0.7199929634786517,-0.6734212404370891,-0.048489591816105244,1.2350786015280661,0.4423076608702215,0.44640337395943913,-0.8887724696124361
0.1546500716250855,0.3829273141303786,-0.5117881910959666,-0.7199116876691746,0.2532940663848746,-0.6734212404370891,-1.1765409201022237,0.35836843321725037,0.875840473261921,0.5808804945406519,-0.13115332110881506
-1.0675458637758115,-0.2089301266521936,0.10345628907664453,-0.8522782574182828,-0.570292222604144,-0.3919859413051097,-0.25999921586975244,-0.9904164411071162,-0.3008914460869726,0.44640337395943913,-0.04697341571952417
0.46019905547530926,-0.3273016148087082,0.10345628907664453,0.8133344119246638,-0.5977450989037778,0.17088465695884883,1.1853165484968367,0.5606861643658829,-0.7344242584786721,-0.49493647010904973,0.12138639505905761
-0.7619968799255871,-0.2681158707304509,-0.10162520431422599,-0.5654840229618815,-0.43302784110597414,-0.05426358234673459,-0.5596378499457526,-1.3107528487591553,0.5042409197833226,0.5136419342500456,1.0473653543412618
-0.7619968799255871,-1.333459264139081,0.17181678687360138,-0.7860949725437287,-0.3232163359074385,0.7337552552228074,0.05726522021071835,-0.2148651383706167,1.1855067678274183,-0.158743668656018,-1.3096719965588919
3.2101399101273267,0.0869985937390925,2.564434209767088,-0.6537284027946203,0.9121630975760892,-1.3488659583538394,-1.6348117722184592,1.8420317949740388,-0.36282470500007374,0.5808804945406519,-1.1413121857803101
0.001875579699973319,-0.031372894417421755,-0.5801486888929233,0.846426054361941,1.3239562420705984,-0.4482730011315056,0.7270456963806011,0.8034674417442869,-1.3537568476096695,0.31192625337822627,-0.8887724696124361
0.6129735474004214,-0.9191590555912804,-0.10162520431422599,-0.6757894977528051,-0.10359332551036686,1.0151905543547868,0.46265866631354213,-0.1811455165125113,-0.3008914460869726,-0.29322078923723083,-0.8045925642231452
-0.22728615818769465,-0.5048588470434797,1.197224253827953,-0.764033877585544,0.033671055987803,0.508607015917224,0.9209295184297778,0.6618450299402366,2.609971722828711,-0.09150510836541155,-0.9729523750017269
-0.30367340415025107,-0.3273016148087082,0.17181678687360138,-0.3448730733800342,-0.07614044921073289,-0.22312476182592217,1.3263229645326016,0.1189591180246794,1.1855067678274183,0.31192625337822627,-0.13115332110881506
-0.8383841258881435,-0.564044591121737,-0.9219511778777073,1.1994035736928965,-0.21340483070890257,0.6211811355700156,0.18064583424201255,0.5944057862239883,-0.5486244817393715,-1.2345606333057202,-0.04697341571952417
0.07826282566252908,-0.031372894417421755,0.5136192758583852,0.030165540909106146,-0.46048071740560814,0.8463293748755991,0.8680521124163659,-0.68693984438413,0.4423076608702215,-0.4276979098184437,1.5524447866770086
0.2310373175876413,0.027812849660835207,1.128863756030996,1.6185643778984062,-0.021234696611464945,1.7469223320979328,1.106000439476719,1.1777552443692796,-1.6014898832620656,-0.09150510836541155,-1.4780318073374736
0.001875579699973319,0.3237415700521216,1.197224253827953,-0.8743393523764675,-0.24085770700853654,-1.06743065922186,0.42740706230460096,-0.5520613569517083,-1.3537568476096695,-0.7638907112714755,-1.057132280391018
-1.2967076016634793,-1.0375305437477949,-0.5801486888929233,-0.4772396431291426,-0.4879335937052421,-1.123717719048256,-0.10136699782951705,-0.7105435796848113,0.318441143044022,-0.2259822289466244,-0.4678729426659801
0.30742456355019704,-0.6824160792782514,-0.375067195502053,2.2583361316857635,0.28074694268450856,0.11459759713245299,0.9209295184297778,1.3699570889605253,-1.22989032978347,-0.6294135906902626,-1.1413121857803101
-1.0675458637758115,-0.6824160792782514,-0.7852301822837936,-0.6757894977528051,-0.3781220885067064,0.508607015917224,0.7094198943761305,-0.7678669368435981,-0.11509166934767477,-0.9656063921432944,-0.2995131318873983
-0.07451166626258313,-1.2150877759825665,0.10345628907664453,-0.8964004473346523,1.2965033657709644,-0.5608471207842973,-1.0531603060709294,-1.3377285462456696,-0.23895818717387424,0.7153576151218648,0.7948256381733877
-0.9147713718506992,-0.800787567434766,-0.10162520431422599,0.8023038644455713,-0.570292222604144,0.9589034945283909,0.23352324025542434,-0.28904830645845614,-0.3008914460869726,-0.9656063921432944,0.037206489669766724
-1.6786438314762595,-0.3273016148087082,1.539026742812737,0.14047101570002976,-0.5977450989037778,1.3529129133131619,0.7270456963806011,-1.6108574832963458,0.2565078841309237,-1.3017991935963262,1.9733443136234645
-0.4564478960753633,0.4717059302477645,-0.44342769329900983,-0.5985756653991585,-0.6251979752034118,-0.3919859413051097,-0.47150883992339965,-1.2534294916003685,-1.1060238119572705,-0.8311292715620819,0.7106457327840968
-0.4564478960753633,-0.3864873588869651,0.3085377824675147,-0.7419727826273592,-0.515386470004876,-0.4482730011315056,-0.22474761186081124,-1.1252949285395755,0.38037440195712313,0.24468769308761984,0.8790055435626786
0.001875579699973319,1.685013683852038,-1.9473586448320592,-0.6316673078364355,0.6376343345797498,-0.7297083002634849,-0.45388303791892903,0.9821814375922381,1.866772615871514,0.31192625337822627,-0.6362327534445619
0.6129735474004214,-0.8599733115130231,0.855421764843169,-0.8964004473346523,0.006218179688169026,-0.33569888147871385,-0.048489591816105244,-0.9971603654787449,-0.8582907763048716,-1.436276314177539,0.5422859220055135
-0.7619968799255871,-1.0967162878260521,1.0605032582340392,-0.8081560675019134,-0.7624623567015816,-0.3919859413051097,-0.5772636519502232,-1.529930390836878,0.19457462521782254,-0.7638907112714755,1.3840849758984255
-0.8383841258881435,2.128906764438967,-1.4688351602533614,-0.49930073808732733,0.6650872108793838,-0.9548565395690684,-1.5114311581871651,0.5977777484098213,2.3003054282632136,0.8498347357030777,-0.2995131318873983
-0.7619968799255871,1.2707134753042375,-1.5371956580503183,-0.7419727826273592,-0.10359332551036686,-0.33569888147871385,-1.4409279501692827,-0.17440159214088272,1.928705874784615,0.44640337395943913,0.6264658273948059
0.2310373175876413,-0.9783447996695377,-0.03326470651726914,1.464136713191113,-0.15849907810963482,-0.33569888147871385,-0.34812822589210546,0.8304431392307637,-0.23895818717387424,-0.6294135906902626,-0.8887724696124361
0.6129735474004214,0.26455582597386434,-0.10162520431422599,-0.6978505927109898,0.472917076781946,0.11459759713245299,-0.5243862459368115,0.8877664963895504,0.9997069910881204,0.5136419342500456,-1.3096719965588919
-0.991158617813255,0.5900774184042791,-0.375067195502053,-0.8081560675019134,-0.8173681093008495,-0.3919859413051097,-0.08374119582504645,-1.0308799873368504,0.4423076608702215,-1.1673220730151137,-0.04697341571952417
0.9949097772132016,-0.9191590555912804,1.197224253827953,-0.3448730733800342,-0.3506692122070724,-0.05426358234673459,0.05726522021071835,-0.2485847602287221,-0.5486244817393715,-0.158743668656018,-0.3836930372766892
-1.3730948476260352,0.41252018616950725,-0.8535906800807505,-0.764033877585544,-0.4879335937052421,-0.1668377019995263,-0.45388303791892903,-0.6363604115969719,1.928705874784615,-0.8311292715620819,-0.4678729426659801
-0.991158617813255,-1.1559020319043094,-0.03326470651726914,0.1625321106582144,-0.43302784110597414,1.296625853486766,0.7270456963806011,-0.012547407221946727,1.8048393569584158,-0.49493647010904973,-0.04697341571952417
0.001875579699973319,1.7737922999694238,-2.1524401382229295,-0.6978505927109898,1.104333231673527,-0.8422824199162766,-1.3175473361379884,0.7461440845855002,0.875840473261921,0.31192625337822627,-1.1413121857803101
0.46019905547530926,1.3890849634607514,-2.0157191426290155,-0.6757894977528051,0.445464200482312,-1.1800047788746517,-1.687689178231871,0.7630038955145528,0.81390721434882,0.24468769308761984,-0.8887724696124361
0.765748039325533,-0.6824160792782514,0.7187007692492553,-0.6978505927109898,0.3356526952837765,-1.1800047788746517,-1.7053149802363416,-0.26207260897197926,-0.11509166934767477,0.042972012215801304,1.4682648812877177
-0.07451166626258313,1.4482707075390087,-2.0840796404259723,-0.5654840229618815,0.5552757056808479,-0.5608471207842973,-0.5067604439323409,0.9855533997780711,1.9906391336977136,0.3791648136688327,-0.6362327534445619
-0.6092223880004748,0.5012988022868932,0.0350957912796877,-0.8081560675019134,-0.24085770700853654,-1.123717719048256,-0.8240248800128116,-0.8555379536746947,-0.92022403521797,-0.8311292715620819,0.7106457327840968
-0.30367340415025107,0.5604845463651504,0.37689828026447153,0.008104445950921305,-0.26831058330817054,0.9026164347019949,1.5378325885862487,-0.2485847602287221,-0.92022403521797,0.7825961754124713,-0.04697341571952417
3.974012369752887,0.8564132667564366,1.8124687340005636,-0.4551785481709578,1.2690504894713304,-0.11055064217313045,-0.25999921586975244,2.111788769838882,-0.42475796391317205,3.135945785583694,0.7948256381733877
0.1546500716250855,-0.8599733115130231,-0.03326470651726914,-0.764033877585544,-0.515386470004876,0.2271717167852447,0.03963941820624775,-1.1252949285395755,0.13264136630472417,-0.9656063921432944,1.2157251651198437
1.5296204989510933,-0.3864873588869651,0.9921427604370827,-0.41105635825458836,0.033671055987803,0.508607015917224,0.33927805228224794,0.49324692064967207,-0.5486244817393715,0.31192625337822627,-0.8887724696124361
3.2865271560898828,1.4482707075390087,1.8808292317975204,-0.5434229280036967,0.8298044686771873,-0.9548565395690684,-1.1412893160932824,1.4373963326767363,-0.3008914460869726,0.7825961754124713,0.37392611122693176
-0.8383841258881435,0.0869985937390925,0.10345628907664453,-0.8743393523764675,-0.1859519544092686,-0.33569888147871385,0.9738069244431895,-0.6195006006679192,-0.4866912228262732,1.656697459190354,-0.8887724696124361
-1.3730948476260352,-0.44567310296522245,-0.6485091866898801,-0.10220102884000232,-0.9546324907990192,-0.05426358234673459,-0.11899279983398765,-1.9042181934618705,0.628107437609522,0.042972012215801304,2.7309634621270855
-0.22728615818769465,-0.2681158707304509,-0.44342769329900983,-0.3889952632964037,-0.43302784110597414,-0.22312476182592217,0.18064583424201255,-0.08673057530978615,-0.3008914460869726,-0.2259822289466244,-1.057132280391018
0.001875579699973319,-0.6232303351999943,-0.16998570211118283,-0.4551785481709578,-0.570292222604144,-0.7297083002634849,0.05726522021071835,-0.14405393246857284,0.81390721434882,0.9843118562842905,-0.3836930372766892
-0.9147713718506992,-0.5048588470434797,-0.375067195502053,-0.6316673078364355,-0.5977450989037778,-1.123717719048256,-0.7358958699904586,-1.7103303677777457,-0.7344242584786721,-0.36045934952783726,1.3419950232037807
-0.22728615818769465,-0.14974438257393632,-1.2637536668624911,0.6037540098219089,-0.4055749648063402,-1.06743065922186,0.05726522021071835,0.49324692064967207,0.008774848478524704,-1.1000835127245072,-1.1413121857803101
-0.15089891222513888,1.5074564516172662,-0.10162520431422599,-0.12426212379818696,0.30819981898414256,-0.5608471207842973,-0.06611539382057585,1.5520430469943096,0.4423076608702215,4.279001310524002,-0.2995131318873983
-0.8383841258881435,-0.3864873588869651,-1.058672173471621,-0.8302171624600981,0.08857680858707076,0.3397458364380364,0.21589743825095375,-0.33962773924561424,-0.6105577406524727,-0.49493647010904973,-1.562211712726766
1.1476842691383131,-0.2681158707304509,0.17181678687360138,-0.05807883892363283,-1.064443995997555,-0.3919859413051097,0.23352324025542434,0.06837968523748382,-0.672490999565571,-0.29322078923723083,0.5422859220055135
-0.8383841258881435,1.5074564516172662,-1.3321141646594479,-0.7199116876691746,-0.1859519544092686,-1.06743065922186,-0.6653926619725763,-0.6262445250395478,1.1855067678274183,-0.36045934952783726,-0.13115332110881506
-0.30367340415025107,-0.564044591121737,-0.5117881910959666,-0.764033877585544,-0.3232163359074385,0.508607015917224,0.8856779144208365,-0.17440159214088272,1.866772615871514,0.31192625337822627,0.20556630044835
0.6129735474004214,2.2472782525954815,-0.5117881910959666,-0.49930073808732733,0.7199929634786517,-1.123717719048256,-0.9121538900351647,0.7798637064436056,0.7519739554357215,0.17744913279701416,-0.4678729426659801
0.30742456355019704,1.8921637881259383,-1.4688351602533614,-0.7860949725437287,0.2532940663848746,-0.1668377019995263,-1.0355345040664587,0.6787048408692893,0.9997069910881204,-0.158743668656018,-1.057132280391018
0.3838118095127535,1.3298992193824941,-0.716869684486837,-0.7860949725437287,0.3356526952837765,-1.461440078006631,-1.8463213962721066,0.014428290264530123,-0.42475796391317205,0.042972012215801304,-0.6362327534445619
-0.991158617813255,-0.9191590555912804,-0.716869684486837,-0.7419727826273592,-0.3232163359074385,1.5217740927923493,0.3745296562911892,-0.38009128547534826,0.566174178696421,-0.6294135906902626,-0.8887724696124361
-0.532835142037919,-0.2681158707304509,-0.2383461999081393,1.4089839757956513,-0.43302784110597414,-0.05426358234673459,-0.08374119582504645,-0.120450197167929,-1.5395566243489673,-1.570753434758752,0.2897462058376409
0.07826282566252908,-0.031372894417421755,0.10345628907664453,-0.5654840229618815,0.19838831378560665,-0.5045600609579014,-1.3527989401469296,0.22348994578479123,0.7519739554357215,1.5894588988997476,1.2999050705091346
0.3838118095127535,-0.5048588470434797,-0.10162520431422599,-0.7419727826273592,0.06112393228743678,-0.5608471207842973,-1.335173138142459,0.12233108021047497,0.38037440195712313,-0.4276979098184437,0.20556630044835
-0.15089891222513888,1.5666421956955234,-0.375067195502053,-0.7419727826273592,-0.15849907810963482,-0.27941182165231804,0.8328005084074248,0.021172214636158697,0.81390721434882,0.44640337395943913,0.037206489669766724
-0.532835142037919,-0.09055863849567904,0.0350957912796877,-0.8964004473346523,-0.43302784110597414,0.508607015917224,0.11014262622413015,-1.5164425420936207,-1.0440905530441695,-1.1000835127245072,1.3840849758984255
0.1546500716250855,-0.3864873588869651,0.7187007692492553,3.2510854048040763,0.2532940663848746,1.296625853486766,1.4320777765594253,1.8420317949740388,-1.6634231421751668,-0.6294135906902626,-1.225492091169601
0.30742456355019704,7.307659371286475,-2.1524401382229295,-0.6537284027946203,2.2024482836588852,-1.4051530181802352,-1.8463213962721066,0.0751236096091124,1.6809728391322163,-0.898367831852688,0.2897462058376409
-1.3730948476260352,-1.1559020319043094,0.0350957912796877,-0.5654840229618815,-0.54283934630451,-1.123717719048256,-1.1060377120843412,-1.941309777505809,-1.1679570708703688,0.31192625337822627,1.7208045974555906
0.6893607933629772,0.9155990108346939,1.0605032582340392,-0.8743393523764675,-0.54283934630451,-0.3919859413051097,0.21589743825095375,-0.2485847602287221,-0.11509166934767477,-0.7638907112714755,0.2897462058376409
0.8421352852880901,-1.2150877759825665,0.3085377824675147,0.8243649594037563,-0.8448209856004835,-0.9548565395690684,-0.9474054940441059,0.35836843321725037,-0.6105577406524727,-1.2345606333057202,0.41601606392157797
-0.9147713718506992,1.7441994279302953,-1.8106376492381455,-0.6978505927109898,0.2532940663848746,-1.1800047788746517,-1.7053149802363416,0.14256285332532323,1.8048393569584158,1.656697459190354,0.037206489669766724
0.1546500716250855,-0.3864873588869651,1.2655847516249097,1.552381093023852,-0.21340483070890257,1.0151905543547868,0.14539423023307135,0.9316020048050799,-1.3537568476096695,-0.6294135906902626,-1.3096719965588919
0.46019905547530926,1.3298992193824941,-1.5371956580503183,-0.6096062128782509,0.22584119008524062,0.2271717167852447,-1.211792524111165,-0.12382215935372456,1.4332398034798173,1.3877432180279283,1.8049845028448814
-0.07451166626258313,1.8625709160868098,-2.1524401382229295,-0.25662869354729534,0.8023515923775533,-0.7297083002634849,-1.211792524111165,1.0327608703794338,1.4332398034798173,0.042972012215801304,-0.8887724696124361
-0.991158617813255,-0.800787567434766,-0.2383461999081393,-0.10220102884000232,-0.10359332551036686,0.5648940757436198,1.5025809845773075,0.6281254080820937,3.0435045352204106,1.1187889768655026,-0.4678729426659801
-0.4564478960753633,-0.7416018233565087,0.37689828026447153,2.280397226643948,-0.5977450989037778,1.8032093919243288,0.69179409237166,1.3193776561733297,-1.2918235886965683,-0.898367831852688,-1.057132280391018
0.001875579699973319,-0.8599733115130231,-0.6485091866898801,-0.764033877585544,-0.3506692122070724,-0.7297083002634849,-0.22474761186081124,0.05826379868005969,0.875840473261921,-0.024266548074805126,-0.4678729426659801
-0.22728615818769465,1.152341987147723,-0.375067195502053,1.6847476627729603,-0.21340483070890257,1.6343482124451412,1.4320777765594253,0.4797590719064149,0.19457462521782254,0.042972012215801304,-0.04697341571952417
-0.07451166626258313,0.8564132667564366,-0.6485091866898801,-0.6757894977528051,-0.26831058330817054,6.559465947254779,3.414980502062368,-0.720659466242273,0.07070810739162582,-1.1000835127245072,0.37392611122693176
0.5365863014378657,-0.564044591121737,0.24017728467055785,0.361081965281877,-0.4879335937052421,-0.4482730011315056,-0.8769022860262234,-0.3092800795733418,-1.8492229189144647,-0.29322078923723083,0.12138639505905761
1.0712970231757575,0.20537008189560707,0.3085377824675147,-0.4551785481709578,0.6650872108793838,0.002023477479661268,0.09251682421965955,0.8304431392307637,-0.17702492826077312,0.17744913279701416,-0.9729523750017269
-0.4564478960753633,0.20537008189560707,-0.2383461999081393,-0.49930073808732733,-0.3781220885067064,-0.7297083002634849,-0.8240248800128116,-1.7861995169585017,-0.11509166934767477,-0.4276979098184437,2.225884029791337
-0.15089891222513888,-0.8599733115130231,-0.10162520431422599,0.22871539553276854,-0.54283934630451,0.05831053730605713,0.11014262622413015,-0.2148651383706167,0.07070810739162582,-0.158743668656018,0.20556630044835
-0.15089891222513888,0.678856034521665,-0.7852301822837936,2.5671914611003492,-0.2957634596078045,1.1277646740075784,1.2381939545102485,1.4980916520213186,-0.92022403521797,0.17744913279701416,-0.9729523750017269
0.001875579699973319,-0.3864873588869651,1.539026742812737,2.5671914611003492,-0.3232163359074385,1.3529129133131619,1.520206786581778,1.504835576392947,-0.92022403521797,-0.29322078923723083,-0.8887724696124361
-0.22728615818769465,2.3360568687128676,-1.9473586448320592,-0.6096062128782509,-0.07614044921073289,-1.2925788985274433,-1.7229407822408123,0.18302639955505723,1.371306544566719,0.6481190548312584,0.7948256381733877
-0.4564478960753633,-0.9783447996695377,-0.2383461999081393,-0.3889952632964037,-0.3506692122070724,-0.6734212404370891,-0.40100563190551725,-0.5183417350936029,1.1855067678274183,0.7153576151218648,0.20556630044835
-0.6856096339630313,-0.5048588470434797,1.197224253827953,-0.7860949725437287,-0.13104620181000085,0.2271717167852447,0.35690385428671856,-0.720659466242273,-1.4776233654358661,0.5136419342500456,-0.6362327534445619
-0.7619968799255871,0.0869985937390925,-0.6485091866898801,0.04119608838819847,-0.515386470004876,0.7900423150492033,0.5507876763358952,-0.9094893486476483,-0.05315841043457366,-0.898367831852688,0.5422859220055135
2.4462674505017667,1.0339704989912084,0.9237822626401259,-0.6757894977528051,0.6376343345797498,-1.3488659583538394,-1.775818188254224,1.0799683409807588,-0.05315841043457366,1.5222203386091413,0.7106457327840968
0.1546500716250855,-0.5048588470434797,0.37689828026447153,0.9567315291528646,-0.26831058330817054,0.6774681953964116,0.5860392803448363,1.2350786015280661,1.4332398034798173,1.2532660974467156,-0.4678729426659801
-0.15089891222513888,-0.8599733115130231,0.581979773655342,-0.8743393523764675,0.033671055987803,0.002023477479661268,-0.3657540278965761,-0.4441585670057635,-1.22989032978347,-1.0328449524339007,-1.1413121857803101
-0.30367340415025107,-0.44567310296522245,0.37689828026447153,0.6919983896546477,-0.04868757291109892,1.24033879366037,1.3792003705460134,0.44603945004830947,-0.7344242584786721,-0.09150510836541155,-0.8887724696124361
0.1546500716250855,-0.7416018233565087,-0.2383461999081393,0.8684871493201256,-0.2957634596078045,-0.4482730011315056,0.12776842822860077,0.04814791212263555,-0.7963575173917705,0.11021057250640773,0.20556630044835
-0.991158617813255,-0.8599733115130231,-0.2383461999081393,-0.8964004473346523,-0.3781220885067064,0.8463293748755991,-0.24237341386528186,-1.4186556387051001,1.0616402500012188,-0.8311292715620819,0.7106457327840968
-0.532835142037919,0.027812849660835207,-0.03326470651726914,1.1332202888183422,0.3356526952837765,1.5780611526187454,0.9914327264476601,0.8034674417442869,-0.3008914460869726,-0.29322078923723083,-0.9729523750017269
2.140718466651542,0.20537008189560707,0.4452587780614284,-0.764033877585544,3.0809403252471714,-0.1668377019995263,-0.41863143390998786,1.5520430469943096,-0.4866912228262732,0.7825961754124713,-1.7305715235053478
-0.6092223880004748,-0.9191590555912804,0.7187007692492553,-0.4772396431291426,-0.6801037278026797,0.11459759713245299,-0.5420120479412821,-1.260173415971997,0.4423076608702215,-0.8311292715620819,0.9631854489519694
-1.5258693395511473,-0.800787567434766,-0.03326470651726914,-0.7419727826273592,-0.24085770700853654,-0.7297083002634849,-0.9297796920396353,-1.6884126135699808,0.07070810739162582,-1.1000835127245072,1.2157251651198437
0.30742456355019704,-0.44567310296522245,0.7187007692492553,-0.5434229280036967,-0.3506692122070724,-0.05426358234673459,-0.06611539382057585,-1.1252949285395755,0.5042409197833226,-0.158743668656018,1.8049845028448814
0.6893607933629772,0.678856034521665,-0.03326470651726914,-0.7419727826273592,-0.13104620181000085,1.1277646740075784,1.2205681525057779,-0.7543790881003783,-1.22989032978347,-0.7638907112714755,0.5422859220055135
-0.991158617813255,-1.0375305437477949,-0.2383461999081393,-0.9625837322092065,-0.8173681093008495,-1.4051530181802352,-1.5114311581871651,-1.580509823624036,-0.6105577406524727,-1.436276314177539,0.037206489669766724
-0.7619968799255871,-0.800787567434766,-0.9219511778777073,1.4420756182329284,-0.3506692122070724,1.7469223320979328,0.7270456963806011,0.6787048408692893,-0.5486244817393715,-0.09150510836541155,-0.9729523750017269
-0.30367340415025107,-0.44567310296522245,-0.6485091866898801,0.669937294696463,-0.6251979752034118,1.4091999731395577,1.57308419259519,0.5269665425077775,-0.23895818717387424,-0.09150510836541155,-1.3938519019481828
-0.30367340415025107,0.26455582597386434,0.24017728467055785,1.4420756182329284,-0.3506692122070724,1.5217740927923493,1.8727228266711902,1.0833403031665918,-0.9821572941310711,-0.024266548074805126,-1.057132280391018
-0.15089891222513888,3.7269218545519123,-1.8789981470351023,-0.6757894977528051,0.8298044686771873,-1.011143599395464,-0.8240248800128116,0.37522824414630307,0.7519739554357215,0.44640337395943913,-0.9729523750017269
-0.15089891222513888,-0.2089301266521936,-0.16998570211118283,-0.8081560675019134,-0.54283934630451,0.17088465695884883,0.25114904225989493,-1.6648088782692996,-0.672490999565571,-1.1673220730151137,1.3840849758984255
-0.22728615818769465,1.685013683852038,-2.0157191426290155,-0.6978505927109898,0.5827285819804818,-0.6734212404370891,-1.4761795541782239,0.8709066854604977,1.0616402500012188,1.4549817783185348,-0.6362327534445619
-1.1439331097383671,4.644300887764899,-1.5371956580503183,-0.7860949725437287,3.1632989541460725,-1.2925788985274433,-1.6700633762274004,-0.1811455165125113,1.6809728391322163,-0.36045934952783726,-0.6362327534445619
2.4462674505017667,1.7441994279302953,-0.5117881910959666,-0.49930073808732733,1.3239562420705984,-0.05426358234673459,-1.0707861080754,1.7745925512578278,0.07070810739162582,0.9170732959936841,-0.552052848055271
3.2865271560898828,0.4421130582086359,1.128863756030996,-0.5434229280036967,0.5552757056808479,-1.2362918387010475,-1.6524375742229298,1.342981391474011,-0.8582907763048716,-0.024266548074805126,0.37392611122693176
0.3838118095127535,-0.3273016148087082,-0.16998570211118283,-0.05807883892363283,0.08857680858707076,-0.1668377019995263,0.7446714983850717,0.39883197944698434,1.619039580219118,0.3791648136688327,-0.21533322649810593
0.3838118095127535,-0.031372894417421755,-0.10162520431422599,0.6478761997382784,-0.24085770700853654,-0.27941182165231804,1.3792003705460134,0.1897703239266858,-1.6014898832620656,-0.4276979098184437,0.2897462058376409
1.0712970231757575,-1.0967162878260521,0.4452587780614284,-0.36693416833821896,-0.46048071740560814,0.6211811355700156,0.515536072326954,-0.4509024913773921,-1.7253564010882652,-0.9656063921432944,-0.2995131318873983
-0.3800606501128069,-0.5048588470434797,-0.375067195502053,-0.21250650363092594,0.445464200482312,0.3397458364380364,1.5554583905907193,0.35836843321725037,0.4423076608702215,0.9170732959936841,-0.8887724696124361
-0.6092223880004748,-0.14974438257393632,1.2655847516249097,1.2435257636092658,-0.26831058330817054,1.5217740927923493,1.6259615986086018,0.7630038955145528,-0.92022403521797,0.44640337395943913,-0.9729523750017269
-0.15089891222513888,-0.14974438257393632,-0.03326470651726914,0.29489868040732287,-0.7075566041023137,0.45231995609082815,0.022013616201777154,-0.7375192771713256,0.9377737321750194,0.31192625337822627,1.3840849758984255
-0.30367340415025107,-0.14974438257393632,0.17181678687360138,0.2066543005745839,-0.1859519544092686,-1.4051530181802352,0.26877484426436554,0.25720956764289665,-0.23895818717387424,-0.898367831852688,-1.225492091169601
4.050399615715443,0.678856034521665,1.197224253827953,-0.12426212379818696,0.3631055715834105,-0.22312476182592217,-1.1412893160932824,1.2013589796699609,-1.1060238119572705,0.24468769308761984,-0.8045925642231452
-0.8383841258881435,-0.2089301266521936,1.8124687340005636,-0.01395664900726334,-0.4879335937052421,0.3397458364380364,0.0043878141973065525,-1.2264537941138918,0.4423076608702215,0.44640337395943913,1.4682648812877177
-0.9147713718506992,-0.6232303351999943,0.0350957912796877,0.27283758544913805,-0.7350094804019477,0.2271717167852447,0.26877484426436554,0.021172214636158697,1.8048393569584158,-0.8311292715620819,-0.13115332110881506
-0.07451166626258313,0.027812849660835207,-0.3067066977050961,-0.43311745321277306,-0.6251979752034118,-0.11055064217313045,0.35690385428671856,-1.6310892564111943,0.19457462521782254,-1.0328449524339007,2.1417041244020463
0.9949097772132016,-0.800787567434766,0.6503402714522984,-0.16838431371455645,-0.570292222604144,-0.33569888147871385,-0.25999921586975244,0.054891836494264115,-0.3008914460869726,-0.024266548074805126,-0.7204126588338543
0.1546500716250855,-0.2681158707304509,-0.6485091866898801,0.04119608838819847,-0.10359332551036686,0.17088465695884883,1.1676907464923663,-0.6532202225260246,-0.6105577406524727,-0.5621750303996562,0.8790055435626786
0.30742456355019704,-0.9783447996695377,0.9921427604370827,1.1332202888183422,-0.04868757291109892,1.5780611526187454,0.3745296562911892,0.7630038955145528,-0.5486244817393715,-0.6966521509808691,-0.552052848055271
0.001875579699973319,-0.564044591121737,0.5136192758583852,3.0635660976595056,-0.515386470004876,0.6774681953964116,0.7270456963806011,1.8083121731159333,-1.6014898832620656,-0.4276979098184437,-1.3096719965588919
-0.4564478960753633,-0.09055863849567904,0.6503402714522984,-0.6757894977528051,-0.8173681093008495,-0.8985694797426724,-0.6125152559591645,-1.3174967731307838,0.2565078841309237,0.6481190548312584,1.5524447866770086
0.30742456355019704,-0.9783447996695377,1.197224253827953,2.8650162430358437,-0.2957634596078045,0.3397458364380364,0.779923102394013,1.707153307541617,-1.0440905530441695,-0.8311292715620819,-1.1413121857803101
-0.6092223880004748,-0.564044591121737,1.7441082362036069,-0.8964004473346523,0.1434825611863387,-0.5045600609579014,0.14539423023307135,-0.727403390613864,-1.4156901065227678,-0.898367831852688,-0.8887724696124361
-0.6092223880004748,-0.2089301266521936,0.581979773655342,0.2507764904909534,-0.46048071740560814,0.9026164347019949,0.9738069244431895,0.25720956764289665,-0.4866912228262732,-0.49493647010904973,-1.057132280391018
-0.4564478960753633,0.3237415700521216,-0.10162520431422599,0.052226635867290795,-0.515386470004876,-0.5608471207842973,0.19827163624648314,-0.8420501049314375,0.81390721434882,1.3205046577373218,1.7208045974555906
-0.3800606501128069,-0.9783447996695377,-0.2383461999081393,1.1332202888183422,-0.4879335937052421,-0.05426358234673459,0.022013616201777154,0.051519874308431114,-0.7344242584786721,-0.5621750303996562,0.2897462058376409
-0.6856096339630313,-1.2150877759825665,0.5136192758583852,-0.8522782574182828,-0.3506692122070724,-0.22312476182592217,0.03963941820624775,-0.8555379536746947,0.19457462521782254,-0.024266548074805126,-0.21533322649810593
2.4462674505017667,1.2115277312259802,-0.5801486888929233,-0.521361833045512,0.9396159738757232,-0.6734212404370891,-1.158915118097753,1.6397140638253687,-0.05315841043457366,0.7153576151218648,-0.21533322649810593
-0.6092223880004748,0.027812849660835207,0.24017728467055785,0.11840992074184492,-0.6251979752034118,-1.1800047788746517,0.6036650823493069,-0.04289506689425658,-0.36282470500007374,-0.2259822289466244,-0.6362327534445619
0.5365863014378657,-0.564044591121737,-0.16998570211118283,0.052226635867290795,-0.7075566041023137,0.17088465695884883,0.05726522021071835,-0.9229771973909054,-1.0440905530441695,-1.436276314177539,1.0473653543412618
-0.6856096339630313,1.3298992193824941,-0.2383461999081393,-0.6537284027946203,-0.24085770700853654,-0.9548565395690684,-1.1412893160932824,-0.26881653334360783,1.12357350891432,0.44640337395943913,1.8891644082341736
-1.1439331097383671,-0.09055863849567904,-1.1270326712685776,-0.6978505927109898,-0.1859519544092686,-0.5608471207842973,-0.3657540278965761,-0.38346324766118123,0.9377737321750194,0.5808804945406519,-0.552052848055271
-0.6092223880004748,0.5604845463651504,0.855421764843169,2.0597862770621007,-0.24085770700853654,-0.05426358234673459,2.013729242706955,1.6902934966125642,0.19457462521782254,0.042972012215801304,-1.4780318073374736
2.2934929585766537,0.3237415700521216,0.581979773655342,-0.5654840229618815,0.30819981898414256,0.6211811355700156,-1.0531603060709294,1.012529097264548,0.9377737321750194,2.1946059415152046,-0.04697341571952417
-0.07451166626258313,-0.800787567434766,2.7695157031579587,-0.764033877585544,3.0260345726479034,1.9720705714035165,0.11014262622413015,-0.43741464263413493,-1.6014898832620656,-0.158743668656018,-1.1413121857803101
0.001875579699973319,-0.800787567434766,0.17181678687360138,1.5082589031074827,-0.3781220885067064,0.3960328962644323,1.7493422126398959,0.5606861643658829,-0.8582907763048716,-0.2259822289466244,-0.8045925642231452
-0.4564478960753633,-0.7416018233565087,0.37689828026447153,-0.8522782574182828,0.06112393228743678,0.8463293748755991,1.5025809845773075,-0.5183417350936029,0.875840473261921,0.11021057250640773,-0.21533322649810593
-0.15089891222513888,-1.0375305437477949,0.37689828026447153,0.14047101570002976,-0.8722738619001174,-0.05426358234673459,-0.048489591816105244,-0.2485847602287221,-0.17702492826077312,-0.29322078923723083,0.20556630044835
-0.30367340415025107,1.8033851720085525,-2.0157191426290155,-0.6537284027946203,0.5827285819804818,-1.2362918387010475,-1.7405665842452829,0.1493067776969518,0.7519739554357215,0.5808804945406519,-0.13115332110881506
0.9949097772132016,-0.9783447996695377,-0.10162520431422599,-0.8743393523764675,-0.7899152330012155,0.2271717167852447,-0.33050242388763484,-0.6127566762962906,-2.468555508045462,-1.1673220730151137,-0.4678729426659801
0.2310373175876413,-0.9191590555912804,0.17181678687360138,-0.5434229280036967,-0.54283934630451,0.17088465695884883,0.19827163624648314,-0.7543790881003783,-0.7963575173917705,-0.29322078923723083,0.45810601661622263
-0.22728615818769465,-0.564044591121737,0.17181678687360138,-0.8302171624600981,-0.5977450989037778,-0.1668377019995263,-0.5596378499457526,-1.3781920924753661,-0.3008914460869726,-0.6294135906902626,1.3840849758984255
-0.8383841258881435,0.678856034521665,0.0350957912796877,0.2507764904909534,-0.10359332551036686,-1.123717719048256,-0.34812822589210546,0.2808133029435779,0.7519739554357215,-0.4276979098184437,-0.3836930372766892
1.6060077449136505,0.20537008189560707,1.128863756030996,-0.2786897885054801,2.0651839021607152,-1.5177271378330268,-1.8110697922631653,0.41569179037603704,0.008774848478524704,0.24468769308761984,2.225884029791337
4.737884829378448,-0.44567310296522245,2.085910725188391,-0.5434229280036967,0.6925400871790177,-1.3488659583538394,-1.6348117722184592,1.9094710386902496,-0.42475796391317205,0.9170732959936841,-0.7204126588338543
1.300458761063426,1.4482707075390087,0.5136192758583852,-0.6096062128782509,1.049427479074259,-1.4051530181802352,-1.6171859702139886,1.3699570889605253,0.875840473261921,0.31192625337822627,-0.21533322649810593
0.6893607933629772,-0.8599733115130231,1.197224253827953,1.4861978081492981,-0.24085770700853654,0.9026164347019949,1.7317164106354255,0.7630038955145528,-0.8582907763048716,-0.49493647010904973,-0.4678729426659801
-0.8383841258881435,-0.3864873588869651,-0.5801486888929233,-0.1904454086727411,-0.515386470004876,-0.9548565395690684,-0.33050242388763484,-1.8738705337895982,-1.6014898832620656,1.1187889768655026,2.1417041244020463
-0.8383841258881435,-0.031372894417421755,-0.716869684486837,-0.01395664900726334,-0.4055749648063402,-0.7297083002634849,0.33927805228224794,-0.2721884955294034,-1.2918235886965683,-0.024266548074805126,-0.9729523750017269
0.3838118095127535,3.6381432384345262,-0.7852301822837936,-0.6757894977528051,-0.26831058330817054,-0.8422824199162766,-0.9474054940441059,0.3246488113591449,0.81390721434882,-0.6294135906902626,0.2897462058376409
-0.9147713718506992,-0.3864873588869651,-0.3067066977050961,2.302458321602133,-0.570292222604144,0.05831053730605713,0.35690385428671856,-0.15416981902603444,-0.23895818717387424,-0.6294135906902626,2.0575242190127554
-1.2967076016634793,-0.800787567434766,-0.44342769329900983,-0.8522782574182828,-0.46048071740560814,-0.6734212404370891,-0.6830184639770468,-1.5096986177219922,0.5042409197833226,0.17744913279701416,0.6264658273948059
-0.6856096339630313,-0.8599733115130231,0.581979773655342,-0.7860949725437287,-0.54283934630451,0.28345877661164054,-0.11899279983398765,-0.9566968192490108,1.4332398034798173,-0.2259822289466244,0.7106457327840968
-0.6092223880004748,-1.333459264139081,1.197224253827953,0.29489868040732287,-0.4055749648063402,1.0714776141811826,0.8328005084074248,-0.012547407221946727,0.6900406965226205,-0.6294135906902626,-0.13115332110881506
-0.22728615818769465,-0.09055863849567904,-0.03326470651726914,0.5816929148637242,-0.46048071740560814,-0.05426358234673459,0.3745296562911892,-0.7678669368435981,-0.7344242584786721,0.24468769308761984,1.4682648812877177
-0.991158617813255,1.832978044047681,-2.1524401382229295,0.11840992074184492,-0.6526508515030457,-1.2362918387010475,-1.4585537521737533,-0.31602400394493296,0.566174178696421,-0.158743668656018,-0.04697341571952417
-0.3800606501128069,-0.564044591121737,0.17181678687360138,1.7178393052102374,-0.24085770700853654,0.002023477479661268,0.8328005084074248,1.3699570889605253,1.3093732856536178,-0.4276979098184437,-0.8887724696124361
0.3838118095127535,1.0931562430694657,-1.7422771514411886,-0.7419727826273592,0.472917076781946,-1.1800047788746517,-1.3175473361379884,0.5438263534368302,0.7519739554357215,-0.36045934952783726,-0.6362327534445619
-0.991158617813255,-0.8599733115130231,0.581979773655342,-0.8302171624600981,-0.26831058330817054,-0.3919859413051097,-0.38337982990104663,-0.7476351637287497,-0.17702492826077312,-0.5621750303996562,-0.4678729426659801
-1.0675458637758115,-0.8599733115130231,0.17181678687360138,-0.8964004473346523,-0.5977450989037778,0.5648940757436198,-0.48913464192787026,-1.5535341261375593,1.6809728391322163,-0.7638907112714755,0.9631854489519694
-0.6092223880004748,-0.5048588470434797,-0.6485091866898801,0.008104445950921305,-0.54283934630451,-0.3919859413051097,0.30402644827330677,-0.04626702908008959,0.38037440195712313,-1.436276314177539,-0.3836930372766892
2.4462674505017667,-0.031372894417421755,1.8124687340005636,-0.30075088346366474,3.2182047067453405,-1.3488659583538394,-1.7229407822408123,0.8304431392307637,-0.23895818717387424,1.1187889768655026,0.6264658273948059
-0.15089891222513888,-0.6824160792782514,0.0350957912796877,-0.7199116876691746,-0.24085770700853654,-0.27941182165231804,-0.013237987807164047,-1.0241360629652216,-0.7344242584786721,-0.4276979098184437,0.45810601661622263
-0.3800606501128069,-0.3864873588869651,0.7187007692492553,-0.3448730733800342,-0.5977450989037778,0.7337552552228074,-0.15424440384292884,-1.4591191849348342,-0.3008914460869726,-1.0328449524339007,1.3840849758984255
-0.15089891222513888,-0.14974438257393632,-0.3067066977050961,0.4493263451146158,-0.8173681093008495,0.3960328962644323,0.14539423023307135,-0.9735566301780636,-0.4866912228262732,0.44640337395943913,1.7208045974555906
-0.4564478960753633,1.5666421956955234,-2.0840796404259723,-0.6978505927109898,0.6376343345797498,-1.2362918387010475,-1.564308564200577,0.9855533997780711,2.85770475848111,1.3205046577373218,-0.04697341571952417
0.3838118095127535,-0.2089301266521936,0.3085377824675147,-0.16838431371455645,-0.8448209856004835,-0.8422824199162766,-0.47150883992339965,-1.0173921385936306,-0.7344242584786721,-0.36045934952783726,1.2157251651198437
0.6893607933629772,-0.8599733115130231,0.581979773655342,-0.6757894977528051,-0.54283934630451,-0.6171341806106931,-0.47150883992339965,-0.8218183318165891,-0.672490999565571,0.042972012215801304,0.5422859220055135
0.5365863014378657,-0.44567310296522245,-0.3067066977050961,-0.7419727826273592,-0.6251979752034118,-0.27941182165231804,0.14539423023307135,-1.2331977184855203,-1.6014898832620656,-0.158743668656018,1.1315452597305526
-0.6092223880004748,-0.2681158707304509,-0.3067066977050961,-0.1463232187563716,-0.04868757291109892,-0.7297083002634849,0.3745296562911892,-0.68693984438413,0.008774848478524704,-0.6294135906902626,1.3840849758984255
-0.8383841258881435,-0.44567310296522245,0.0350957912796877,-0.8743393523764675,-0.6251979752034118,-0.33569888147871385,-0.06611539382057585,-1.5973696345530888,0.81390721434882,-0.898367831852688,1.6366246920662995
-0.4564478960753633,-0.14974438257393632,0.3085377824675147,0.6478761997382784,-0.26831058330817054,1.5217740927923493,0.956181122438719,0.12233108021047497,-0.4866912228262732,-0.49493647010904973,-0.8045925642231452
0.30742456355019704,0.0869985937390925,1.128863756030996,1.8612364224384383,-0.515386470004876,0.7900423150492033,0.03963941820624775,1.2350786015280661,-1.1679570708703688,-0.36045934952783726,-1.1413121857803101
-0.6856096339630313,-0.3273016148087082,-1.1953931690655344,0.43829579763552345,-0.3232163359074385,1.1277646740075784,1.1148133404789544,0.37185628196047005,0.008774848478524704,-0.7638907112714755,-1.3096719965588919
1.9115567287638735,-1.2150877759825665,1.8808292317975204,-0.7860949725437287,-0.21340483070890257,-0.3919859413051097,0.49791027032248336,0.4258076769334612,-1.5395566243489673,0.5808804945406519,-0.8887724696124361
0.3838118095127535,1.3890849634607514,-2.0840796404259723,-0.7199116876691746,0.8572573449768213,-1.011143599395464,-1.687689178231871,0.3853441307037272,0.566174178696421,0.17744913279701416,-0.04697341571952417
0.001875579699973319,-0.9783447996695377,0.6503402714522984,-0.8522782574182828,-0.24085770700853654,0.6211811355700156,-0.29525081987869367,-0.8892575755328,-0.5486244817393715,-0.5621750303996562,-0.13115332110881506
-0.4564478960753633,-1.0375305437477949,-0.375067195502053,0.5155096299891702,-0.13104620181000085,0.8463293748755991,0.25114904225989493,-0.22160906274224526,-0.42475796391317205,-1.1000835127245072,-0.4678729426659801
-0.532835142037919,-0.9783447996695377,0.6503402714522984,2.015664087145731,-0.4879335937052421,0.9589034945283909,0.26877484426436554,0.7562599711429243,0.318441143044022,1.2532660974467156,-0.21533322649810593
0.001875579699973319,0.26455582597386434,2.085910725188391,1.30970904848382,-0.26831058330817054,2.0283576312299125,1.132439142483425,1.0327608703794338,-0.42475796391317205,-0.2259822289466244,-1.562211712726766
-0.15089891222513888,-0.6232303351999943,0.3085377824675147,-0.49930073808732733,-0.6251979752034118,-0.4482730011315056,-0.030863789811634647,-1.529930390836878,-0.23895818717387424,-1.0328449524339007,1.7208045974555906
0.6129735474004214,-0.5048588470434797,-0.2383461999081393,-0.05807883892363283,-0.1859519544092686,0.2271717167852447,0.6389166863582482,-0.05638291563751373,-0.6105577406524727,-0.2259822289466244,-0.4678729426659801
0.1546500716250855,0.027812849660835207,-0.03326470651726914,2.8429551480776585,0.1434825611863387,0.6774681953964116,1.2910713605236603,1.9094710386902496,0.2565078841309237,0.7153576151218648,-1.225492091169601
-0.991158617813255,1.5666421956955234,-1.6055561558472748,-0.6537284027946203,0.39055844788304406,-0.7859953600898807,-1.5819343662050473,-0.26207260897197926,2.0525723926108146,1.5894588988997476,0.45810601661622263
-0.8383841258881435,-0.44567310296522245,0.0350957912796877,0.2507764904909534,-0.24085770700853654,0.9589034945283909,0.8328005084074248,-0.5824090166240182,-0.05315841043457366,0.44640337395943913,0.37392611122693176
-0.6092223880004748,-0.44567310296522245,-0.10162520431422599,-0.764033877585544,-0.46048071740560814,-0.6171341806106931,-0.48913464192787026,-1.2298257562996873,0.566174178696421,0.7825961754124713,0.7948256381733877
0.3838118095127535,-0.6824160792782514,-0.03326470651726914,1.2435257636092658,-0.515386470004876,1.6343482124451412,1.2734455585191897,0.7967235173726583,-0.672490999565571,0.11021057250640773,-0.8887724696124361
1.9879439747264307,0.6196702904434077,0.4452587780614284,-0.5654840229618815,0.6650872108793838,0.2271717167852447,-0.8416506820172822,0.9181141560618603,-0.4866912228262732,0.31192625337822627,-0.6362327534445619
-1.5258693395511473,-0.06096576645655039,-0.7852301822837936,-0.7419727826273592,-0.6526508515030457,-0.7297083002634849,-0.7006442659815174,-1.5231864664652492,0.6900406965226205,-0.36045934952783726,1.4682648812877177
-0.8383841258881435,-0.2089301266521936,-0.375067195502053,-0.6316673078364355,-0.15849907810963482,-0.11055064217313045,0.9385553204342484,-0.6532202225260246,0.875840473261921,-0.4276979098184437,-0.13115332110881506
-0.15089891222513888,-0.2681158707304509,-0.3067066977050961,-0.7860949725437287,0.5278228293812139,-0.33569888147871385,0.5507876763358952,-0.3699753989179241,-0.7963575173917705,-0.09150510836541155,-0.3836930372766892
0.1546500716250855,-0.564044591121737,0.3085377824675147,1.795053137563884,0.28074694268450856,1.296625853486766,1.132439142483425,1.0327608703794338,-1.3537568476096695,-0.36045934952783726,-1.3096719965588919
-1.0675458637758115,3.934071958825813,2.3593527163762182,-0.6757894977528051,-0.4879335937052421,-0.8422824199162766,-0.45388303791892903,-0.32613989050239456,2.671904981741812,0.44640337395943913,0.7948256381733877
0.6129735474004214,-0.564044591121737,-1.2637536668624911,2.677496935891273,-0.570292222604144,1.0714776141811826,1.8550970246667196,1.707153307541617,-1.6634231421751668,-0.49493647010904973,-0.7204126588338543
1.300458761063426,-0.3864873588869651,0.9237822626401259,-0.7419727826273592,0.28074694268450856,-1.2925788985274433,-1.7934439902586947,-0.3362557770598187,0.13264136630472417,0.11021057250640773,1.4682648812877177
0.30742456355019704,-1.1559020319043094,0.24017728467055785,-0.16838431371455645,-0.15849907810963482,-0.3919859413051097,-0.27762501787422306,-0.10696234842467187,-0.7963575173917705,-0.6294135906902626,-0.8887724696124361
-0.30367340415025107,-0.6232303351999943,-0.16998570211118283,0.9787926241110493,-0.4055749648063402,1.4654870329659535,0.7622973003895424,0.44603945004830947,-0.7344242584786721,-0.158743668656018,-0.3836930372766892
3.133752664164771,0.14618433781734977,1.2655847516249097,-0.7199116876691746,0.9121630975760892,-0.5608471207842973,-1.1765409201022237,0.9450898535483371,-0.4866912228262732,0.24468769308761984,-0.04697341571952417
-0.15089891222513888,-0.800787567434766,-0.2383461999081393,0.8023038644455713,-0.3232163359074385,0.3960328962644323,1.9079744306801314,0.29092918950100205,0.13264136630472417,0.042972012215801304,-0.13115332110881506
-0.07451166626258313,0.0869985937390925,0.37689828026447153,-0.05807883892363283,-1.036991119697921,0.508607015917224,0.0043878141973065525,-1.408539752147676,-0.92022403521797,-0.29322078923723083,1.8049845028448814
0.07826282566252908,-0.031372894417421755,-0.716869684486837,-0.41105635825458836,-0.1859519544092686,-0.8985694797426724,0.39215545829565973,-0.31602400394493296,0.13264136630472417,-0.6294135906902626,-0.2995131318873983
0.30742456355019704,-1.2150877759825665,2.906236698751872,-0.764033877585544,-0.46048071740560814,-0.1668377019995263,-0.18949600785187004,-0.9904164411071162,-0.9821572941310711,-0.898367831852688,0.20556630044835
0.2310373175876413,-0.6824160792782514,0.3085377824675147,0.42726525015643113,-0.570292222604144,0.7337552552228074,0.8328005084074248,-0.2485847602287221,-1.1679570708703688,-1.436276314177539,0.37392611122693176
-0.07451166626258313,0.678856034521665,-0.5801486888929233,1.9053586123548076,-0.3232163359074385,0.7900423150492033,1.3792003705460134,1.2013589796699609,-0.7344242584786721,-0.024266548074805126,-0.9729523750017269
0.07826282566252908,0.027812849660835207,-0.5117881910959666,-0.6757894977528051,0.28074694268450856,-0.11055064217313045,-1.158915118097753,0.4123198281902041,1.2474400267405195,0.042972012215801304,-0.4678729426659801
3.3629144020524384,-0.14974438257393632,1.6073872406096938,-0.49930073808732733,0.6650872108793838,0.28345877661164054,-0.8240248800128116,1.9094710386902496,0.566174178696421,2.5980373032588435,0.20556630044835
-0.6092223880004748,0.20537008189560707,-1.1953931690655344,-0.6316673078364355,-0.515386470004876,-0.8422824199162766,-1.564308564200577,0.20325817266994295,1.3093732856536178,0.7825961754124713,0.45810601661622263
-0.4564478960753633,-0.2681158707304509,-0.5117881910959666,-0.8522782574182828,-0.6251979752034118,-0.7297083002634849,0.12776842822860077,-0.4171828695192867,-0.6105577406524727,-1.1673220730151137,-1.1413121857803101
0.2310373175876413,1.4482707075390087,-0.6485091866898801,-0.7199116876691746,0.6925400871790177,0.7337552552228074,-0.9474054940441059,0.15267873988278483,-0.7963575173917705,-0.7638907112714755,-1.1413121857803101
-0.15089891222513888,0.5012988022868932,0.3085377824675147,-0.764033877585544,0.8847102212764552,-0.8985694797426724,-1.3527989401469296,0.5438263534368302,0.6900406965226205,0.17744913279701416,-1.1413121857803101
-0.15089891222513888,-0.8599733115130231,1.197224253827953,0.18459320561639925,-0.515386470004876,0.508607015917224,0.25114904225989493,-0.2485847602287221,-0.11509166934767477,-0.36045934952783726,0.20556630044835
0.1546500716250855,1.5666421956955234,-2.0840796404259723,-0.6757894977528051,0.472917076781946,-0.9548565395690684,-1.335173138142459,0.9922973241496997,1.5571063213060168,0.7825961754124713,-0.6362327534445619
0.2310373175876413,1.0339704989912084,0.7187007692492553,-0.6096062128782509,0.8298044686771873,-1.2362918387010475,-1.335173138142459,0.8978823829469745,2.1764389104370143,0.5136419342500456,-0.04697341571952417
1.0712970231757575,-0.9783447996695377,0.581979773655342,-0.8743393523764675,-0.46048071740560814,-0.5608471207842973,-0.11899279983398765,-0.7543790881003783,-1.7872896600013664,-1.436276314177539,-0.2995131318873983
0.1546500716250855,0.9155990108346939,1.0605032582340392,-0.6757894977528051,0.8023515923775533,-0.5045600609579014,-0.718270067985988,0.8304431392307637,0.81390721434882,0.24468769308761984,-1.225492091169601
2.4462674505017667,0.5604845463651504,2.8378762009549154,0.32799032284459984,0.472917076781946,0.45231995609082815,-0.6653926619725763,1.504835576392947,-0.36282470500007374,2.127367381224598,1.2157251651198437
0.765748039325533,-0.6232303351999943,0.17181678687360138,0.008104445950921305,0.1434825611863387,-1.2362918387010475,-1.6171859702139886,0.9653216266631854,-0.05315841043457366,2.7325144238400556,0.2897462058376409
-0.6856096339630313,-0.14974438257393632,0.24017728467055785,1.3317701434420048,-0.4879335937052421,-0.05426358234673459,1.4849551825728369,1.3025178452442772,0.81390721434882,-0.2259822289466244,-0.9729523750017269
0.46019905547530926,0.8564132667564366,1.197224253827953,0.42726525015643113,-0.3781220885067064,-0.05426358234673459,0.6212908843537776,0.22348994578479123,-0.11509166934767477,-1.3690377538869325,-0.4678729426659801
-0.8383841258881435,-0.6824160792782514,0.9237822626401259,1.221464668651081,1.021974602774625,1.0714776141811826,0.9738069244431895,0.8270711770449681,-1.1060238119572705,0.042972012215801304,-1.4780318073374736
-0.7619968799255871,-0.564044591121737,-0.716869684486837,2.313488869081225,-0.4879335937052421,-0.11055064217313045,0.7975489043984836,1.2350786015280661,1.5571063213060168,0.7153576151218648,-0.8045925642231452
-0.6856096339630313,-0.6232303351999943,-0.6485091866898801,1.5082589031074827,-0.1859519544092686,1.9720705714035165,1.1500649444878956,0.692192689612509,-1.0440905530441695,0.31192625337822627,-1.057132280391018
1.300458761063426,-0.6232303351999943,0.5136192758583852,-0.764033877585544,0.472917076781946,-1.5177271378330268,-1.828695594267636,0.8236992148591351,-0.672490999565571,0.3791648136688327,-0.8887724696124361
1.0712970231757575,-0.8599733115130231,0.7187007692492553,-0.7860949725437287,-0.43302784110597414,0.28345877661164054,0.19827163624648314,-0.68693984438413,-0.7344242584786721,-0.29322078923723083,0.7106457327840968
0.1546500716250855,-0.44567310296522245,-0.375067195502053,1.4861978081492981,-0.10359332551036686,1.4091999731395577,1.044310132461072,0.8270711770449681,-0.7344242584786721,0.44640337395943913,-0.6362327534445619
-0.15089891222513888,1.3890849634607514,-1.3321141646594479,-0.6978505927109898,0.9396159738757232,0.2271717167852447,0.18064583424201255,0.35836843321725037,1.3093732856536178,-0.36045934952783726,-0.04697341571952417
-0.8383841258881435,-0.2681158707304509,1.0605032582340392,-0.8081560675019134,-0.21340483070890257,1.1277646740075784,1.2910713605236603,-0.6195006006679192,-0.23895818717387424,-0.5621750303996562,-0.8887724696124361
-0.15089891222513888,-0.6232303351999943,-0.5117881910959666,-0.7199116876691746,-0.26831058330817054,-0.05426358234673459,-0.40100563190551725,-0.6835678821983345,0.4423076608702215,-0.6966521509808691,-0.552052848055271
-0.8383841258881435,1.5074564516172662,-2.1524401382229295,-0.8302171624600981,-0.4055749648063402,-0.33569888147871385,-0.6125152559591645,-0.28230438208682757,0.5042409197833226,-1.0328449524339007,-0.9729523750017269
-0.532835142037919,-0.44567310296522245,-0.375067195502053,0.6919983896546477,-0.4055749648063402,-0.5045600609579014,0.33927805228224794,0.533710466879406,1.2474400267405195,0.7153576151218648,-0.6362327534445619
0.6129735474004214,2.128906764438967,-1.8106376492381455,-0.6978505927109898,0.472917076781946,-1.2362918387010475,-1.6700633762274004,0.5606861643658829,0.6900406965226205,2.799752984130662,-0.04697341571952417
-0.07451166626258313,-1.2742735200608237,0.4452587780614284,-0.7199116876691746,-0.2957634596078045,-0.8985694797426724,0.0043878141973065525,-0.68693984438413,0.566174178696421,2.4635601826776306,0.9631854489519694
-0.8383841258881435,-1.2150877759825665,-0.44342769329900983,-0.8302171624600981,-0.26831058330817054,0.3960328962644323,1.044310132461072,-0.68693984438413,0.7519739554357215,-0.49493647010904973,-0.4678729426659801
-0.22728615818769465,-1.1559020319043094,-0.2383461999081393,-0.1463232187563716,-0.7624623567015816,-0.8985694797426724,-0.11899279983398765,-0.35985951236049996,0.07070810739162582,-0.49493647010904973,-0.13115332110881506
4.279561353603111,-0.2681158707304509,2.906236698751872,-0.5434229280036967,1.049427479074259,-1.1800047788746517,-1.5114311581871651,1.6397140638253687,-0.17702492826077312,1.5894588988997476,0.20556630044835
-0.991158617813255,0.9155990108346939,-1.8106376492381455,-0.5434229280036967,-0.07614044921073289,0.3397458364380364,0.5684134783403657,0.08861145835236954,1.2474400267405195,-0.2259822289466244,-1.1413121857803101
0.07826282566252908,-0.6824160792782514,0.37689828026447153,-0.6978505927109898,-0.43302784110597414,1.1840517338339742,0.9033037164253072,-1.260173415971997,0.19457462521782254,-0.898367831852688,1.3840849758984255
-0.15089891222513888,-0.6824160792782514,0.7187007692492553,0.008104445950921305,-0.4055749648063402,0.3960328962644323,0.5331618743314246,0.21674602141316265,1.6809728391322163,0.3791648136688327,-0.2995131318873983
-0.22728615818769465,-0.2681158707304509,-0.716869684486837,2.346580511518502,-0.021234696611464945,1.0714776141811826,0.7975489043984836,1.2586823368287474,-0.7344242584786721,-0.36045934952783726,-1.3096719965588919
-0.4564478960753633,-0.564044591121737,0.10345628907664453,0.758181674529202,-0.4055749648063402,-0.05426358234673459,0.48028446831801275,0.31116096261588777,0.318441143044022,0.44640337395943913,-0.13115332110881506
0.3838118095127535,1.5074564516172662,-1.7422771514411886,-0.6757894977528051,0.6101814582801158,-0.6171341806106931,-1.2822957321290473,0.8203272526733396,0.9997069910881204,0.5808804945406519,-0.3836930372766892
0.001875579699973319,-0.8599733115130231,2.017550227391434,2.456885986309426,-0.3781220885067064,-0.8985694797426724,-0.18949600785187004,1.4036767108186308,-1.0440905530441695,-1.1673220730151137,-1.1413121857803101
-0.6092223880004748,0.20537008189560707,-0.5117881910959666,0.47138744007280065,-0.26831058330817054,0.6211811355700156,0.6565424883627188,0.5067347693929292,-0.7344242584786721,0.44640337395943913,-1.1413121857803101
-0.532835142037919,0.027812849660835207,-0.2383461999081393,1.6185643778984062,-0.15849907810963482,3.1540988277578297,1.7493422126398959,0.5606861643658829,-0.42475796391317205,-0.158743668656018,-0.552052848055271
-0.3800606501128069,-0.9191590555912804,0.5136192758583852,-0.8964004473346523,-0.6801037278026797,-0.8985694797426724,-0.7535216719949293,-1.8266630631882357,0.5042409197833226,-1.0328449524339007,2.0575242190127554
0.6129735474004214,-0.3864873588869651,-0.10162520431422599,0.7361205795710174,-0.7350094804019477,0.28345877661164054,0.022013616201777154,-0.8825136511611714,-1.8492229189144647,-0.7638907112714755,1.4682648812877177
-0.4564478960753633,-0.44567310296522245,-0.03326470651726914,0.052226635867290795,2.2024482836588852,0.28345877661164054,0.8680521124163659,0.1897703239266858,-0.17702492826077312,-1.0328449524339007,-1.057132280391018
-0.4564478960753633,-0.7416018233565087,1.4706662450157801,2.2142139417693936,-0.13104620181000085,-0.4482730011315056,0.39215545829565973,1.3699570889605253,-1.7872896600013664,-1.2345606333057202,-0.9729523750017269
-0.3800606501128069,-0.8599733115130231,0.6503402714522984,0.8905482442783103,-0.3506692122070724,1.1277646740075784,0.9209295184297778,0.29092918950100205,-0.5486244817393715,0.31192625337822627,-0.6362327534445619
1.1476842691383131,-0.031372894417421755,0.9921427604370827,1.9274197073129928,-0.04868757291109892,2.140931750882704,1.4849551825728369,1.4373963326767363,0.81390721434882,-1.1000835127245072,-0.8887724696124361
-0.991158617813255,1.6258279397737807,-0.2383461999081393,-0.3448730733800342,-0.4879335937052421,1.4091999731395577,0.6741682903671894,-1.2938930378301026,1.3093732856536178,-0.6294135906902626,1.2157251651198437
-0.4564478960753633,-0.031372894417421755,0.581979773655342,0.669937294696463,-0.2957634596078045,2.140931750882704,0.9914327264476601,0.1358189289537321,-0.4866912228262732,-0.2259822289466244,-0.8607125014299388
-0.6092223880004748,-0.2089301266521936,0.5136192758583852,0.5375707249473548,-0.46048071740560814,1.5217740927923493,1.7493422126398959,0.07175164742331683,0.566174178696421,-0.6966521509808691,-0.4678729426659801
0.9185225312506459,0.027812849660835207,1.6757477384066508,1.9274197073129928,-0.24085770700853654,1.4091999731395577,1.3439487665370722,1.6059944419672634,-0.9821572941310711,0.31192625337822627,-0.9729523750017269
1.1476842691383131,1.0339704989912084,-1.5371956580503183,-0.5654840229618815,0.9396159738757232,-0.5608471207842973,-1.1412893160932824,1.0327608703794338,0.6900406965226205,2.1946059415152046,0.037206489669766724
-0.22728615818769465,0.0869985937390925,-0.44342769329900983,-0.5875451179200661,1.131786107973161,-1.4051530181802352,-1.7229407822408123,0.6281254080820937,1.12357350891432,0.44640337395943913,-0.3836930372766892
1.300458761063426,-0.031372894417421755,0.0350957912796877,-0.8302171624600981,-0.43302784110597414,-1.011143599395464,1.308697162528131,0.25720956764289665,-0.36282470500007374,-0.29322078923723083,-0.8887724696124361
1.0712970231757575,-0.9783447996695377,0.3085377824675147,-0.7199116876691746,-0.46048071740560814,-0.33569888147871385,1.2910713605236603,0.35836843321725037,0.13264136630472417,0.11021057250640773,-0.8887724696124361
-0.6092223880004748,-0.2089301266521936,-0.3067066977050961,0.5155096299891702,-0.21340483070890257,1.0151905543547868,0.9738069244431895,-0.44078660481996795,0.2565078841309237,-0.5621750303996562,0.45810601661622263
-1.1439331097383671,-0.14974438257393632,-0.9219511778777073,-0.8081560675019134,-0.7624623567015816,-0.22312476182592217,-0.17187020584739945,-1.3276126596882079,1.3093732856536178,-1.1000835127245072,0.37392611122693176
0.5365863014378657,0.027812849660835207,0.3085377824675147,-0.764033877585544,-0.515386470004876,-1.06743065922186,0.18064583424201255,-0.5857809788098138,0.13264136630472417,-0.36045934952783726,0.37392611122693176
0.8421352852880901,-1.0967162878260521,0.37689828026447153,0.6258151047800937,-0.8722738619001174,0.45231995609082815,-0.11899279983398765,-0.4981099619787172,-1.8492229189144647,-1.1000835127245072,1.1315452597305526
-0.07451166626258313,0.26455582597386434,0.24017728467055785,1.640625472856591,-0.3506692122070724,-0.22312476182592217,-0.7358958699904586,-0.14742589465440586,-0.36282470500007374,-1.6379919950493582,0.8790055435626786
-0.7619968799255871,0.678856034521665,-0.9903116756746639,-0.764033877585544,0.445464200482312,-1.2925788985274433,-1.8110697922631653,-0.09684646186724771,2.362238687176312,0.042972012215801304,0.7106457327840968
0.001875579699973319,1.685013683852038,-2.1524401382229295,-0.6978505927109898,1.104333231673527,-0.8985694797426724,-1.335173138142459,0.7461440845855002,0.875840473261921,0.31192625337822627,-1.3096719965588919
-0.8383841258881435,-0.2089301266521936,0.17181678687360138,-0.49930073808732733,-0.4055749648063402,1.662491742358339,0.8504263104118953,-0.9263491595767385,0.2565078841309237,-0.4276979098184437,0.20556630044835
-0.07451166626258313,-0.031372894417421755,-0.2383461999081393,-0.6757894977528051,0.6925400871790177,0.05831053730605713,-0.8063990780083411,0.8102113661159154,1.371306544566719,-0.36045934952783726,-0.9729523750017269
-1.0675458637758115,-0.14974438257393632,0.4452587780614284,-0.06910938640272515,-0.6526508515030457,-0.3919859413051097,-0.34812822589210546,-1.1927341722557863,1.1855067678274183,-0.7638907112714755,1.0473653543412618
0.30742456355019704,-0.44567310296522245,0.10345628907664453,-0.6757894977528051,0.06112393228743678,-0.6171341806106931,1.0795617364700132,-0.04626702908008959,-0.05315841043457366,0.17744913279701416,-0.552052848055271
3.3629144020524384,1.3890849634607514,2.3593527163762182,-0.6316673078364355,0.472917076781946,-1.123717719048256,-1.1765409201022237,2.111788769838882,0.13264136630472417,0.24468769308761984,-1.3096719965588919
-0.7619968799255871,1.8625709160868098,1.128863756030996,-0.8522782574182828,-0.7624623567015816,-0.05426358234673459,-0.6830184639770468,-1.7996873657017587,0.628107437609522,-0.9656063921432944,1.8891644082341736
1.9879439747264307,-0.031372894417421755,0.5136192758583852,-0.8081560675019134,0.2532940663848746,-1.5177271378330268,-1.8815730002810476,0.054891836494264115,-0.23895818717387424,0.11021057250640773,0.7106457327840968
-0.4564478960753633,1.0339704989912084,-1.8789981470351023,-0.6316673078364355,0.3356526952837765,-1.2362918387010475,-1.7405665842452829,0.35836843321725037,1.0616402500012188,0.6481190548312584,-0.9729523750017269
-0.9147713718506992,0.3829273141303786,-0.5801486888929233,-0.8743393523764675,0.2532940663848746,-0.4482730011315056,0.6036650823493069,-0.6329884494111764,0.4423076608702215,-0.4276979098184437,-0.7765325960406478
-0.07451166626258313,-0.6824160792782514,-0.5117881910959666,0.07428773082547563,-0.4879335937052421,1.690635272271537,1.4497035785638959,0.08861145835236954,-0.23895818717387424,1.656697459190354,-0.4678729426659801
-0.8383841258881435,0.0869985937390925,1.8124687340005636,2.1921528468112093,-0.3506692122070724,0.6774681953964116,0.022013616201777154,1.1002001140956446,-0.4866912228262732,-0.158743668656018,-1.3096719965588919
-1.2203203557009237,-1.2742735200608237,-0.3067066977050961,-0.05807883892363283,-0.7899152330012155,-0.4482730011315056,-0.17187020584739945,0.08861145835236954,0.6900406965226205,-0.5621750303996562,-1.1413121857803101
1.2240715151008703,2.0993138923998385,-2.1524401382229295,-0.7419727826273592,0.3356526952837765,-1.2362918387010475,-1.6700633762274004,0.8338151014165592,0.5042409197833226,-0.024266548074805126,-0.4678729426659801
0.001875579699973319,0.5604845463651504,-0.2383461999081393,-0.36693416833821896,-0.24085770700853654,-0.4482730011315056,-0.030863789811634647,-0.8960014999044286,-0.11509166934767477,-1.1000835127245072,0.6264658273948059
0.2310373175876413,-0.7416018233565087,0.0350957912796877,-0.5875451179200661,-0.3232163359074385,-0.05426358234673459,-0.24237341386528186,-1.0747154957524172,-0.92022403521797,0.44640337395943913,0.6264658273948059
-0.9147713718506992,-0.6824160792782514,0.17181678687360138,-0.8302171624600981,-0.8722738619001174,-0.3919859413051097,-0.048489591816105244,-1.661436916083504,0.81390721434882,-1.1000835127245072,1.8049845028448814
-1.7550310774388154,0.4421130582086359,-2.1524401382229295,-0.6537284027946203,-0.24085770700853654,-0.7859953600898807,-1.2646699301245767,-1.010648214222002,2.9815712763073092,1.3877432180279283,2.8993232729056673
-1.2967076016634793,-1.0967162878260521,-0.6485091866898801,-0.12426212379818696,-0.7350094804019477,0.002023477479661268,-0.20712180985634066,-0.2485847602287221,0.07070810739162582,-1.1673220730151137,-0.9729523750017269
0.30742456355019704,0.7972275226781793,-0.2383461999081393,1.1773424787347118,-0.21340483070890257,1.5217740927923493,1.6083357966041312,0.9922973241496997,0.07070810739162582,-0.5621750303996562,-1.057132280391018
-0.30367340415025107,-0.6824160792782514,0.10345628907664453,-0.6978505927109898,-0.26831058330817054,-0.5608471207842973,-0.22474761186081124,-1.0578556848233647,-0.7963575173917705,-0.49493647010904973,0.45810601661622263
0.3838118095127535,0.4421130582086359,0.4452587780614284,0.669937294696463,0.11602968488670473,1.0714776141811826,0.5331618743314246,0.695564651798342,1.0616402500012188,0.31192625337822627,0.37392611122693176
-0.15089891222513888,-0.44567310296522245,2.906236698751872,-0.8302171624600981,3.1907518304457065,0.2271717167852447,0.12776842822860077,-0.40369502077602953,-1.1679570708703688,-0.49493647010904973,-1.1413121857803101
0.07826282566252908,0.20537008189560707,-0.716869684486837,-0.6757894977528051,0.6376343345797498,-1.2925788985274433,-1.3880505441558708,0.5269665425077775,0.628107437609522,-0.4276979098184437,-0.8887724696124361
-1.2203203557009237,1.8625709160868098,-2.1524401382229295,-0.5654840229618815,0.2532940663848746,-1.2925788985274433,-1.7405665842452829,-0.6667080712692818,1.8048393569584158,0.31192625337822627,1.9733443136234645
0.9949097772132016,-1.0967162878260521,0.10345628907664453,-0.8964004473346523,0.5278228293812139,-0.7297083002634849,-1.0002829000575177,-0.8218183318165891,-0.5486244817393715,-0.49493647010904973,0.037206489669766724
-0.22728615818769465,1.3298992193824941,-2.1524401382229295,-0.49930073808732733,0.6650872108793838,-0.5045600609579014,-1.2822957321290473,0.21674602141316265,1.12357350891432,-0.09150510836541155,0.20556630044835
0.07826282566252908,2.7799499492997963,-1.5371956580503183,1.397953428316559,-0.3506692122070724,0.8463293748755991,1.5907099945996606,0.8742786476462933,-0.4866912228262732,-0.49493647010904973,-1.3096719965588919
1.3768460070259818,1.8625709160868098,-0.9903116756746639,-0.4551785481709578,0.5552757056808479,-1.4051530181802352,-1.775818188254224,1.0327608703794338,0.38037440195712313,0.11021057250640773,-0.13115332110881506
0.2310373175876413,-0.7416018233565087,0.10345628907664453,0.361081965281877,-0.570292222604144,0.8463293748755991,0.42740706230460096,-0.2148651383706167,-0.17702492826077312,0.9843118562842905,0.7106457327840968
1.4532332529885377,2.6615784611432827,-2.1524401382229295,-0.5434229280036967,1.076880355373893,-1.06743065922186,-1.5466827621961063,1.6397140638253687,0.7519739554357215,1.9928902606433856,-0.9729523750017269
-0.532835142037919,0.0869985937390925,0.4452587780614284,1.1332202888183422,-0.7899152330012155,-0.5608471207842973,-0.5596378499457526,-0.6060127519246995,-0.7963575173917705,-0.6966521509808691,1.2999050705091346
0.8421352852880901,1.832978044047681,-1.3321141646594479,-0.6096062128782509,0.7199929634786517,-0.8422824199162766,-0.013237987807164047,0.695564651798342,-0.36282470500007374,0.8498347357030777,-0.6362327534445619
-0.22728615818769465,0.3829273141303786,0.10345628907664453,1.1111591938601575,-0.3781220885067064,-0.11055064217313045,0.6741682903671894,0.7630038955145528,-0.17702492826077312,-0.09150510836541155,-0.9729523750017269
1.9115567287638735,-0.14974438257393632,1.539026742812737,-0.5654840229618815,1.021974602774625,-0.11055064217313045,-0.5420120479412821,1.3025178452442772,0.318441143044022,1.925651700352779,-0.8045925642231452
0.07826282566252908,1.832978044047681,-0.7852301822837936,1.1332202888183422,0.39055844788304406,-0.11055064217313045,1.7317164106354255,0.8641627610888691,-1.6634231421751668,0.31192625337822627,-1.1413121857803101
-0.22728615818769465,-0.6232303351999943,0.581979773655342,2.280397226643948,-0.13104620181000085,2.8726635286258504,1.4849551825728369,1.3699570889605253,-0.17702492826077312,1.0515504165748963,-0.9729523750017269
-0.532835142037919,-0.09055863849567904,-0.5117881910959666,2.0818473720202855,-0.24085770700853654,-0.5608471207842973,-0.31287662188316423,0.0076843658929015525,-1.0440905530441695,-1.570753434758752,0.7948256381733877
0.07826282566252908,1.8033851720085525,-2.1524401382229295,-0.8522782574182828,0.22584119008524062,-0.8422824199162766,-1.6348117722184592,0.021172214636158697,0.9997069910881204,-0.4276979098184437,-0.4678729426659801
0.001875579699973319,-0.800787567434766,-0.16998570211118283,-0.43311745321277306,-0.3506692122070724,0.508607015917224,0.14539423023307135,-1.047739798265903,-1.4156901065227678,0.44640337395943913,0.6264658273948059
-0.4564478960753633,2.691171333182411,-1.9473586448320592,0.6037540098219089,0.6101814582801158,-1.3488659583538394,-1.7934439902586947,0.5944057862239883,1.8048393569584158,-0.2259822289466244,1.3840849758984255
-0.9147713718506992,-0.2089301266521936,1.0605032582340392,-0.32281197842184944,0.28074694268450856,-0.6734212404370891,-1.2646699301245767,0.32127684917331195,0.9997069910881204,0.8498347357030777,0.37392611122693176
-1.6022565855137039,-0.3273016148087082,-0.2383461999081393,0.7140594846128328,-0.8448209856004835,-0.1668377019995263,-0.11899279983398765,-0.4913660376071261,0.81390721434882,-1.1000835127245072,0.37392611122693176
0.765748039325533,-0.6824160792782514,1.197224253827953,-0.9184615422928369,0.006218179688169026,-0.8422824199162766,-0.718270067985988,-0.5857809788098138,-0.9821572941310711,-1.0328449524339007,-0.13115332110881506
0.07826282566252908,-0.031372894417421755,-0.10162520431422599,-0.8302171624600981,0.006218179688169026,-0.27941182165231804,1.044310132461072,0.08861145835236954,0.19457462521782254,-0.158743668656018,-1.225492091169601
-0.9147713718506992,-1.0375305437477949,0.10345628907664453,0.2066543005745839,-0.570292222604144,0.002023477479661268,-0.048489591816105244,-0.3092800795733418,0.566174178696421,0.31192625337822627,-0.35563307161958935
-0.8383841258881435,0.20537008189560707,-0.7852301822837936,0.33902087032369216,-0.6526508515030457,-0.27941182165231804,0.40978126030013035,-0.2485847602287221,0.4423076608702215,1.0515504165748963,-0.13115332110881506
2.4462674505017667,0.5604845463651504,0.7187007692492553,-0.7860949725437287,2.4220712940559563,0.2271717167852447,-1.158915118097753,1.2755421477578002,0.9377737321750194,2.1946059415152046,-0.552052848055271
-0.15089891222513888,-1.1559020319043094,-0.2383461999081393,2.125969561936655,-0.15849907810963482,-0.05426358234673459,0.6212908843537776,1.1406636603253786,-1.6634231421751668,-0.9656063921432944,-1.3096719965588919
-0.30367340415025107,-0.9783447996695377,-0.2383461999081393,0.758181674529202,-0.26831058330817054,1.24033879366037,2.2604904707695437,0.22348994578479123,-0.05315841043457366,-0.024266548074805126,-0.04697341571952417
0.1546500716250855,-0.3864873588869651,0.3085377824675147,2.10390846697847,-0.24085770700853654,0.28345877661164054,0.8328005084074248,0.7630038955145528,-0.5486244817393715,0.17744913279701416,0.037206489669766724
-0.532835142037919,-0.9191590555912804,0.17181678687360138,-0.764033877585544,-0.7624623567015816,0.508607015917224,0.03963941820624775,-1.6850406513841854,-0.11509166934767477,0.9843118562842905,1.6366246920662995
-0.07451166626258313,0.26455582597386434,0.5136192758583852,1.3317701434420048,-0.6251979752034118,-0.27941182165231804,1.5907099945996606,0.5471983156226632,-1.1060238119572705,-0.09150510836541155,-0.4678729426659801
-0.6856096339630313,-0.3273016148087082,-0.2383461999081393,-0.08013993388181748,0.06112393228743678,-0.11055064217313045,-0.5772636519502232,-1.408539752147676,0.07070810739162582,0.17744913279701416,1.8049845028448814
-0.8383841258881435,-0.3864873588869651,-0.3067066977050961,0.6478761997382784,-0.24085770700853654,0.6211811355700156,0.8504263104118953,0.1493067776969518,-0.11509166934767477,-0.158743668656018,-0.552052848055271
1.300458761063426,-0.2089301266521936,0.3085377824675147,-0.5434229280036967,-0.021234696611464945,-1.123717719048256,-1.3175473361379884,0.3651123575888415,1.0616402500012188,1.0515504165748963,1.0473653543412618
-0.7619968799255871,0.738041778599922,-0.716869684486837,-0.8964004473346523,-0.3506692122070724,-0.9548565395690684,-0.27762501787422306,-0.3666034367320911,-0.5486244817393715,-0.49493647010904973,-1.1413121857803101
0.9185225312506459,0.3237415700521216,2.6327947075640448,1.772992042605699,-0.4055749648063402,-0.05426358234673459,1.4673293805683663,1.1676393578118553,-1.0440905530441695,0.7153576151218648,-0.7204126588338543
0.9185225312506459,0.0869985937390925,0.0350957912796877,-0.6316673078364355,0.6650872108793838,0.11459759713245299,-0.6125152559591645,0.6281254080820937,0.4423076608702215,1.2532660974467156,0.37392611122693176
-0.30367340415025107,-0.031372894417421755,-1.4688351602533614,-0.8081560675019134,-0.21340483070890257,-0.05426358234673459,0.07489102221518895,-0.31602400394493296,-0.11509166934767477,-0.8311292715620819,-0.8887724696124361
0.30742456355019704,0.20537008189560707,-0.2383461999081393,-0.1904454086727411,-0.7624623567015816,-1.2925788985274433,-0.030863789811634647,-1.3276126596882079,-1.4156901065227678,-0.8311292715620819,1.7208045974555906
-0.8383841258881435,-0.44567310296522245,-0.2383461999081393,1.0449759089856037,-0.4055749648063402,1.7469223320979328,0.19827163624648314,0.2639534920145252,-0.5486244817393715,-0.7638907112714755,-0.2995131318873983
0.1546500716250855,-0.564044591121737,0.3085377824675147,-0.6647589502737128,-0.1859519544092686,0.05831053730605713,-0.24237341386528186,-0.8555379536746947,-0.23895818717387424,-0.6294135906902626,0.20556630044835
-0.22728615818769465,1.152341987147723,0.0350957912796877,1.795053137563884,-0.1859519544092686,1.296625853486766,2.1547356587427196,0.9316020048050799,-0.17702492826077312,-0.2259822289466244,-0.8045925642231452
-0.3800606501128069,-0.564044591121737,-0.5801486888929233,0.47138744007280065,-0.515386470004876,1.7469223320979328,1.8727228266711902,0.22348994578479123,-0.5486244817393715,-1.2345606333057202,-0.8887724696124361
3.8212378778277745,-0.031372894417421755,1.2655847516249097,-0.5875451179200661,0.2532940663848746,-1.123717719048256,-1.6348117722184592,1.8420317949740388,-0.672490999565571,4.346239870814609,-1.1413121857803101
0.001875579699973319,1.3298992193824941,-1.7422771514411886,-0.764033877585544,0.5278228293812139,-1.1800047788746517,-1.5290569601916357,0.8978823829469745,0.81390721434882,1.1187889768655026,-0.8045925642231452
1.8351694828013176,1.5074564516172662,1.2655847516249097,-0.6096062128782509,0.6101814582801158,-0.11055064217313045,-0.7535216719949293,1.7408729293997225,1.6809728391322163,0.24468769308761984,-0.7204126588338543
-0.7619968799255871,-0.800787567434766,-0.16998570211118283,-0.764033877585544,-0.4879335937052421,-0.33569888147871385,-0.38337982990104663,-1.1455267016544237,0.2565078841309237,-0.2259822289466244,0.5422859220055135
-0.15089891222513888,1.2115277312259802,-1.8106376492381455,0.6478761997382784,-0.570292222604144,-0.6171341806106931,0.8856779144208365,-0.6228725628537523,0.19457462521782254,-0.49493647010904973,1.3840849758984255
0.765748039325533,0.14618433781734977,2.2226317207823048,1.949480802271177,-0.3781220885067064,-0.4482730011315056,1.0090585284521307,1.413792597376055,-1.4776233654358661,1.791174579771567,-1.057132280391018
0.2310373175876413,1.5074564516172662,0.0350957912796877,-0.521361833045512,1.2690504894713304,-0.9548565395690684,-0.27762501787422306,1.6329701394537777,1.371306544566719,0.5808804945406519,-0.8887724696124361
-0.6092223880004748,1.921756660165067,-1.6055561558472748,-0.6537284027946203,-0.3232163359074385,-0.6171341806106931,-1.158915118097753,0.12233108021047497,1.619039580219118,-0.29322078923723083,0.7106457327840968
3.6684633859026627,0.20537008189560707,1.6757477384066508,-0.6537284027946203,0.994521726474991,-1.3488659583538394,-1.5819343662050473,1.5891346310382106,-0.5486244817393715,1.186027537156109,0.2897462058376409
0.5365863014378657,-0.031372894417421755,0.7187007692492553,-0.6757894977528051,0.8023515923775533,-1.2362918387010475,-1.6700633762274004,0.31116096261588777,0.7519739554357215,0.44640337395943913,0.7106457327840968
-1.831418323401372,-0.7120089513173801,0.4452587780614284,-0.8522782574182828,0.472917076781946,0.9589034945283909,0.28640064626883616,-1.0848313823098414,0.5042409197833226,-0.898367831852688,-0.21533322649810593
0.07826282566252908,2.898321437456311,-1.9473586448320592,-0.6537284027946203,0.9670688501753572,-1.123717719048256,-1.6700633762274004,0.695564651798342,0.9997069910881204,-0.4276979098184437,-0.8045925642231452
0.2310373175876413,0.20537008189560707,-0.16998570211118283,-0.03601774396544798,-0.982085367098653,0.45231995609082815,-0.013237987807164047,-1.4422593740057814,-0.92022403521797,-0.36045934952783726,2.0575242190127554
0.1546500716250855,1.0931562430694657,-0.375067195502053,-0.6757894977528051,1.2141447368720628,-0.7859953600898807,-0.7358958699904586,0.39208805507535577,-0.4866912228262732,0.24468769308761984,-0.9729523750017269
-0.30367340415025107,-0.2681158707304509,-0.16998570211118283,0.2507764904909534,-0.8722738619001174,-0.05426358234673459,-0.33050242388763484,-1.290521075644307,-1.22989032978347,-1.436276314177539,1.9733443136234645
-0.8383841258881435,-1.422237880256467,-0.03326470651726914,-0.8302171624600981,-0.54283934630451,1.4091999731395577,0.5507876763358952,-1.1252949285395755,1.12357350891432,-0.8311292715620819,0.45810601661622263
-0.991158617813255,-0.14974438257393632,0.5136192758583852,-0.3889952632964037,1.5710321287673041,-0.33569888147871385,0.46265866631354213,-0.38346324766118123,-0.8582907763048716,-0.5621750303996562,-1.1413121857803101
-0.9147713718506992,-0.8599733115130231,-0.375067195502053,0.3831430602400617,-0.21340483070890257,-0.4482730011315056,-0.3657540278965761,-0.5857809788098138,-0.4866912228262732,-0.7638907112714755,0.37392611122693176
-1.2203203557009237,-0.031372894417421755,-0.44342769329900983,-0.5654840229618815,-0.2957634596078045,0.9589034945283909,1.2029423505013073,-1.2163379075564675,-0.11509166934767477,-0.898367831852688,0.6264658273948059
0.07826282566252908,0.14618433781734977,-1.058672173471621,2.170091751853024,-0.24085770700853654,1.6343482124451412,2.225238866760602,1.5115795007645756,-0.6105577406524727,-0.5621750303996562,-1.3938519019481828
-0.30367340415025107,0.5604845463651504,-0.7852301822837936,2.4127637963930564,0.22584119008524062,1.7469223320979328,1.2734455585191897,1.4508841814199558,-0.6105577406524727,-0.5621750303996562,-1.646391618116057
-0.15089891222513888,0.0869985937390925,-0.716869684486837,-0.5875451179200661,0.8023515923775533,-0.33569888147871385,-0.7887732760038705,0.3448805844739932,1.0616402500012188,-0.024266548074805126,-0.3836930372766892
0.2310373175876413,0.20537008189560707,-0.16998570211118283,1.6847476627729603,-0.1859519544092686,-0.27941182165231804,1.6788390046220136,1.3699570889605253,0.13264136630472417,0.3791648136688327,-1.057132280391018
1.1476842691383131,-1.1559020319043094,-0.10162520431422599,-0.764033877585544,-0.2957634596078045,-0.05426358234673459,0.28640064626883616,-0.11370627279630043,-0.05315841043457366,-1.0328449524339007,-0.6362327534445619
-0.532835142037919,-1.2150877759825665,0.10345628907664453,0.5596318199055395,-0.1859519544092686,1.296625853486766,1.3263229645326016,0.695564651798342,0.13264136630472417,-0.29322078923723083,-1.646391618116057
-0.07451166626258313,-1.0967162878260521,0.3085377824675147,1.2435257636092658,-0.3506692122070724,-0.5608471207842973,-0.41863143390998786,0.4595272987915666,-0.42475796391317205,-0.6294135906902626,0.2897462058376409
0.1546500716250855,0.738041778599922,0.9921427604370827,-0.6316673078364355,1.5710321287673041,-1.2925788985274433,-1.6524375742229298,0.651729143382775,0.566174178696421,0.6481190548312584,-0.04697341571952417
0.3838118095127535,1.921756660165067,-0.5801486888929233,-0.6537284027946203,0.8572573449768213,-0.7297083002634849,-0.31287662188316423,0.5606861643658829,0.566174178696421,-0.36045934952783726,-0.8887724696124361
-1.2203203557009237,-0.031372894417421755,-1.4688351602533614,-0.8302171624600981,-0.7075566041023137,-0.5608471207842973,-0.8063990780083411,-1.3276126596882079,0.81390721434882,-0.158743668656018,0.5422859220055135
-0.6856096339630313,-0.9191590555912804,0.10345628907664453,1.1111591938601575,0.17093543748597267,1.8594964517507246,0.33927805228224794,0.3617403954030459,-2.2827557313061644,-0.8311292715620819,-1.225492091169601
0.6129735474004214,-0.14974438257393632,0.3085377824675147,-0.10220102884000232,-0.4055749648063402,1.4654870329659535,1.132439142483425,-0.5857809788098138,0.38037440195712313,-0.4276979098184437,1.2157251651198437
-0.991158617813255,-0.8599733115130231,-0.2383461999081393,1.7068087577311453,-0.515386470004876,-0.05426358234673459,0.32165225027777733,-0.09347449968141472,0.5042409197833226,0.24468769308761984,1.0473653543412618
-0.6856096339630313,-0.031372894417421755,0.10345628907664453,-0.10220102884000232,-0.6251979752034118,-0.6171341806106931,-0.5948894539546938,-0.9566968192490108,0.9377737321750194,0.31192625337822627,1.2157251651198437
-0.07451166626258313,1.8625709160868098,-2.1524401382229295,-0.5875451179200661,-0.13104620181000085,-1.3488659583538394,-1.8110697922631653,-0.45764641574902065,0.7519739554357215,0.8498347357030777,1.8049845028448814
-0.22728615818769465,1.3890849634607514,-2.0840796404259723,-0.6978505927109898,0.6376343345797498,0.5648940757436198,-1.0531603060709294,0.773119782071977,1.0616402500012188,1.3205046577373218,-0.7204126588338543
-0.8383841258881435,-1.1559020319043094,0.24017728467055785,2.3686416064766873,-0.4055749648063402,1.4091999731395577,0.779923102394013,0.6348693324537223,0.07070810739162582,-1.1000835127245072,0.037206489669766724
-0.7619968799255871,-0.2681158707304509,0.10345628907664453,-0.3448730733800342,-0.54283934630451,0.3960328962644323,0.7270456963806011,-1.5737658992524075,-0.3008914460869726,-1.1000835127245072,1.5524447866770086
-0.6856096339630313,-1.4518307522955956,-0.5117881910959666,0.2066543005745839,-0.4879335937052421,-0.27941182165231804,-0.11899279983398765,0.19314228611251882,2.2383721693501126,-0.29322078923723083,-0.04697341571952417
-0.532835142037919,-1.2742735200608237,-0.3067066977050961,-0.5434229280036967,-0.5977450989037778,0.11459759713245299,-0.6653926619725763,-1.0578556848233647,-0.11509166934767477,1.5222203386091413,0.6545257930519058
-0.15089891222513888,-0.3273016148087082,0.37689828026447153,-0.764033877585544,-0.5977450989037778,0.2271717167852447,0.21589743825095375,-1.3343565840598366,0.19457462521782254,-0.4276979098184437,1.4682648812877177
0.001875579699973319,-0.9783447996695377,0.9237822626401259,-0.1463232187563716,-0.2957634596078045,1.5217740927923493,0.9209295184297778,-0.07998665093819501,-0.6105577406524727,0.5808804945406519,0.5422859220055135
-0.991158617813255,-0.3273016148087082,-0.2383461999081393,-0.41105635825458836,-0.5977450989037778,-0.7859953600898807,0.05726522021071835,-1.6681808404551326,0.19457462521782254,-0.7638907112714755,1.7208045974555906
3.2101399101273267,1.6554208118129092,2.3593527163762182,0.2507764904909534,0.8572573449768213,-1.3488659583538394,-1.5819343662050473,1.4373963326767363,-0.7344242584786721,3.0687072252930876,2.31006393518063
0.001875579699973319,-1.0967162878260521,0.24017728467055785,-0.8522782574182828,-0.7075566041023137,-0.1668377019995263,-0.5243862459368115,-0.5857809788098138,0.628107437609522,-1.3017991935963262,-0.552052848055271
-1.6786438314762595,2.3360568687128676,-2.1524401382229295,-0.8522782574182828,-0.43302784110597414,-0.7859953600898807,-1.1941667221066943,-0.6599641468976531,4.8395690437002985,0.3791648136688327,1.6366246920662995
-0.8383841258881435,-0.6232303351999943,-0.44342769329900983,-0.764033877585544,-0.3506692122070724,-0.33569888147871385,0.022013616201777154,-0.8218183318165891,0.9997069910881204,0.3791648136688327,0.2897462058376409
-0.22728615818769465,1.921756660165067,-1.7422771514411886,-0.6537284027946203,0.6376343345797498,-1.2362918387010475,-1.423302148164812,1.3193776561733297,2.7957714995680116,1.186027537156109,-0.8045925642231452
0.5365863014378657,-0.6232303351999943,0.581979773655342,-0.764033877585544,-0.021234696611464945,-1.06743065922186,-1.564308564200577,0.7292842736564474,0.566174178696421,2.261844501805811,-1.562211712726766
-0.15089891222513888,-0.3864873588869651,-0.375067195502053,-0.7419727826273592,-0.4055749648063402,0.2271717167852447,0.28640064626883616,-0.68693984438413,1.2474400267405195,-0.2259822289466244,0.12138639505905761
0.2310373175876413,-0.14974438257393632,-0.5117881910959666,-0.10220102884000232,-0.10359332551036686,-1.2362918387010475,0.35690385428671856,0.4258076769334612,-0.5486244817393715,-0.2259822289466244,-1.225492091169601
-0.22728615818769465,0.14618433781734977,-0.5801486888929233,0.9787926241110493,0.006218179688169026,1.3529129133131619,0.9209295184297778,0.3853441307037272,0.008774848478524704,-0.7638907112714755,-0.4678729426659801
-0.9147713718506992,-0.09055863849567904,0.4452587780614284,1.0229148140274185,-0.46048071740560814,-0.05426358234673459,0.18064583424201255,0.29092918950100205,1.4951730623929185,-0.36045934952783726,0.37392611122693176
-0.532835142037919,0.14618433781734977,0.10345628907664453,-0.3448730733800342,-0.570292222604144,-0.3919859413051097,-0.38337982990104663,-1.0713435335665842,-0.3008914460869726,-1.0328449524339007,0.5422859220055135
-0.4564478960753633,-1.0967162878260521,0.581979773655342,-0.7860949725437287,-0.3506692122070724,1.0151905543547868,0.515536072326954,-1.1252949285395755,1.928705874784615,-0.09150510836541155,1.5524447866770086
0.30742456355019704,-0.9783447996695377,-0.2383461999081393,0.4493263451146158,-0.43302784110597414,-0.05426358234673459,-0.06611539382057585,0.6685889543118277,-0.17702492826077312,-0.7638907112714755,-1.1413121857803101
-0.7619968799255871,-0.8599733115130231,-0.16998570211118283,1.4861978081492981,-0.5977450989037778,-0.5045600609579014,-0.3657540278965761,-0.3025361552017133,-0.3008914460869726,-1.3017991935963262,1.1315452597305526
-0.8383841258881435,-0.5048588470434797,1.3339452494218664,-0.6316673078364355,-0.1859519544092686,1.7469223320979328,0.7094198943761305,-0.5520613569517083,-0.92022403521797,0.44640337395943913,-0.6362327534445619
-0.15089891222513888,-0.6824160792782514,-0.2383461999081393,-0.521361833045512,-0.10359332551036686,-0.7859953600898807,-0.38337982990104663,-0.275560457715199,-0.3008914460869726,0.17744913279701416,-1.057132280391018
-1.6022565855137039,1.0339704989912084,-1.7422771514411886,-0.521361833045512,-0.13104620181000085,0.002023477479661268,-0.6125152559591645,-0.4509024913773921,0.566174178696421,-0.6966521509808691,-1.057132280391018
1.3768460070259818,1.0931562430694657,1.197224253827953,-0.6978505927109898,3.1358460778464394,-1.3488659583538394,-1.564308564200577,0.9990412485213283,0.2565078841309237,0.5136419342500456,-0.9729523750017269
1.3768460070259818,0.7972275226781793,0.0350957912796877,-0.49930073808732733,0.7474458397782857,-0.5045600609579014,0.14539423023307135,1.3025178452442772,0.566174178696421,0.5808804945406519,-0.9729523750017269
0.1546500716250855,1.0339704989912084,-1.2637536668624911,-0.5875451179200661,0.5827285819804818,0.2271717167852447,-0.9297796920396353,0.2504656432713055,1.2474400267405195,0.3791648136688327,0.20556630044835
0.30742456355019704,0.027812849660835207,1.0605032582340392,1.817114232522069,-0.54283934630451,0.6774681953964116,0.03963941820624775,1.2418225258996949,-1.1679570708703688,-0.2259822289466244,-1.1413121857803101
-0.15089891222513888,-0.6232303351999943,0.17181678687360138,-0.4551785481709578,-0.5977450989037778,0.3397458364380364,-0.20712180985634066,-1.3613322815463134,-0.3008914460869726,-0.6966521509808691,1.3840849758984255
-0.4564478960753633,3.0166929256128254,-2.0157191426290155,-0.5875451179200661,0.1434825611863387,-0.8422824199162766,-1.599560168209518,0.5842898996665642,1.928705874784615,0.44640337395943913,0.37392611122693176
0.6129735474004214,1.5074564516172662,-1.6055561558472748,-0.5434229280036967,-0.021234696611464945,-1.5177271378330268,-1.8815730002810476,-0.5655492056949655,-0.05315841043457366,-1.1000835127245072,2.0575242190127554
2.751816434351991,0.6196702904434077,0.10345628907664453,-0.5654840229618815,1.159238984272795,-0.5608471207842973,-1.335173138142459,1.2283346771564376,0.07070810739162582,1.186027537156109,0.20556630044835
0.46019905547530926,1.4482707075390087,-0.9219511778777073,-0.6096062128782509,0.5278228293812139,-0.7297083002634849,-1.0531603060709294,0.9990412485213283,1.2474400267405195,0.3791648136688327,-0.4678729426659801
-0.532835142037919,0.0869985937390925,0.3085377824675147,0.361081965281877,3.520186346041314,1.2121952637471722,0.6565424883627188,0.2504656432713055,-0.36282470500007374,-0.7638907112714755,-1.057132280391018
-0.4564478960753633,0.4421130582086359,0.10345628907664453,-0.49930073808732733,-0.6251979752034118,-0.8422824199162766,-0.5067604439323409,-1.529930390836878,0.318441143044022,-0.158743668656018,2.3942438405699207
-0.30367340415025107,-0.14974438257393632,-0.716869684486837,-0.6316673078364355,-0.3506692122070724,-0.8422824199162766,-0.8063990780083411,-0.4509024913773921,-0.36282470500007374,-0.9656063921432944,-0.9729523750017269
0.30742456355019704,0.14618433781734977,1.3339452494218664,1.464136713191113,1.021974602774625,1.5780611526187454,1.1853165484968367,1.0867122653523873,-1.9730894367406642,-0.158743668656018,-1.3096719965588919
-1.6786438314762595,0.5604845463651504,-1.8789981470351023,2.9863522653058596,-0.4879335937052421,0.45231995609082815,0.25114904225989493,1.33623746710242,0.875840473261921,0.24468769308761984,-0.2995131318873983
2.9809781722396584,0.4421130582086359,1.0605032582340392,-0.5323923805246044,0.7748987160779197,-1.1800047788746517,-1.4056763461603414,0.9518337779199657,0.07070810739162582,1.5894588988997476,1.2999050705091346
0.5365863014378657,0.5012988022868932,-0.716869684486837,-0.764033877585544,1.3514091183702324,-1.123717719048256,-1.3527989401469296,0.695564651798342,-0.36282470500007374,2.530798742968237,-0.8887724696124361
0.001875579699973319,-0.14974438257393632,0.3085377824675147,-0.6757894977528051,-0.6526508515030457,0.3960328962644323,0.0043878141973065525,-1.3276126596882079,-0.7963575173917705,1.186027537156109,1.4682648812877177
1.3768460070259818,1.3890849634607514,-0.44342769329900983,-0.49930073808732733,0.5003699530815799,-1.1800047788746517,-0.17187020584739945,1.0968281519098115,0.008774848478524704,0.24468769308761984,-0.7204126588338543
0.1546500716250855,0.5604845463651504,-0.7852301822837936,1.4200145232747436,-0.21340483070890257,0.7900423150492033,0.7622973003895424,1.1676393578118553,0.2565078841309237,-0.6294135906902626,-1.3096719965588919
0.30742456355019704,0.5012988022868932,-0.16998570211118283,-0.6537284027946203,0.5003699530815799,-0.6171341806106931,-0.8416506820172822,0.891138458575346,1.0616402500012188,0.7153576151218648,-0.8887724696124361
0.46019905547530926,-0.564044591121737,0.37689828026447153,-0.8964004473346523,-0.3781220885067064,-1.123717719048256,-0.5948894539546938,-1.0983192310530612,-0.92022403521797,-1.0328449524339007,0.7106457327840968
0.001875579699973319,-0.44567310296522245,2.906236698751872,1.640625472856591,-0.54283934630451,0.9589034945283909,0.7446714983850717,1.2013589796699609,-1.1679570708703688,-0.6294135906902626,-1.562211712726766
-0.22728615818769465,-0.564044591121737,-0.3067066977050961,0.8795176967992181,-0.4879335937052421,0.3960328962644323,0.25114904225989493,-0.31602400394493296,0.2565078841309237,-1.3017991935963262,0.6264658273948059
2.5226546964643224,0.4421130582086359,2.3593527163762182,-0.46620909565005014,1.6259378813665721,-1.011143599395464,-1.4938053561826945,0.8304431392307637,0.07070810739162582,1.4549817783185348,0.9631854489519694
0.9949097772132016,-0.6824160792782514,0.581979773655342,1.0670370039437882,-0.570292222604144,-0.33569888147871385,-0.45388303791892903,0.1897703239266858,-1.2918235886965683,-0.7638907112714755,-0.04697341571952417
-0.15089891222513888,-0.3273016148087082,-0.375067195502053,-0.764033877585544,-0.3506692122070724,-1.011143599395464,-0.47150883992339965,-0.7543790881003783,-0.92022403521797,-0.49493647010904973,-0.04697341571952417
0.30742456355019704,-0.6232303351999943,0.855421764843169,-0.2786897885054801,-0.54283934630451,1.0714776141811826,0.5684134783403657,-1.1590145503976808,-1.0440905530441695,-1.1000835127245072,0.8790055435626786
-0.15089891222513888,0.26455582597386434,-0.5117881910959666,-0.8964004473346523,-0.24085770700853654,-1.2362918387010475,0.09251682421965955,-0.7543790881003783,-1.4156901065227678,-1.5035148744681455,-0.3836930372766892
-0.6856096339630313,0.3237415700521216,0.0350957912796877,1.221464668651081,-0.21340483070890257,0.45231995609082815,1.6788390046220136,1.2013589796699609,1.4951730623929185,0.3791648136688327,-1.057132280391018
0.001875579699973319,0.14618433781734977,-1.1270326712685776,-0.6757894977528051,-0.7624623567015816,-0.1668377019995263,-0.47150883992339965,-1.4287715252625617,0.4423076608702215,0.3791648136688327,1.7208045974555906
-0.9147713718506992,-0.3864873588869651,0.17181678687360138,-0.764033877585544,1.7082965102654737,0.17088465695884883,-0.17187020584739945,-0.8218183318165891,-0.23895818717387424,-1.0328449524339007,-0.2995131318873983
-0.7619968799255871,0.5604845463651504,0.5136192758583852,-0.5654840229618815,0.5552757056808479,-1.3488659583538394,-1.7581923862497535,0.34150862228819767,1.7429060980453146,1.0515504165748963,0.37392611122693176
0.765748039325533,0.027812849660835207,0.581979773655342,0.27283758544913805,-0.4879335937052421,0.28345877661164054,0.8504263104118953,-0.31602400394493296,-0.4866912228262732,-1.3017991935963262,1.1315452597305526
0.8421352852880901,-0.9783447996695377,0.37689828026447153,-0.8522782574182828,-0.21340483070890257,-1.3488659583538394,-0.34812822589210546,-0.28230438208682757,-0.3008914460869726,-0.09150510836541155,-0.3836930372766892
-0.6856096339630313,-0.14974438257393632,-0.9903116756746639,2.798832958161289,0.08857680858707076,1.1840517338339742,1.3439487665370722,1.5587869713659381,-0.6105577406524727,-0.36045934952783726,-1.4780318073374736
-0.4564478960753633,2.9279143094954394,-1.9473586448320592,-0.6096062128782509,0.06112393228743678,0.11459759713245299,-1.158915118097753,0.22348994578479123,1.8048393569584158,0.17744913279701416,1.4682648812877177
-0.6092223880004748,-1.0375305437477949,-0.3067066977050961,0.361081965281877,-0.570292222604144,3.2666729474106213,1.925600232684602,0.08861145835236954,0.318441143044022,-1.2345606333057202,-0.2995131318873983
1.4532332529885377,-0.3864873588869651,0.9921427604370827,0.8684871493201256,1.5710321287673041,-1.5177271378330268,-1.8463213962721066,1.5082075385787426,-0.3008914460869726,0.44640337395943913,0.2897462058376409
0.2310373175876413,-0.44567310296522245,-0.03326470651726914,2.787802410682197,-0.15849907810963482,0.17088465695884883,1.044310132461072,1.504835576392947,-0.8582907763048716,0.7153576151218648,-0.2995131318873983
3.133752664164771,1.6258279397737807,2.427713214173175,0.030165540909106146,0.8023515923775533,-1.3488659583538394,-1.6700633762274004,1.4373963326767363,-0.05315841043457366,1.0515504165748963,2.3942438405699207
0.46019905547530926,0.5012988022868932,1.197224253827953,1.7509309476475146,-0.6526508515030457,0.3960328962644323,0.779923102394013,0.3246488113591449,-0.5486244817393715,-1.2345606333057202,0.6264658273948059
1.1476842691383131,1.6554208118129092,-1.058672173471621,-0.6757894977528051,1.2141447368720628,-0.9548565395690684,-1.1412893160932824,0.5606861643658829,-0.5486244817393715,0.24468769308761984,0.37392611122693176
0.3838118095127535,-0.2681158707304509,0.0350957912796877,-0.764033877585544,-0.54283934630451,-0.3919859413051097,0.18064583424201255,-0.8892575755328,-1.8492229189144647,-1.3690377538869325,0.37392611122693176
0.5365863014378657,-1.333459264139081,1.197224253827953,0.030165540909106146,-0.21340483070890257,0.17088465695884883,0.6741682903671894,0.22348994578479123,-0.3008914460869726,-0.4276979098184437,0.037206489669766724
-0.6856096339630313,0.7972275226781793,1.128863756030996,-0.7199116876691746,-0.5977450989037778,0.28345877661164054,-0.31287662188316423,-1.1219229663537424,1.619039580219118,1.3877432180279283,1.3840849758984255
0.3838118095127535,-0.44567310296522245,0.24017728467055785,0.052226635867290795,-0.7350094804019477,0.002023477479661268,0.05726522021071835,-0.8555379536746947,-0.7344242584786721,-0.7638907112714755,1.3840849758984255
-0.07451166626258313,1.921756660165067,-2.1524401382229295,-0.6096062128782509,0.7199929634786517,-0.6734212404370891,-1.5290569601916357,1.0597365678659105,1.3093732856536178,0.042972012215801304,-0.9729523750017269
0.46019905547530926,-0.564044591121737,0.6503402714522984,-0.30075088346366474,-0.4055749648063402,0.3960328962644323,0.6212908843537776,0.29092918950100205,0.81390721434882,-0.5621750303996562,-0.4678729426659801
-0.532835142037919,-0.6232303351999943,-0.5117881910959666,-0.764033877585544,-0.2957634596078045,-0.8422824199162766,-0.9474054940441059,-0.5857809788098138,-0.23895818717387424,-0.9656063921432944,-0.6362327534445619
-0.6092223880004748,-1.0967162878260521,-0.03326470651726914,0.052226635867290795,-0.3781220885067064,0.6774681953964116,0.7622973003895424,0.004312403707105984,0.7519739554357215,-0.4276979098184437,-0.04697341571952417
-0.3800606501128069,-0.9191590555912804,0.6503402714522984,2.3245194165603174,-0.021234696611464945,2.534941169667475,0.7270456963806011,1.6734336856835115,-0.17702492826077312,-0.6294135906902626,-1.4780318073374736
-0.3800606501128069,0.678856034521665,-0.716869684486837,-0.23456759858911058,-0.6251979752034118,-1.011143599395464,-0.45388303791892903,-1.4759789958638867,0.19457462521782254,0.042972012215801304,2.0575242190127554
-0.22728615818769465,0.3829273141303786,-0.03326470651726914,-0.6757894977528051,0.6101814582801158,-0.5045600609579014,-1.1060377120843412,0.7225403492848189,1.4951730623929185,0.11021057250640773,-0.8887724696124361
-0.30367340415025107,-0.7416018233565087,0.37689828026447153,2.2362750367275788,-0.15849907810963482,2.140931750882704,1.132439142483425,1.622854252896316,1.0616402500012188,2.127367381224598,-1.057132280391018
-0.22728615818769465,-0.564044591121737,0.10345628907664453,-0.8522782574182828,-0.5977450989037778,0.28345877661164054,0.779923102394013,-1.2534294916003685,-1.2918235886965683,0.31192625337822627,0.6264658273948059
-0.22728615818769465,-0.031372894417421755,1.197224253827953,0.4934485350309853,-0.3232163359074385,1.7469223320979328,1.6259615986086018,0.39208805507535577,-0.8582907763048716,-0.898367831852688,-1.3096719965588919
-0.22728615818769465,0.3237415700521216,0.7870612670462122,0.2507764904909534,0.22584119008524062,0.6774681953964116,1.132439142483425,0.3313927357307361,-0.7344242584786721,-0.024266548074805126,-0.9729523750017269
-0.7619968799255871,-0.564044591121737,0.5136192758583852,-0.8302171624600981,-0.15849907810963482,0.6774681953964116,0.3745296562911892,-1.3276126596882079,0.008774848478524704,-0.898367831852688,0.45810601661622263
1.1476842691383131,2.040128148321581,-0.03326470651726914,-0.4551785481709578,0.8023515923775533,-0.3919859413051097,-0.5772636519502232,1.9094710386902496,1.5571063213060168,1.3877432180279283,0.8790055435626786
-0.07451166626258313,-0.800787567434766,0.0350957912796877,-0.6316673078364355,-0.54283934630451,-0.11055064217313045,0.48028446831801275,-0.5183417350936029,-0.17702492826077312,0.24468769308761984,-0.4678729426659801
-0.7619968799255871,-0.8599733115130231,-0.375067195502053,-0.8743393523764675,-0.26831058330817054,0.6774681953964116,0.09251682421965955,-0.9971603654787449,1.5571063213060168,0.44640337395943913,0.37392611122693176
1.8351694828013176,2.513614100947639,-1.3321141646594479,-0.4772396431291426,0.6925400871790177,0.002023477479661268,-0.7006442659815174,1.386816899889578,0.4423076608702215,0.7153576151218648,-0.13115332110881506
-0.4564478960753633,-0.6232303351999943,-0.3067066977050961,-0.8081560675019134,0.006218179688169026,0.17088465695884883,0.6741682903671894,-0.38346324766118123,-0.05315841043457366,0.17744913279701416,-0.8887724696124361
-0.07451166626258313,-0.5048588470434797,-0.8535906800807505,0.6919983896546477,-0.15849907810963482,1.296625853486766,1.2910713605236603,0.49324692064967207,-0.42475796391317205,-0.09150510836541155,-0.7204126588338543
0.46019905547530926,-0.44567310296522245,0.17181678687360138,-0.764033877585544,-0.2957634596078045,-0.1668377019995263,0.7094198943761305,-0.6195006006679192,-1.1060238119572705,-0.5621750303996562,-0.04697341571952417
0.30742456355019704,-0.44567310296522245,-0.16998570211118283,-0.5654840229618815,0.06112393228743678,0.3960328962644323,0.022013616201777154,-0.4239267938908778,-0.8582907763048716,-1.1000835127245072,-0.6362327534445619
-1.2203203557009237,-0.3864873588869651,0.581979773655342,0.22871539553276854,-0.6251979752034118,0.3397458364380364,0.07489102221518895,-1.0443678360801074,-0.11509166934767477,-0.6966521509808691,1.2999050705091346
-0.4564478960753633,-0.2089301266521936,0.4452587780614284,2.423794343872149,0.033671055987803,-0.7859953600898807,0.9033037164253072,1.7408729293997225,0.9377737321750194,0.44640337395943913,-1.1413121857803101
-0.15089891222513888,-0.5048588470434797,0.17181678687360138,1.2876479535256355,-0.515386470004876,-0.27941182165231804,-0.5243862459368115,-0.07324272656656644,-0.7344242584786721,-1.3017991935963262,0.2897462058376409
-0.6856096339630313,-0.44567310296522245,-0.44342769329900983,0.1625321106582144,-0.515386470004876,1.24033879366037,0.7270456963806011,0.15605070206858038,0.318441143044022,-1.0328449524339007,-0.9729523750017269
-0.6856096339630313,1.5074564516172662,0.855421764843169,1.30970904848382,-0.1859519544092686,1.1277646740075784,2.3133678767829555,0.8978823829469745,-0.23895818717387424,0.24468769308761984,-1.057132280391018
0.3838118095127535,0.027812849660835207,1.197224253827953,0.7912733169664792,-0.6526508515030457,0.6774681953964116,1.2734455585191897,-0.48462211323549753,-0.5486244817393715,-1.0328449524339007,1.5524447866770086
0.30742456355019704,-1.0375305437477949,0.9921427604370827,-0.9184615422928369,-0.570292222604144,1.8594964517507246,0.5860392803448363,-1.1050631554246897,-1.2918235886965683,-0.8311292715620819,0.12138639505905761
-0.30367340415025107,0.26455582597386434,0.17181678687360138,0.5155096299891702,-1.009538243398287,0.45231995609082815,0.33927805228224794,-0.8150744074449606,-0.3008914460869726,-0.6294135906902626,1.2157251651198437
3.057365418202214,0.9155990108346939,2.906236698751872,0.019134993430013823,1.1866918605724288,-1.4051530181802352,-1.7053149802363416,1.707153307541617,-0.05315841043457366,0.5808804945406519,0.5422859220055135
0.46019905547530926,1.2707134753042375,-0.8535906800807505,-0.6537284027946203,0.6650872108793838,-0.8422824199162766,-0.15424440384292884,0.5606861643658829,0.628107437609522,0.042972012215801304,-0.8887724696124361
-0.6856096339630313,-0.2681158707304509,0.17181678687360138,-0.764033877585544,-0.21340483070890257,-0.8985694797426724,0.32165225027777733,-0.1811455165125113,0.4423076608702215,-0.29322078923723083,-0.8887724696124361
-0.3800606501128069,-0.2089301266521936,0.855421764843169,0.361081965281877,-0.07614044921073289,-0.05426358234673459,0.8151747064029542,0.22348994578479123,-1.1679570708703688,-0.6294135906902626,-0.8045925642231452
-0.4564478960753633,-1.0375305437477949,-0.2383461999081393,-0.7199116876691746,-0.4055749648063402,1.8032093919243288,1.132439142483425,-0.8420501049314375,-0.4866912228262732,-0.7638907112714755,-0.2995131318873983
-0.8383841258881435,-0.031372894417421755,-0.5117881910959666,2.931199527910398,-0.1859519544092686,0.17088465695884883,1.2381939545102485,1.6498299503828302,-0.672490999565571,0.5136419342500456,-1.057132280391018
-0.15089891222513888,-0.6824160792782514,0.24017728467055785,-0.8081560675019134,-0.570292222604144,0.05831053730605713,-0.013237987807164047,-1.1252949285395755,-0.42475796391317205,-0.36045934952783726,0.20556630044835
-1.1439331097383671,0.0869985937390925,0.17181678687360138,-0.1904454086727411,-0.8448209856004835,-0.5045600609579014,-0.6477668599681057,-1.2938930378301026,1.12357350891432,-0.5621750303996562,1.1315452597305526
0.001875579699973319,-0.2089301266521936,-0.375067195502053,0.4934485350309853,-0.1859519544092686,0.3960328962644323,0.7622973003895424,0.5775459752949356,-0.8582907763048716,-0.6966521509808691,-1.3096719965588919
-0.6092223880004748,-0.5048588470434797,-0.716869684486837,0.4493263451146158,-0.46048071740560814,0.28345877661164054,0.8504263104118953,0.35836843321725037,0.9997069910881204,0.31192625337822627,-0.552052848055271
-0.6092223880004748,-0.44567310296522245,-0.9903116756746639,0.7361205795710174,-0.3506692122070724,1.690635272271537,1.4849551825728369,0.41906375256183265,-0.11509166934767477,-0.4276979098184437,-0.9729523750017269
0.3838118095127535,-0.564044591121737,0.7870612670462122,-0.12426212379818696,0.1434825611863387,-0.5608471207842973,0.022013616201777154,0.695564651798342,0.9377737321750194,-0.2259822289466244,-0.552052848055271
2.0643312206889863,2.3360568687128676,-0.8535906800807505,0.1625321106582144,1.4886734998684021,0.17088465695884883,-0.6653926619725763,1.4306524083051075,-0.5486244817393715,0.11021057250640773,-0.9729523750017269
0.9185225312506459,-0.7416018233565087,-0.2383461999081393,3.030474455222229,-0.7899152330012155,1.4091999731395577,0.28640064626883616,1.1676393578118553,-1.6634231421751668,-1.2345606333057202,0.8790055435626786
-0.15089891222513888,1.2707134753042375,-1.2637536668624911,-0.764033877585544,0.5552757056808479,-0.27941182165231804,-1.2646699301245767,0.5910338240381927,0.6900406965226205,0.3791648136688327,-1.1413121857803101
-0.3800606501128069,3.0462857976519544,-1.6739166536442318,-0.6757894977528051,1.1866918605724288,-0.5608471207842973,-1.0002829000575177,0.4865029962780435,2.3003054282632136,1.3877432180279283,0.9631854489519694
-0.22728615818769465,1.596235067734652,0.7187007692492553,1.5303199980656674,0.28074694268450856,-0.33569888147871385,0.30402644827330677,0.9214861182476558,-0.23895818717387424,-1.3017991935963262,-1.057132280391018
1.9879439747264307,0.0869985937390925,0.9237822626401259,-0.764033877585544,-0.4055749648063402,-1.06743065922186,0.18064583424201255,-0.04626702908008959,-1.8492229189144647,-0.49493647010904973,0.20556630044835
0.3838118095127535,-1.0967162878260521,0.3085377824675147,0.18459320561639925,-0.07614044921073289,-0.27941182165231804,0.6036650823493069,0.41906375256183265,0.13264136630472417,0.042972012215801304,-0.2995131318873983
-0.9147713718506992,-1.0375305437477949,-0.16998570211118283,-0.01395664900726334,-0.7899152330012155,-0.27941182165231804,-0.10136699782951705,-1.2736612647152543,-0.5486244817393715,-1.3017991935963262,1.4682648812877177
-0.991158617813255,-0.14974438257393632,-0.375067195502053,-0.7860949725437287,0.006218179688169026,-0.7297083002634849,0.48028446831801275,-0.9566968192490108,0.07070810739162582,-1.1673220730151137,0.12138639505905761
-0.4564478960753633,-0.564044591121737,0.7187007692492553,1.3758923333583744,-0.21340483070890257,2.6475152893202667,2.066606648720367,0.695564651798342,0.07070810739162582,-0.09150510836541155,-0.8887724696124361
-0.4564478960753633,0.14618433781734977,-0.5117881910959666,-0.6757894977528051,0.19838831378560665,-0.3919859413051097,0.11014262622413015,0.021172214636158697,0.566174178696421,0.042972012215801304,-0.9729523750017269
0.001875579699973319,-1.0375305437477949,0.6503402714522984,-0.764033877585544,-0.13104620181000085,-0.33569888147871385,0.21589743825095375,-0.7611230124719695,-0.23895818717387424,-0.29322078923723083,0.20556630044835
-0.3800606501128069,-0.800787567434766,1.128863756030996,2.14803065689484,-0.1859519544092686,0.05831053730605713,1.4320777765594253,1.6464579881969974,-1.7253564010882652,1.4549817783185348,-1.4780318073374736
-0.7619968799255871,1.3890849634607514,-2.1524401382229295,-0.764033877585544,0.22584119008524062,-1.2362918387010475,-1.687689178231871,0.695564651798342,2.0525723926108146,2.060128820933992,-0.9729523750017269
-0.532835142037919,0.9747847549129511,-0.44342769329900983,-0.7419727826273592,-0.24085770700853654,0.508607015917224,1.1148133404789544,-0.8150744074449606,0.318441143044022,0.24468769308761984,0.009146524012666836
2.140718466651542,0.4421130582086359,1.2655847516249097,-0.36693416833821896,1.3788619946698664,-1.2925788985274433,-1.6348117722184592,1.1339197359537498,0.19457462521782254,2.6652758635494496,1.0473653543412618
1.4532332529885377,1.8625709160868098,-1.1270326712685776,-0.41105635825458836,1.104333231673527,-1.1800047788746517,-0.9650312960485764,1.7611047025145707,0.318441143044022,0.042972012215801304,-0.8045925642231452
-1.2967076016634793,-0.2089301266521936,-0.16998570211118283,-0.4551785481709578,-0.8173681093008495,-0.7859953600898807,-0.20712180985634066,-1.3040089243875266,0.008774848478524704,0.17744913279701416,0.5422859220055135
0.2310373175876413,-0.3273016148087082,0.3085377824675147,2.346580511518502,-0.1859519544092686,-0.05426358234673459,0.18064583424201255,0.7630038955145528,-1.0440905530441695,0.042972012215801304,-0.13115332110881506
0.1546500716250855,-0.9783447996695377,0.7187007692492553,-0.6537284027946203,-0.570292222604144,0.17088465695884883,1.2910713605236603,-0.2485847602287221,1.0616402500012188,-0.8311292715620819,0.037206489669766724
-0.22728615818769465,-0.564044591121737,1.0605032582340392,0.7361205795710174,-0.4055749648063402,0.3397458364380364,0.7446714983850717,0.5067347693929292,-0.4866912228262732,0.11021057250640773,-0.9729523750017269
0.001875579699973319,-0.5048588470434797,-0.5117881910959666,0.42726525015643113,-0.9271796144993852,-0.6171341806106931,0.28640064626883616,-0.9364650461341626,-0.5486244817393715,-0.29322078923723083,1.8891644082341736
-0.9147713718506992,-0.3273016148087082,-0.3067066977050961,-0.6096062128782509,-0.3506692122070724,-0.5608471207842973,0.05726522021071835,-1.698528500127405,0.5042409197833226,-0.8311292715620819,1.8049845028448814
-0.30367340415025107,-0.3864873588869651,1.9491897295944773,-0.8743393523764675,2.0651839021607152,0.6774681953964116,0.23352324025542434,-0.38346324766118123,-0.8582907763048716,-0.6294135906902626,-1.225492091169601
-0.532835142037919,-0.9783447996695377,-0.16998570211118283,-0.7419727826273592,-0.5977450989037778,0.508607015917224,0.5331618743314246,-0.6195006006679192,1.619039580219118,-0.2259822289466244,-0.04697341571952417
-0.6092223880004748,-0.2681158707304509,-0.10162520431422599,-0.6206367603573433,-0.515386470004876,-1.2362918387010475,1.6964648066264842,-0.28230438208682757,-0.17702492826077312,0.5808804945406519,-0.552052848055271
1.3768460070259818,0.20537008189560707,0.6503402714522984,-0.5875451179200661,1.2690504894713304,-1.3488659583538394,-1.828695594267636,0.5067347693929292,-0.6105577406524727,0.31192625337822627,1.1315452597305526
-0.4564478960753633,-0.9783447996695377,-0.375067195502053,2.6995580308494582,-0.15849907810963482,-0.7297083002634849,0.6212908843537776,1.3025178452442772,-1.4156901065227678,-0.6966521509808691,-0.9729523750017269
-0.7619968799255871,-0.8599733115130231,0.0350957912796877,-0.49930073808732733,-0.1859519544092686,-0.7297083002634849,0.21589743825095375,-0.31602400394493296,-0.3008914460869726,0.11021057250640773,-0.9729523750017269
-1.1439331097383671,0.14618433781734977,-0.10162520431422599,-0.8743393523764675,-0.7624623567015816,-0.33569888147871385,-0.45388303791892903,-1.9244499665767563,-0.3008914460869726,-0.9656063921432944,0.9631854489519694
-1.6786438314762595,-0.6232303351999943,0.17181678687360138,-0.8743393523764675,-0.6251979752034118,1.0714776141811826,0.779923102394013,-2.291993844830158,0.566174178696421,-1.436276314177539,2.1417041244020463
0.8421352852880901,0.8564132667564366,0.7870612670462122,-0.5654840229618815,-0.570292222604144,0.11459759713245299,0.03963941820624775,-0.04626702908008959,0.008774848478524704,-0.4276979098184437,0.12138639505905761
-1.0675458637758115,-0.44567310296522245,-0.3067066977050961,1.5965032829402217,-0.3232163359074385,1.4091999731395577,0.9914327264476601,0.8978823829469745,0.318441143044022,-0.7638907112714755,-1.057132280391018
0.6129735474004214,-0.09055863849567904,0.0350957912796877,-0.10220102884000232,-0.43302784110597414,0.05831053730605713,1.1676907464923663,-0.9094893486476483,-1.9111561778275659,1.3877432180279283,1.3840849758984255
0.30742456355019704,-0.3273016148087082,1.8124687340005636,2.7436802207658273,-0.43302784110597414,1.1840517338339742,1.9608518366935432,1.7408729293997225,-0.42475796391317205,0.8498347357030777,-0.8887724696124361
-0.4564478960753633,-0.6824160792782514,0.0350957912796877,-0.9184615422928369,-0.43302784110597414,-0.27941182165231804,-0.6125152559591645,-0.6532202225260246,0.9997069910881204,0.042972012215801304,-0.2995131318873983
0.2310373175876413,1.3890849634607514,-1.9473586448320592,-0.21250650363092594,0.6376343345797498,-0.1668377019995263,-1.1941667221066943,0.4662712231631952,-1.2918235886965683,-0.4276979098184437,-1.1413121857803101
-0.532835142037919,-0.5048588470434797,-0.2383461999081393,1.640625472856591,-0.2957634596078045,2.8163764687994544,1.9608518366935432,0.7798637064436056,-0.3008914460869726,-0.8311292715620819,-0.4678729426659801
-1.9078055693639275,1.5074564516172662,-0.9903116756746639,-0.6096062128782509,0.033671055987803,-0.7297083002634849,-0.13661860183845825,-0.4509024913773921,3.8486369010907056,0.44640337395943913,1.9733443136234645
-0.6856096339630313,-0.8599733115130231,1.8124687340005636,-0.8081560675019134,4.04179099573436,-0.8422824199162766,-0.29525081987869367,-0.48462211323549753,-0.42475796391317205,-0.6966521509808691,-0.4678729426659801
0.1546500716250855,1.7441994279302953,1.0605032582340392,2.0046335396666386,3.0534874489475374,0.6774681953964116,1.255819756514719,1.3025178452442772,-2.0350226956537654,-0.29322078923723083,-1.057132280391018
-0.15089891222513888,1.6258279397737807,-0.9219511778777073,-0.7860949725437287,0.1434825611863387,-1.2925788985274433,-1.1236635140888118,0.1897703239266858,-0.92022403521797,0.44640337395943913,-1.057132280391018
-0.8383841258881435,-0.2681158707304509,1.6757477384066508,-0.521361833045512,-0.2957634596078045,0.9026164347019949,1.2381939545102485,-0.720659466242273,0.5042409197833226,0.24468769308761984,0.2897462058376409
-0.6092223880004748,-0.7416018233565087,0.0350957912796877,-0.03601774396544798,-0.2957634596078045,1.1277646740075784,0.7446714983850717,-0.4643903401206118,0.9377737321750194,0.11021057250640773,0.5422859220055135
0.765748039325533,-0.9783447996695377,1.197224253827953,-0.8743393523764675,-0.6526508515030457,-0.11055064217313045,-0.5772636519502232,-0.7543790881003783,-1.4156901065227678,0.9843118562842905,-0.13115332110881506
-0.8383841258881435,-0.7416018233565087,0.9921427604370827,-0.7199116876691746,2.833864438550466,0.2271717167852447,-0.7006442659815174,-2.0694443405666396,-0.23895818717387424,-1.3690377538869325,2.3942438405699207
-0.3800606501128069,-1.2742735200608237,-0.2383461999081393,-0.8522782574182828,-0.2957634596078045,0.28345877661164054,0.46265866631354213,-0.6195006006679192,0.628107437609522,-1.3690377538869325,-0.3836930372766892
-0.8383841258881435,0.6196702904434077,-0.3067066977050961,-0.9405226372510218,-0.4879335937052421,-0.9548565395690684,-0.5596378499457526,-0.6195006006679192,0.008774848478524704,-1.436276314177539,-0.8887724696124361
0.2310373175876413,2.513614100947639,-0.7852301822837936,0.669937294696463,1.131786107973161,0.002023477479661268,-0.38337982990104663,1.47785987890647,-0.17702492826077312,0.31192625337822627,-1.1413121857803101
-0.532835142037919,-0.7416018233565087,-0.16998570211118283,0.5155096299891702,-0.7899152330012155,-0.7859953600898807,-0.47150883992339965,-0.4812501510496645,-0.4866912228262732,0.17744913279701416,0.2897462058376409
-0.30367340415025107,3.371807390082369,-0.16998570211118283,-0.05807883892363283,0.3631055715834105,-0.8422824199162766,-1.3175473361379884,0.41569179037603704,1.866772615871514,0.042972012215801304,0.45810601661622263
6.418404240554679,1.7737922999694238,1.197224253827953,-0.1904454086727411,1.049427479074259,-1.123717719048256,-1.599560168209518,2.904199883504472,-1.9111561778275659,1.3877432180279283,0.45810601661622263
-1.3730948476260352,-0.7416018233565087,-0.16998570211118283,-0.8522782574182828,-0.3232163359074385,2.1972188107090997,0.6741682903671894,-0.929721121762534,3.2912375708728066,0.6481190548312584,0.37392611122693176
0.5365863014378657,-1.3926450082173383,1.197224253827953,-0.12426212379818696,-0.24085770700853654,-0.1668377019995263,0.33927805228224794,0.021172214636158697,0.07070810739162582,-0.7638907112714755,0.037206489669766724
-0.532835142037919,-0.9191590555912804,-0.2383461999081393,-0.8081560675019134,-0.2957634596078045,-0.4482730011315056,-0.41863143390998786,-1.4017958277760474,-0.3008914460869726,-0.158743668656018,0.9631854489519694
-0.8383841258881435,-0.031372894417421755,-0.03326470651726914,1.5303199980656674,-0.10359332551036686,0.9026164347019949,2.189987262751661,1.066480492237539,-0.42475796391317205,-0.36045934952783726,-1.646391618116057
-1.3730948476260352,-0.8303804394738946,-1.058672173471621,1.6516560203356836,-0.15849907810963482,0.05831053730605713,0.022013616201777154,0.37185628196047005,1.0616402500012188,-1.0328449524339007,0.20556630044835
0.1546500716250855,-0.031372894417421755,-0.10162520431422599,2.170091751853024,-0.54283934630451,2.253505870535496,0.9738069244431895,0.8236992148591351,0.13264136630472417,-1.1000835127245072,-0.13115332110881506
-0.6092223880004748,-0.031372894417421755,-0.7852301822837936,2.170091751853024,0.08857680858707076,0.3960328962644323,0.8504263104118953,1.2687982233861717,-0.6105577406524727,-0.5621750303996562,-1.3096719965588919
1.5296204989510933,-0.9783447996695377,1.197224253827953,-0.7860949725437287,-0.43302784110597414,0.508607015917224,0.28640064626883616,-0.012547407221946727,-1.1679570708703688,-0.29322078923723083,-0.6362327534445619
-0.4564478960753633,1.8625709160868098,-2.1524401382229295,-0.4551785481709578,1.5984850050669381,-0.5045600609579014,-1.4585537521737533,0.5910338240381927,1.371306544566719,0.6481190548312584,-0.21533322649810593
-0.532835142037919,0.5604845463651504,1.197224253827953,0.5816929148637242,-0.3232163359074385,-0.7859953600898807,0.9738069244431895,0.39208805507535577,-0.7344242584786721,-1.1000835127245072,-1.562211712726766
-0.6856096339630313,-0.8599733115130231,-0.375067195502053,1.6847476627729603,-0.2957634596078045,1.690635272271537,0.515536072326954,0.24372171889967695,0.19457462521782254,-1.2345606333057202,0.20556630044835
0.46019905547530926,-0.7416018233565087,-0.375067195502053,0.8684871493201256,-0.26831058330817054,0.45231995609082815,0.32165225027777733,0.8304431392307637,0.13264136630472417,-0.024266548074805126,-0.2995131318873983
-0.532835142037919,-0.3273016148087082,-0.10162520431422599,0.9015787917574027,-0.15849907810963482,-0.27941182165231804,0.9209295184297778,-0.38683520984697684,0.07070810739162582,0.17744913279701416,0.6685557800894506
-1.2203203557009237,-1.1559020319043094,-0.375067195502053,0.1073793732627526,-0.15849907810963482,1.1840517338339742,0.4450328643090716,-0.39695109640440096,1.4951730623929185,-0.2259822289466244,0.37392611122693176
-0.6856096339630313,-0.09055863849567904,-0.7852301822837936,2.831924600598566,0.2532940663848746,0.3397458364380364,0.8328005084074248,1.5385551982510524,-0.5486244817393715,-0.158743668656018,-1.4780318073374736
-0.22728615818769465,-0.6232303351999943,0.10345628907664453,-0.7419727826273592,-0.5977450989037778,0.9589034945283909,0.39215545829565973,-1.529930390836878,0.19457462521782254,-0.898367831852688,1.7208045974555906
0.30742456355019704,-0.09055863849567904,0.3085377824675147,-0.6537284027946203,-0.6251979752034118,-0.22312476182592217,1.0266843304566013,-0.04626702908008959,1.1855067678274183,-0.36045934952783726,-0.04697341571952417
-0.15089891222513888,-0.3273016148087082,1.539026742812737,1.2435257636092658,-0.2957634596078045,1.6343482124451412,2.1194840547337788,0.695564651798342,-1.1060238119572705,0.5136419342500456,-0.8887724696124361
-0.15089891222513888,0.0869985937390925,0.0350957912796877,1.1994035736928965,-0.3232163359074385,0.28345877661164054,0.3745296562911892,-0.3497436258030384,-0.8582907763048716,-1.3690377538869325,0.8790055435626786
-1.3730948476260352,-0.09055863849567904,-0.03326470651726914,-0.23456759858911058,-0.7350094804019477,-0.1668377019995263,-0.10136699782951705,-1.4253995630767287,0.4423076608702215,-0.6966521509808691,1.3840849758984255
-0.532835142037919,0.5012988022868932,-0.2383461999081393,1.364861785879282,-0.6801037278026797,0.05831053730605713,-0.47150883992339965,-0.7880987099584837,-1.2918235886965683,-1.0328449524339007,1.5524447866770086
0.2310373175876413,1.3890849634607514,-0.7852301822837936,-0.6757894977528051,0.445464200482312,0.2271717167852447,-1.2294183261156355,0.1358189289537321,-0.7963575173917705,-0.6966521509808691,-1.057132280391018
0.8421352852880901,-1.2150877759825665,0.17181678687360138,-0.8743393523764675,-0.4055749648063402,-1.2925788985274433,-1.1765409201022237,-0.38346324766118123,1.4951730623929185,-0.898367831852688,-0.2995131318873983
-0.8383841258881435,-0.2681158707304509,1.6757477384066508,-0.49930073808732733,-0.3506692122070724,0.9589034945283909,1.1500649444878956,-0.720659466242273,0.4423076608702215,0.24468769308761984,0.2897462058376409
-0.6092223880004748,-0.8599733115130231,-1.1270326712685776,0.33902087032369216,-0.2957634596078045,-0.22312476182592217,-0.013237987807164047,-0.15416981902603444,-1.4776233654358661,0.31192625337822627,-0.552052848055271
-1.2967076016634793,0.027812849660835207,0.24017728467055785,-0.8743393523764675,-0.3232163359074385,-0.8985694797426724,0.9385553204342484,-0.8555379536746947,0.6900406965226205,0.9843118562842905,-0.552052848055271
4.585110337453335,0.678856034521665,1.4023057472188234,-0.6316673078364355,0.39055844788304406,-1.011143599395464,-1.3880505441558708,2.044349526122671,-0.7963575173917705,0.17744913279701416,-1.3096719965588919
0.6893607933629772,-0.8599733115130231,-0.2383461999081393,-0.9184615422928369,-0.9271796144993852,1.0714776141811826,-0.47150883992339965,-1.3208687353166169,-1.9111561778275659,-1.1673220730151137,0.45810601661622263
2.0643312206889863,0.8564132667564366,1.8124687340005636,-0.3448730733800342,1.021974602774625,-1.1800047788746517,-1.2470441281201061,1.9769102824064604,0.38037440195712313,0.31192625337822627,-1.3096719965588919
-0.9147713718506992,-0.8599733115130231,2.701155205361002,-0.764033877585544,2.559335675554126,-1.123717719048256,-1.0531603060709294,-0.6195006006679192,-0.672490999565571,-0.4276979098184437,-0.6362327534445619
-0.8383841258881435,0.027812849660835207,-1.6739166536442318,-0.8081560675019134,0.3356526952837765,-0.4482730011315056,-0.10136699782951705,-0.38346324766118123,0.008774848478524704,-0.09150510836541155,-1.1413121857803101
-0.9147713718506992,-1.3926450082173383,1.0605032582340392,1.221464668651081,-0.13104620181000085,2.1972188107090997,0.6036650823493069,0.4258076769334612,-1.9730894367406642,-1.3017991935963262,-1.057132280391018
-0.22728615818769465,-0.564044591121737,-0.16998570211118283,-0.5875451179200661,-0.515386470004876,-0.11055064217313045,-0.6653926619725763,-1.2331977184855203,-1.3537568476096695,-1.1673220730151137,0.9631854489519694
0.9185225312506459,-0.8599733115130231,0.4452587780614284,1.4861978081492981,-0.04868757291109892,1.1840517338339742,0.9914327264476601,1.9769102824064604,0.6900406965226205,1.925651700352779,-1.3938519019481828
0.07826282566252908,-0.9191590555912804,1.197224253827953,2.313488869081225,0.033671055987803,1.1277646740075784,0.35690385428671856,1.7745925512578278,1.1855067678274183,-1.1673220730151137,-1.225492091169601
0.6893607933629772,0.6196702904434077,0.17181678687360138,0.7140594846128328,-0.54283934630451,0.17088465695884883,1.8022196186533077,1.0327608703794338,0.5042409197833226,0.7153576151218648,-0.7204126588338543
-0.991158617813255,-0.564044591121737,-0.8535906800807505,1.6185643778984062,-0.26831058330817054,1.1277646740075784,0.8504263104118953,0.9316020048050799,0.7519739554357215,-1.0328449524339007,-0.8887724696124361
1.3768460070259818,0.5604845463651504,1.197224253827953,-0.5875451179200661,0.5827285819804818,-0.22312476182592217,0.12776842822860077,1.1002001140956446,0.008774848478524704,0.31192625337822627,-1.1413121857803101
-1.3730948476260352,-0.3273016148087082,0.4452587780614284,-0.8522782574182828,-0.7624623567015816,0.05831053730605713,0.32165225027777733,-1.8839864203470222,0.318441143044022,-1.1673220730151137,1.5524447866770086
-0.6092223880004748,-0.3864873588869651,0.7870612670462122,0.4493263451146158,-0.3232163359074385,1.690635272271537,1.8903486286756608,0.22348994578479123,-0.8582907763048716,-0.5621750303996562,-0.9729523750017269
1.8351694828013176,-0.6824160792782514,0.581979773655342,-0.7860949725437287,-0.3506692122070724,-0.6171341806106931,0.3745296562911892,-0.28230438208682757,-1.6634231421751668,-0.29322078923723083,0.2897462058376409
-0.6092223880004748,-0.3273016148087082,1.7441082362036069,-0.8964004473346523,0.08857680858707076,-0.8422824199162766,0.11014262622413015,-0.720659466242273,-1.0440905530441695,-0.8311292715620819,-0.8887724696124361
1.9879439747264307,-0.2089301266521936,1.197224253827953,2.280397226643948,-0.2957634596078045,-0.9548565395690684,0.09251682421965955,1.9769102824064604,-0.3008914460869726,-0.5621750303996562,-0.8887724696124361
0.3838118095127535,-0.3864873588869651,-0.16998570211118283,0.4052041551982465,-0.43302784110597414,-0.05426358234673459,0.8680521124163659,0.22348994578479123,1.3093732856536178,0.44640337395943913,-0.04697341571952417
0.1546500716250855,-0.6232303351999943,0.581979773655342,-0.16838431371455645,-0.6801037278026797,-1.1800047788746517,-0.33050242388763484,-0.8555379536746947,-0.8582907763048716,-0.9656063921432944,0.45810601661622263
-1.1439331097383671,-1.2150877759825665,-0.10162520431422599,0.07428773082547563,-0.3232163359074385,-0.22312476182592217,-0.15424440384292884,0.051519874308431114,0.566174178696421,-0.5621750303996562,-1.057132280391018
-0.4564478960753633,-0.9191590555912804,0.6503402714522984,0.846426054361941,-0.2957634596078045,1.1840517338339742,0.9738069244431895,0.29092918950100205,-0.5486244817393715,0.24468769308761984,-0.6362327534445619
-0.9147713718506992,-0.3273016148087082,-0.716869684486837,2.313488869081225,-0.3781220885067064,-0.5608471207842973,0.49791027032248336,0.6888207274267134,-0.7344242584786721,0.042972012215801304,-0.3836930372766892
-0.4564478960753633,0.3237415700521216,0.9921427604370827,0.2507764904909534,-0.021234696611464945,0.6774681953964116,2.2428646687650726,0.7630038955145528,1.6809728391322163,0.44640337395943913,-0.552052848055271
1.6823949908762061,-0.09055863849567904,1.8808292317975204,-0.49930073808732733,0.6101814582801158,-1.1800047788746517,-1.4761795541782239,1.0327608703794338,-0.672490999565571,0.042972012215801304,1.2157251651198437
0.3838118095127535,2.3952426127911246,-0.3067066977050961,-0.2786897885054801,1.4612206235687681,0.2271717167852447,-0.4362572359144585,0.7090525005415618,0.07070810739162582,-0.5621750303996562,-1.057132280391018
0.6129735474004214,0.6196702904434077,0.3085377824675147,0.8243649594037563,-0.8448209856004835,1.1277646740075784,0.6565424883627188,-0.6195006006679192,-0.9821572941310711,-1.9069462362117837,1.8049845028448814
-0.6092223880004748,0.3237415700521216,-0.5801486888929233,-0.764033877585544,0.2532940663848746,-1.4051530181802352,-1.7934439902586947,0.4258076769334612,0.6900406965226205,0.17744913279701416,-1.1413121857803101
0.30742456355019704,0.3829273141303786,-1.1953931690655344,-0.4551785481709578,0.8298044686771873,-0.5045600609579014,-1.2470441281201061,0.6281254080820937,0.566174178696421,0.24468769308761984,-0.04697341571952417
0.30742456355019704,-0.564044591121737,0.17181678687360138,-0.8302171624600981,-0.021234696611464945,0.2271717167852447,1.0971875384744838,-0.06649880219493787,-0.7963575173917705,-0.158743668656018,-0.8887724696124361
0.2310373175876413,-0.800787567434766,0.17181678687360138,-0.8522782574182828,0.08857680858707076,-0.22312476182592217,-0.048489591816105244,-0.48462211323549753,1.7429060980453146,-0.4276979098184437,0.12138639505905761
-1.2967076016634793,-0.6824160792782514,-0.8535906800807505,-0.6316673078364355,-0.3506692122070724,0.508607015917224,0.8328005084074248,-0.8251902940023847,-0.23895818717387424,-0.6966521509808691,-0.13115332110881506
0.46019905547530926,0.7972275226781793,2.496073711970132,-0.7419727826273592,9.834347894957121,-0.8985694797426724,-1.4409279501692827,0.6820768030550849,-0.8582907763048716,3.5393771473273326,-1.225492091169601
0.2310373175876413,-0.23852299869132226,0.4452587780614284,-0.8081560675019134,-0.26831058330817054,0.002023477479661268,-0.33050242388763484,-0.9971603654787449,-0.05315841043457366,-0.09150510836541155,0.7948256381733877
0.5365863014378657,4.111629191060585,-1.8106376492381455,-0.6316673078364355,0.7474458397782857,-0.9548565395690684,-1.4938053561826945,0.4595272987915666,-0.05315841043457366,0.11021057250640773,-0.552052848055271
-0.532835142037919,-0.09055863849567904,2.7695157031579587,-0.8743393523764675,0.11602968488670473,-1.2925788985274433,0.6565424883627188,-0.5183417350936029,-0.8582907763048716,0.24468769308761984,-0.8887724696124361
-0.6856096339630313,1.9809424042433244,-2.0840796404259723,-0.30075088346366474,1.2690504894713304,0.11459759713245299,-1.0531603060709294,0.44603945004830947,1.7429060980453146,0.8498347357030777,0.6264658273948059
-0.3800606501128069,0.7972275226781793,-2.0157191426290155,-0.6316673078364355,0.6376343345797498,0.3397458364380364,-0.048489591816105244,0.23697779452804837,-0.7963575173917705,-0.024266548074805126,-0.7204126588338543
5.043433813228672,0.8564132667564366,2.427713214173175,-0.4551785481709578,0.994521726474991,-1.3488659583538394,-1.7405665842452829,1.3699570889605253,-1.2918235886965683,2.6652758635494496,1.2157251651198437
-0.8383841258881435,-1.0375305437477949,-0.716869684486837,-0.6978505927109898,0.9121630975760892,0.7900423150492033,0.28640064626883616,-0.6700800334550774,-0.9821572941310711,-0.8311292715620819,-0.7204126588338543
-0.532835142037919,-0.2089301266521936,-1.1953931690655344,0.5375707249473548,-0.3506692122070724,0.2271717167852447,0.33927805228224794,0.3246488113591449,-0.05315841043457366,-0.2259822289466244,-0.8887724696124361
-0.30367340415025107,-0.2089301266521936,-0.8535906800807505,-0.3448730733800342,0.8023515923775533,0.002023477479661268,0.28640064626883616,-0.5183417350936029,-2.468555508045462,-0.6294135906902626,-0.8045925642231452
0.001875579699973319,-0.6824160792782514,3.453120681127526,-0.8302171624600981,2.531882799254492,2.253505870535496,-0.08374119582504645,-0.5048538863503458,-1.8492229189144647,-0.7638907112714755,-1.1413121857803101
0.765748039325533,-0.5048588470434797,0.17181678687360138,-0.5654840229618815,0.445464200482312,-0.7859953600898807,-1.1765409201022237,0.47301514753482377,1.0616402500012188,1.656697459190354,0.6264658273948059
-0.30367340415025107,-1.0967162878260521,-0.16998570211118283,1.1773424787347118,-0.2957634596078045,1.6343482124451412,0.515536072326954,0.21674602141316265,-0.17702492826077312,-0.898367831852688,0.20556630044835
-0.30367340415025107,1.685013683852038,-1.8789981470351023,-0.8302171624600981,0.033671055987803,-0.27941182165231804,0.33927805228224794,-0.6161286384821236,-0.36282470500007374,-0.9656063921432944,-0.2995131318873983
-0.07451166626258313,-1.1559020319043094,0.17181678687360138,0.052226635867290795,-0.6251979752034118,0.17088465695884883,-0.17187020584739945,0.25720956764289665,0.875840473261921,-0.09150510836541155,-1.057132280391018
-0.07451166626258313,-0.6824160792782514,0.5136192758583852,1.9053586123548076,0.033671055987803,-0.22312476182592217,1.0266843304566013,1.015901059450381,-2.0350226956537654,-0.49493647010904973,-1.3096719965588919
-0.6092223880004748,-0.800787567434766,-0.10162520431422599,0.11840992074184492,-0.3506692122070724,0.7337552552228074,0.8151747064029542,0.12233108021047497,2.3003054282632136,-0.8311292715620819,0.037206489669766724
-0.6856096339630313,-1.1559020319043094,0.17181678687360138,1.397953428316559,-0.1859519544092686,-0.27941182165231804,-0.31287662188316423,1.012529097264548,-0.11509166934767477,-0.29322078923723083,-0.4678729426659801
0.765748039325533,-0.2681158707304509,0.855421764843169,1.6185643778984062,-0.3781220885067064,1.24033879366037,0.7094198943761305,-0.005803482850355592,-1.1679570708703688,-1.3690377538869325,1.2157251651198437
-0.532835142037919,-0.44567310296522245,0.581979773655342,1.089098098901973,-0.4879335937052421,2.478654109841079,1.9961034407024845,0.4325516013050898,-0.3008914460869726,-0.2259822289466244,-0.9729523750017269
0.001875579699973319,-1.1559020319043094,0.5136192758583852,-0.7199116876691746,-0.3781220885067064,-0.5045600609579014,0.7975489043984836,0.08861145835236954,1.8048393569584158,-0.4276979098184437,-0.4678729426659801
2.140718466651542,3.3422145180432405,0.7187007692492553,-0.764033877585544,-0.021234696611464945,0.2271717167852447,1.1853165484968367,0.7630038955145528,-0.7344242584786721,-0.49493647010904973,-0.4678729426659801
-1.2203203557009237,0.8564132667564366,-1.2637536668624911,-0.12426212379818696,-0.4879335937052421,-0.7297083002634849,0.03963941820624775,-1.2938930378301026,1.1855067678274183,2.4635601826776306,2.6467835567377933
0.3838118095127535,-0.5048588470434797,-0.375067195502053,-0.6757894977528051,-0.13104620181000085,-0.6171341806106931,-0.6477668599681057,0.1897703239266858,-0.4866912228262732,1.7239360194809605,0.2897462058376409
-0.991158617813255,0.294148698012993,-1.2637536668624911,-0.5875451179200661,-0.021234696611464945,-0.8985694797426724,-1.5114311581871651,-0.3092800795733418,2.424171946089413,0.9170732959936841,1.5524447866770086
-0.4564478960753633,-0.3864873588869651,-0.10162520431422599,0.6037540098219089,-0.21340483070890257,1.5217740927923493,1.5554583905907193,0.4258076769334612,0.07070810739162582,-0.9656063921432944,-0.8887724696124361
-0.3800606501128069,-0.9783447996695377,-0.8535906800807505,-0.08013993388181748,-0.2957634596078045,1.5217740927923493,0.8328005084074248,0.021172214636158697,0.566174178696421,0.8498347357030777,-0.04697341571952417
-0.8383841258881435,-0.14974438257393632,-0.5117881910959666,-0.7860949725437287,-0.570292222604144,0.45231995609082815,0.18064583424201255,-1.5973696345530888,0.38037440195712313,-0.7638907112714755,1.5524447866770086
-0.15089891222513888,-0.800787567434766,-0.03326470651726914,0.2066543005745839,-0.2957634596078045,-0.05426358234673459,-0.10136699782951705,-0.2148651383706167,0.19457462521782254,-0.2259822289466244,0.20556630044835
-0.15089891222513888,-0.031372894417421755,-1.4688351602533614,-0.3448730733800342,-0.3506692122070724,-0.7297083002634849,-0.8945280880306941,-0.28230438208682757,-1.3537568476096695,-0.9656063921432944,-1.1413121857803101
-0.07451166626258313,-0.9783447996695377,1.197224253827953,-0.8302171624600981,-0.6526508515030457,-1.011143599395464,-0.7358958699904586,-1.287149113458474,-1.1060238119572705,-0.024266548074805126,0.6264658273948059
-0.991158617813255,-0.564044591121737,-0.3067066977050961,-0.7860949725437287,-0.7624623567015816,0.3960328962644323,-0.5772636519502232,-1.7996873657017587,-0.17702492826077312,-0.49493647010904973,1.3840849758984255
-1.2203203557009237,-0.6528232072391229,-0.16998570211118283,-0.8522782574182828,-0.26831058330817054,0.17088465695884883,0.23352324025542434,-1.1927341722557863,0.6900406965226205,-0.2259822289466244,0.37392611122693176
0.765748039325533,0.4421130582086359,-0.16998570211118283,-0.21250650363092594,-0.7350094804019477,0.05831053730605713,-0.24237341386528186,-1.1590145503976808,-1.4156901065227678,-1.436276314177539,1.8891644082341736
0.07826282566252908,-0.6232303351999943,0.6503402714522984,1.8832975173966227,-0.1859519544092686,0.6211811355700156,1.132439142483425,1.4373963326767363,0.875840473261921,-0.6966521509808691,-0.7204126588338543
-0.9147713718506992,1.596235067734652,-1.8789981470351023,-0.9405226372510218,-0.6801037278026797,-1.2362918387010475,-1.1236635140888118,-1.408539752147676,-0.5486244817393715,-0.898367831852688,0.37392611122693176
0.765748039325533,-0.7416018233565087,-0.10162520431422599,-0.7199116876691746,-0.26831058330817054,0.9589034945283909,1.255819756514719,-0.4171828695192867,-0.6105577406524727,-0.2259822289466244,-0.2995131318873983
-0.7619968799255871,0.14618433781734977,-0.6485091866898801,0.7140594846128328,-0.8722738619001174,0.3397458364380364,1.8022196186533077,0.6281254080820937,0.628107437609522,0.44640337395943913,-0.8045925642231452
2.140718466651542,0.027812849660835207,1.0605032582340392,-0.6757894977528051,0.11602968488670473,-1.3488659583538394,-1.8110697922631653,0.4426674878625139,0.008774848478524704,-0.09150510836541155,1.2157251651198437
0.46019905547530926,-0.8599733115130231,-0.2383461999081393,1.1332202888183422,-0.07614044921073289,2.7038023491466627,1.2734455585191897,0.8304431392307637,-0.5486244817393715,-0.49493647010904973,-0.4678729426659801
-0.07451166626258313,1.6258279397737807,-1.7422771514411886,-0.8302171624600981,0.3631055715834105,-1.4051530181802352,-1.7934439902586947,-0.11370627279630043,-0.36282470500007374,-0.36045934952783726,-0.6362327534445619
-0.07451166626258313,0.738041778599922,-0.5117881910959666,0.2066543005745839,-0.3506692122070724,-1.06743065922186,-0.6477668599681057,0.35836843321725037,-0.11509166934767477,0.17744913279701416,-0.7204126588338543
0.5365863014378657,0.3237415700521216,-0.10162520431422599,-0.7199116876691746,2.751505809651564,-1.5740141976594226,-1.211792524111165,0.9214861182476558,0.5042409197833226,2.530798742968237,-0.8887724696124361
0.3838118095127535,1.5074564516172662,-2.1524401382229295,-0.5434229280036967,-0.04868757291109892,-1.2925788985274433,-1.775818188254224,0.6247534458962982,0.9377737321750194,0.17744913279701416,0.20556630044835
-1.0675458637758115,-1.1559020319043094,-0.03326470651726914,0.18459320561639925,-0.570292222604144,-1.2925788985274433,-0.718270067985988,-1.0173921385936306,-0.17702492826077312,-0.6966521509808691,1.1315452597305526
0.1546500716250855,0.0869985937390925,-0.5801486888929233,-0.6978505927109898,-1.091896872297189,0.05831053730605713,-0.7887732760038705,-1.7996873657017587,-1.8492229189144647,-1.1673220730151137,1.6366246920662995
0.46019905547530926,-0.031372894417421755,0.24017728467055785,-0.7199116876691746,-0.4055749648063402,-1.2362918387010475,0.9385553204342484,-1.260173415971997,-0.7344242584786721,-0.8311292715620819,1.2999050705091346
-0.4564478960753633,-0.09055863849567904,0.0350957912796877,2.3245194165603174,-0.07614044921073289,1.8032093919243288,1.9961034407024845,0.9450898535483371,0.13264136630472417,0.17744913279701416,-0.13115332110881506
-0.4564478960753633,-0.14974438257393632,0.10345628907664453,-0.5654840229618815,-0.13104620181000085,0.5648940757436198,1.8639099256689549,-0.4643903401206118,-0.4866912228262732,0.44640337395943913,-0.4678729426659801
-0.6092223880004748,0.6196702904434077,-1.6739166536442318,-0.8743393523764675,-0.7350094804019477,-1.123717719048256,0.30402644827330677,-1.3613322815463134,-1.6014898832620656,-1.7052305553399643,0.20556630044835
0.30742456355019704,0.8564132667564366,0.10345628907664453,-0.6978505927109898,0.472917076781946,-0.1668377019995263,-0.5067604439323409,0.850674912345612,1.12357350891432,0.31192625337822627,-1.3096719965588919
-0.7619968799255871,-0.8599733115130231,0.10345628907664453,0.07428773082547563,-0.7899152330012155,-0.5045600609579014,-0.6830184639770468,-1.489466844607144,0.81390721434882,-0.8311292715620819,2.4784237459592116
-0.07451166626258313,-0.3864873588869651,-0.375067195502053,-0.49930073808732733,-0.4879335937052421,1.1277646740075784,0.07489102221518895,-1.260173415971997,-1.0440905530441695,0.3791648136688327,0.5422859220055135
0.6893607933629772,-0.5048588470434797,0.37689828026447153,-0.6978505927109898,0.41801132418267806,1.0151905543547868,0.7975489043984836,0.12233108021047497,0.875840473261921,1.1187889768655026,0.2897462058376409
2.6754291883894337,3.2830287739649835,0.17181678687360138,0.33902087032369216,1.5161263761680361,-0.3919859413051097,-0.25999921586975244,2.8165288666734125,-0.05315841043457366,0.9843118562842905,-1.057132280391018
1.3768460070259818,1.152341987147723,1.197224253827953,-0.4772396431291426,1.021974602774625,0.6211811355700156,-0.06611539382057585,1.2350786015280661,-0.92022403521797,0.5136419342500456,-1.1413121857803101
2.599041942426878,0.4421130582086359,1.128863756030996,-0.521361833045512,0.22584119008524062,-1.4051530181802352,-1.687689178231871,0.8978823829469745,-0.11509166934767477,2.261844501805811,0.6264658273948059
0.765748039325533,-0.2089301266521936,0.581979773655342,-0.6316673078364355,0.033671055987803,-1.3488659583538394,-1.828695594267636,0.2774413407577824,0.5042409197833226,0.9843118562842905,0.5422859220055135
-0.30367340415025107,-0.14974438257393632,-0.2383461999081393,-0.05807883892363283,-0.6251979752034118,-0.27941182165231804,-0.24237341386528186,-1.4422593740057814,-0.92022403521797,-0.4276979098184437,1.5524447866770086
-0.532835142037919,-0.3273016148087082,1.4023057472188234,-0.7419727826273592,-0.6251979752034118,0.6211811355700156,1.396826172550484,-0.7779828234010596,0.13264136630472417,0.3791648136688327,-0.13115332110881506
-0.22728615818769465,0.8564132667564366,-0.8535906800807505,-0.7419727826273592,0.6101814582801158,-0.9548565395690684,-1.5466827621961063,0.3145329248016834,0.9377737321750194,0.7153576151218648,-0.6362327534445619
-0.07451166626258313,2.040128148321581,-1.8789981470351023,-0.6537284027946203,0.30819981898414256,-0.6171341806106931,-1.5290569601916357,0.8709066854604977,1.3093732856536178,0.9170732959936841,-0.6362327534445619
-0.15089891222513888,-0.2089301266521936,-0.03326470651726914,0.8905482442783103,-0.570292222604144,0.8463293748755991,0.46265866631354213,-0.8015865587017035,-1.5395566243489673,-1.5035148744681455,1.2157251651198437
0.001875579699973319,0.027812849660835207,0.17181678687360138,1.6185643778984062,-0.15849907810963482,-1.3488659583538394,-1.3527989401469296,-0.04626702908008959,-0.6105577406524727,-0.9656063921432944,0.7948256381733877
0.1546500716250855,3.667736110473655,-2.1524401382229295,-0.6316673078364355,0.8572573449768213,-0.7859953600898807,-1.4409279501692827,1.0192730216361765,2.1764389104370143,0.9170732959936841,-0.2995131318873983
-0.532835142037919,-0.14974438257393632,1.128863756030996,0.6478761997382784,-0.8448209856004835,-0.6734212404370891,-0.45388303791892903,-1.0443678360801074,-0.05315841043457366,1.7239360194809605,1.8049845028448814
-0.30367340415025107,-0.7416018233565087,-0.10162520431422599,1.8832975173966227,-0.04868757291109892,1.1277646740075784,1.1676907464923663,1.3025178452442772,1.3093732856536178,-0.9656063921432944,-0.6362327534445619
1.4532332529885377,1.0339704989912084,0.10345628907664453,-0.8302171624600981,0.3631055715834105,-1.1800047788746517,-1.4761795541782239,1.1002001140956446,0.07070810739162582,0.44640337395943913,-1.057132280391018
-0.15089891222513888,-0.7416018233565087,-0.2383461999081393,1.221464668651081,-0.4879335937052421,0.11459759713245299,0.05726522021071835,-0.33288381487398566,-1.1060238119572705,0.11021057250640773,0.7948256381733877
-1.2967076016634793,-1.0967162878260521,-0.03326470651726914,-0.8522782574182828,-0.8448209856004835,0.05831053730605713,-0.8063990780083411,-1.5973696345530888,0.628107437609522,-0.6294135906902626,0.9070655092197785
-0.30367340415025107,-0.7416018233565087,1.197224253827953,-0.9184615422928369,-0.13104620181000085,-0.22312476182592217,0.25114904225989493,-1.1927341722557863,0.13264136630472417,-1.2345606333057202,0.7106457327840968
0.6129735474004214,-0.6232303351999943,-0.375067195502053,-0.7419727826273592,-0.6526508515030457,0.3397458364380364,0.39215545829565973,-0.4643903401206118,1.3093732856536178,-0.158743668656018,-0.13115332110881506
-1.1439331097383671,-0.800787567434766,-0.5117881910959666,-0.6096062128782509,-0.26831058330817054,1.690635272271537,1.3263229645326016,0.15605070206858038,2.609971722828711,1.2532660974467156,-0.3836930372766892
0.46019905547530926,-0.8599733115130231,-0.7852301822837936,-0.8081560675019134,-0.570292222604144,-0.27941182165231804,-0.5420120479412821,-1.2331977184855203,-1.22989032978347,-0.49493647010904973,0.9631854489519694
-0.4564478960753633,1.3890849634607514,-2.0157191426290155,-0.6757894977528051,0.1434825611863387,0.3960328962644323,-1.0707861080754,-0.26881653334360783,0.7519739554357215,1.5222203386091413,0.8790055435626786
-0.991158617813255,-1.2150877759825665,-0.44342769329900983,-0.12426212379818696,-0.8173681093008495,0.2271717167852447,0.46265866631354213,-0.38346324766118123,1.619039580219118,-0.158743668656018,0.20556630044835
1.0712970231757575,0.14618433781734977,2.6327947075640448,1.5634116405029446,-0.4879335937052421,-0.5045600609579014,0.779923102394013,1.2687982233861717,-1.4156901065227678,1.3205046577373218,-1.057132280391018
0.8421352852880901,-0.44567310296522245,0.9237822626401259,-0.8302171624600981,-0.24085770700853654,-1.2362918387010475,-0.7358958699904586,-0.04626702908008959,-0.92022403521797,0.5136419342500456,-0.21533322649810593
-0.6856096339630313,-0.2089301266521936,0.17181678687360138,-0.6316673078364355,-0.3232163359074385,-0.5608471207842973,-0.6477668599681057,-0.6195006006679192,0.4423076608702215,-0.6966521509808691,-0.2995131318873983
-0.15089891222513888,0.0869985937390925,0.24017728467055785,-0.5654840229618815,-0.24085770700853654,2.084644691056308,0.8328005084074248,-1.037623911708479,-1.1060238119572705,0.17744913279701416,0.45810601661622263
-0.15089891222513888,0.6196702904434077,0.17181678687360138,-0.521361833045512,0.6925400871790177,-0.7859953600898807,-0.7358958699904586,1.1676393578118553,1.9906391336977136,0.44640337395943913,-0.8887724696124361
0.001875579699973319,-1.1559020319043094,0.10345628907664453,-0.8743393523764675,-0.8173681093008495,-0.7859953600898807,-0.8945280880306941,-0.28230438208682757,0.875840473261921,-0.898367831852688,-0.552052848055271
-0.07451166626258313,-0.564044591121737,-0.03326470651726914,-0.6096062128782509,-0.1859519544092686,0.11459759713245299,0.7446714983850717,-1.0578556848233647,-0.5486244817393715,-0.158743668656018,0.7106457327840968
-0.6856096339630313,-0.09055863849567904,-0.3067066977050961,-0.8522782574182828,-0.2957634596078045,0.2271717167852447,1.0795617364700132,-0.38346324766118123,0.875840473261921,0.042972012215801304,-0.9729523750017269
0.3838118095127535,-0.6232303351999943,-0.03326470651726914,-0.8302171624600981,-0.26831058330817054,0.17088465695884883,-0.13661860183845825,-0.5183417350936029,-0.05315841043457366,0.11021057250640773,0.20556630044835
-0.07451166626258313,-0.44567310296522245,1.9491897295944773,-0.6537284027946203,0.472917076781946,-0.7297083002634849,-1.564308564200577,1.214846828413218,0.9377737321750194,1.2532660974467156,0.037206489669766724
-0.9147713718506992,-0.5048588470434797,0.0350957912796877,-0.3448730733800342,-0.7899152330012155,-0.05426358234673459,-0.013237987807164047,-1.1252949285395755,1.0616402500012188,1.186027537156109,1.4682648812877177
-0.4564478960753633,-0.14974438257393632,0.6503402714522984,0.47138744007280065,-0.24085770700853654,1.4091999731395577,1.132439142483425,0.2808133029435779,-0.17702492826077312,-0.49493647010904973,-0.9729523750017269
3.592076139940107,0.5012988022868932,2.3593527163762182,-0.43311745321277306,1.4337677472691344,-1.123717719048256,-1.599560168209518,1.8420317949740388,-0.4866912228262732,2.127367381224598,-0.13115332110881506
0.30742456355019704,-0.031372894417421755,0.5136192758583852,0.5596318199055395,-0.46048071740560814,0.8463293748755991,1.784593816648837,0.6618450299402366,-0.7344242584786721,-0.024266548074805126,-1.1413121857803101
0.1546500716250855,-0.9783447996695377,0.3085377824675147,1.772992042605699,-0.021234696611464945,2.3660799901882874,0.8680521124163659,1.8420317949740388,1.1855067678274183,-1.2345606333057202,-1.225492091169601
1.3768460070259818,-0.44567310296522245,0.24017728467055785,-0.03601774396544798,-0.7899152330012155,-0.1668377019995263,-0.33050242388763484,-0.4509024913773921,-1.1679570708703688,-0.898367831852688,0.6264658273948059
0.8421352852880901,-0.800787567434766,0.6503402714522984,-0.6316673078364355,-0.1859519544092686,-0.33569888147871385,-0.10136699782951705,-0.1811455165125113,-2.3446889902192627,-0.5621750303996562,-0.8887724696124361
0.8421352852880901,1.5074564516172662,-1.2637536668624911,-0.5434229280036967,0.7748987160779197,-1.3488659583538394,-1.5819343662050473,1.3025178452442772,0.5042409197833226,0.3791648136688327,-1.1413121857803101
0.8421352852880901,1.8625709160868098,-1.1270326712685776,-0.6978505927109898,0.6101814582801158,-0.7297083002634849,-1.2646699301245767,0.8978823829469745,0.5042409197833226,0.042972012215801304,-0.8045925642231452
3.6684633859026627,0.14618433781734977,3.042957694345786,-0.1904454086727411,0.2532940663848746,-1.2925788985274433,-1.335173138142459,1.9769102824064604,-0.05315841043457366,0.44640337395943913,2.0575242190127554
1.300458761063426,2.365649740751996,-0.9219511778777073,-0.5654840229618815,0.5552757056808479,-0.8422824199162766,-1.158915118097753,0.9619496644773898,-0.17702492826077312,-0.4276979098184437,-0.7204126588338543
0.07826282566252908,-0.6232303351999943,0.7870612670462122,-0.6757894977528051,-0.982085367098653,-0.5608471207842973,-0.7887732760038705,-1.529930390836878,-0.92022403521797,0.17744913279701416,1.3840849758984255
-0.4564478960753633,2.5727998450258966,1.2655847516249097,-0.7860949725437287,-0.3232163359074385,0.002023477479661268,0.33927805228224794,-1.1792463235125292,0.13264136630472417,-0.36045934952783726,0.9631854489519694
0.46019905547530926,-0.5048588470434797,1.197224253827953,-0.43311745321277306,-0.3232163359074385,-0.5045600609579014,0.03963941820624775,-0.48462211323549753,-0.42475796391317205,-1.2345606333057202,-0.21533322649810593
0.2310373175876413,0.8564132667564366,-0.7852301822837936,-0.5434229280036967,7.555759162087504,-1.2362918387010475,-1.7581923862497535,0.7630038955145528,-0.11509166934767477,2.4635601826776306,-0.04697341571952417
0.46019905547530926,1.2115277312259802,-2.1524401382229295,-0.7419727826273592,0.3631055715834105,-1.2925788985274433,-1.7053149802363416,0.692192689612509,0.19457462521782254,0.7153576151218648,-0.9729523750017269
-0.22728615818769465,-0.2681158707304509,-0.716869684486837,0.47138744007280065,-0.3232163359074385,1.3529129133131619,1.3439487665370722,0.4763871097206193,-0.05315841043457366,-0.36045934952783726,-0.9729523750017269
-1.1439331097383671,-0.9783447996695377,-0.375067195502053,-0.6316673078364355,-0.9271796144993852,-0.5045600609579014,-0.33050242388763484,-1.7659677438436534,-0.9821572941310711,0.042972012215801304,1.4682648812877177
1.1476842691383131,0.7972275226781793,-0.10162520431422599,-0.49930073808732733,0.2532940663848746,-1.123717719048256,-1.5114311581871651,0.6281254080820937,0.628107437609522,0.9170732959936841,0.5422859220055135
-0.6092223880004748,-1.2742735200608237,1.0605032582340392,-0.764033877585544,0.9670688501753572,0.5648940757436198,0.779923102394013,-0.5857809788098138,-0.11509166934767477,-1.1673220730151137,-0.6362327534445619
0.07826282566252908,2.3360568687128676,-1.6055561558472748,-0.7419727826273592,1.021974602774625,-1.123717719048256,-1.211792524111165,0.4123198281902041,0.07070810739162582,-0.2259822289466244,-0.6362327534445619
2.6754291883894337,0.3237415700521216,0.37689828026447153,-0.6978505927109898,0.6650872108793838,-0.7297083002634849,-1.4938053561826945,0.7427721223996672,-0.672490999565571,0.7825961754124713,0.5422859220055135
-0.15089891222513888,1.4482707075390087,-2.1524401382229295,-0.7419727826273592,-0.13104620181000085,-1.5177271378330268,-1.863947198276577,0.49324692064967207,1.12357350891432,-0.4276979098184437,-0.21533322649810593
-0.30367340415025107,-0.44567310296522245,-0.2383461999081393,1.817114232522069,0.5278228293812139,1.1277646740075784,0.8680521124163659,1.1339197359537498,-1.22989032978347,-1.0328449524339007,-1.646391618116057
-0.22728615818769465,-0.2681158707304509,-0.16998570211118283,-0.8302171624600981,-0.10359332551036686,-0.33569888147871385,1.3263229645326016,-0.3092800795733418,0.38037440195712313,0.042972012215801304,-0.552052848055271
0.07826282566252908,-0.800787567434766,-0.716869684486837,-0.764033877585544,-0.2957634596078045,0.28345877661164054,0.33927805228224794,0.041403987751006975,0.9377737321750194,-0.49493647010904973,-0.4678729426659801
0.30742456355019704,-0.8599733115130231,0.17181678687360138,-0.7199116876691746,-0.43302784110597414,0.6774681953964116,0.6036650823493069,-0.400323058590234,0.7519739554357215,0.8498347357030777,0.45810601661622263
0.6893607933629772,-0.09055863849567904,-0.6485091866898801,0.030165540909106146,-0.26831058330817054,-0.33569888147871385,0.6565424883627188,0.24709368108547253,-0.05315841043457366,-0.4276979098184437,-0.21533322649810593
2.8282036803145467,-0.14974438257393632,1.4023057472188234,-0.7199116876691746,2.0651839021607152,-0.7297083002634849,-1.2294183261156355,0.9450898535483371,0.318441143044022,1.5894588988997476,0.7948256381733877
0.001875579699973319,-0.031372894417421755,0.0350957912796877,-0.5654840229618815,0.9121630975760892,0.7337552552228074,-0.013237987807164047,0.695564651798342,0.566174178696421,1.7239360194809605,0.45810601661622263
-0.30367340415025107,-0.9191590555912804,2.701155205361002,2.7436802207658273,-0.4055749648063402,-0.5045600609579014,0.0043878141973065525,1.1136879628388643,-2.3446889902192627,-0.2259822289466244,-0.8887724696124361
-0.6092223880004748,-1.1559020319043094,0.581979773655342,-0.7860949725437287,-0.4055749648063402,-0.3919859413051097,-0.47150883992339965,-1.6243453320395655,-0.7344242584786721,-0.49493647010904973,1.3840849758984255
-0.3800606501128069,-0.6232303351999943,0.9921427604370827,-0.6316673078364355,-0.6526508515030457,-0.6171341806106931,-0.048489591816105244,-1.3781920924753661,-0.7963575173917705,0.5808804945406519,1.1315452597305526
-0.07451166626258313,-0.7416018233565087,0.0350957912796877,2.6113136510167188,-0.021234696611464945,1.0714776141811826,0.779923102394013,1.7745925512578278,0.875840473261921,-1.0328449524339007,-0.8045925642231452
-0.3800606501128069,-0.7416018233565087,0.5136192758583852,-0.8522782574182828,-0.21340483070890257,-0.22312476182592217,0.6741682903671894,-0.3632314745462955,1.6809728391322163,-0.4276979098184437,-0.4678729426659801
-0.4564478960753633,-1.2742735200608237,-0.10162520431422599,-0.03601774396544798,0.033671055987803,0.9589034945283909,0.30402644827330677,0.021172214636158697,1.7429060980453146,-0.5621750303996562,-0.21533322649810593
1.6823949908762061,-0.3273016148087082,1.6073872406096938,-0.6316673078364355,-0.1859519544092686,-0.7297083002634849,0.09251682421965955,0.5606861643658829,-0.672490999565571,1.0515504165748963,-0.21533322649810593
-0.22728615818769465,0.3237415700521216,0.37689828026447153,0.846426054361941,-0.10359332551036686,0.3397458364380364,0.6036650823493069,0.49324692064967207,-0.42475796391317205,-0.2259822289466244,-1.057132280391018
0.8421352852880901,2.987100053573697,-1.1953931690655344,-0.5654840229618815,0.994521726474991,-0.9548565395690684,-1.0531603060709294,0.9113702316902317,0.81390721434882,0.042972012215801304,-0.3836930372766892
1.5296204989510933,0.0869985937390925,0.17181678687360138,-0.764033877585544,0.1434825611863387,-1.4051530181802352,-1.7934439902586947,0.7191683870989859,-0.17702492826077312,0.9170732959936841,-0.04697341571952417
-0.30367340415025107,-0.3864873588869651,-0.9903116756746639,1.949480802271177,-0.26831058330817054,1.0714776141811826,0.8504263104118953,1.2687982233861717,-0.11509166934767477,-0.158743668656018,-1.3096719965588919
-0.6092223880004748,-0.5048588470434797,-0.716869684486837,0.6919983896546477,-0.1859519544092686,1.1840517338339742,1.2029423505013073,0.2976731138726306,0.008774848478524704,-0.36045934952783726,-0.8887724696124361
0.6129735474004214,-0.14974438257393632,-0.375067195502053,-0.8522782574182828,-0.1859519544092686,-1.039287129308662,-0.45388303791892903,0.021172214636158697,0.07070810739162582,-1.1000835127245072,-0.8887724696124361
-0.07451166626258313,-1.1559020319043094,0.17181678687360138,-0.8964004473346523,-0.6526508515030457,-0.1668377019995263,-0.718270067985988,-1.6176014076679746,0.07070810739162582,-0.8311292715620819,1.3840849758984255
0.001875579699973319,-1.0375305437477949,-0.2383461999081393,2.75471076824492,-0.1859519544092686,0.17088465695884883,0.7094198943761305,1.744244891585518,-1.7872896600013664,-0.6966521509808691,-1.3096719965588919
0.001875579699973319,0.8564132667564366,-0.5117881910959666,-0.6316673078364355,0.3631055715834105,-1.4051530181802352,-1.3704247421514002,0.49324692064967207,0.628107437609522,-0.36045934952783726,-0.9729523750017269
0.1546500716250855,-0.9783447996695377,0.17181678687360138,-0.521361833045512,-0.7350094804019477,0.002023477479661268,-0.11899279983398765,-0.8555379536746947,-1.6014898832620656,-0.024266548074805126,0.37392611122693176
0.001875579699973319,-0.14974438257393632,1.0605032582340392,0.008104445950921305,-0.3506692122070724,-0.6171341806106931,-0.8592764840217528,-1.1927341722557863,-1.22989032978347,-0.8311292715620819,1.7208045974555906
0.30742456355019704,-0.14974438257393632,0.24017728467055785,-0.764033877585544,0.9670688501753572,-0.33569888147871385,0.42740706230460096,-0.05301095345168072,-0.23895818717387424,-0.6294135906902626,-0.6362327534445619
-0.7619968799255871,1.8033851720085525,-1.7422771514411886,-0.764033877585544,-0.1859519544092686,-1.3488659583538394,-1.687689178231871,-0.35648755017466693,2.114505651523913,0.042972012215801304,1.1736352124251974
-0.30367340415025107,1.5666421956955234,-0.7852301822837936,-0.7199116876691746,0.5552757056808479,-1.06743065922186,-0.8592764840217528,0.8641627610888691,1.928705874784615,0.31192625337822627,-1.057132280391018
0.07826282566252908,1.921756660165067,-2.0157191426290155,-0.6316673078364355,0.41801132418267806,0.05831053730605713,-0.38337982990104663,0.3786002063320986,0.566174178696421,0.9843118562842905,0.4300460509591228
-0.30367340415025107,1.6258279397737807,-1.6055561558472748,-0.6978505927109898,0.30819981898414256,-0.11055064217313045,-1.335173138142459,0.6652169921260321,1.1855067678274183,1.925651700352779,-0.8887724696124361
-0.07451166626258313,-0.2681158707304509,1.197224253827953,-0.764033877585544,-0.3232163359074385,0.05831053730605713,-0.24237341386528186,-0.11370627279630043,1.0616402500012188,0.3791648136688327,-0.2995131318873983
0.3838118095127535,-0.031372894417421755,-0.3067066977050961,0.8243649594037563,0.17093543748597267,0.508607015917224,1.2381939545102485,0.7967235173726583,-0.8582907763048716,0.6481190548312584,-1.1413121857803101
-0.30367340415025107,-0.9783447996695377,-0.716869684486837,0.07428773082547563,-0.10359332551036686,0.2271717167852447,-0.17187020584739945,-0.029407218151036876,0.4423076608702215,-0.6966521509808691,-0.9729523750017269
-0.07451166626258313,-0.564044591121737,0.0350957912796877,1.1552813837765272,-0.43302784110597414,2.0283576312299125,2.7892645309036617,0.7967235173726583,-0.36282470500007374,-0.09150510836541155,-1.225492091169601
-0.9147713718506992,-0.6824160792782514,-1.1270326712685776,1.0229148140274185,-0.24085770700853654,3.998404725153767,1.6435874006130724,0.3954600172611514,-1.1060238119572705,-1.570753434758752,-1.225492091169601
0.6129735474004214,2.513614100947639,0.0350957912796877,-0.6537284027946203,0.6101814582801158,-0.7859953600898807,-0.7006442659815174,0.6820768030550849,0.2565078841309237,-0.2259822289466244,-0.6362327534445619
-1.6786438314762595,4.111629191060585,-0.5117881910959666,-0.764033877585544,-0.1859519544092686,0.11459759713245299,-0.31287662188316423,-0.38346324766118123,3.16737105304661,0.5808804945406519,0.7948256381733877
3.5156888939775515,-0.5048588470434797,1.4023057472188234,-0.7199116876691746,0.39055844788304406,-1.3488659583538394,-1.828695594267636,0.7630038955145528,-0.17702492826077312,1.2532660974467156,-0.2995131318873983
-1.5258693395511473,-0.948751927630409,-0.6485091866898801,-0.8964004473346523,-0.7350094804019477,0.9589034945283909,0.16302003223754197,-0.7948426343301124,1.9906391336977136,-0.6294135906902626,-0.341603084582043
0.6129735474004214,2.7503570772606682,-0.44342769329900983,-0.36693416833821896,0.5278228293812139,0.2271717167852447,-0.5067604439323409,0.7225403492848189,-0.23895818717387424,-0.7638907112714755,-1.1413121857803101
-0.4564478960753633,0.027812849660835207,0.17181678687360138,-0.03601774396544798,-0.6801037278026797,-1.1800047788746517,0.19827163624648314,-0.6768239578267059,0.566174178696421,1.8584131400621733,1.2157251651198437
0.07826282566252908,-0.9783447996695377,-0.16998570211118283,-0.8964004473346523,-0.570292222604144,-0.22312476182592217,-0.22474761186081124,-1.529930390836878,-0.8582907763048716,-1.1000835127245072,0.9631854489519694
-0.9147713718506992,-0.3864873588869651,1.4023057472188234,-0.01395664900726334,0.5827285819804818,0.002023477479661268,0.4450328643090716,0.1358189289537321,-0.7963575173917705,-1.1673220730151137,-1.3096719965588919
-0.532835142037919,0.0869985937390925,1.197224253827953,-0.4772396431291426,-0.7350094804019477,-0.7859953600898807,-0.34812822589210546,-1.4624911471206672,-0.7963575173917705,-0.29322078923723083,1.2999050705091346
-0.7619968799255871,-0.09055863849567904,-1.1953931690655344,-0.05807883892363283,-0.13104620181000085,-0.1668377019995263,0.25114904225989493,0.07175164742331683,-0.11509166934767477,-0.36045934952783726,-0.9729523750017269
-0.6856096339630313,0.26455582597386434,0.24017728467055785,0.18459320561639925,-0.46048071740560814,2.957094118365444,2.5777549068500143,-0.14742589465440586,-0.672490999565571,0.8498347357030777,-0.3836930372766892
-0.3800606501128069,0.3829273141303786,-0.5117881910959666,0.07428773082547563,-0.5977450989037778,0.17088465695884883,0.022013616201777154,-1.4962107689787725,-0.672490999565571,-0.6294135906902626,1.9677323171248486
-0.30367340415025107,-0.8599733115130231,0.4452587780614284,-0.08013993388181748,-0.46048071740560814,-0.1668377019995263,-0.18949600785187004,-0.1811455165125113,0.875840473261921,0.31192625337822627,0.12138639505905761
-0.9147713718506992,0.9155990108346939,-1.8789981470351023,-0.6316673078364355,0.9670688501753572,-0.9548565395690684,-1.5466827621961063,0.651729143382775,1.4332398034798173,-0.4276979098184437,-0.4678729426659801
0.2310373175876413,-0.3864873588869651,0.5136192758583852,1.1332202888183422,-0.3232163359074385,1.6343482124451412,1.6788390046220136,0.8978823829469745,-0.42475796391317205,0.6481190548312584,-0.8045925642231452
-0.22728615818769465,1.2707134753042375,-0.375067195502053,1.2876479535256355,0.08857680858707076,1.4091999731395577,1.396826172550484,0.7967235173726583,-0.11509166934767477,-0.6294135906902626,-0.9729523750017269
0.3838118095127535,-0.564044591121737,-0.10162520431422599,0.6037540098219089,-0.515386470004876,2.084644691056308,1.4497035785638959,0.34150862228819767,-0.7963575173917705,-0.2259822289466244,-0.3836930372766892
-0.9147713718506992,-0.09055863849567904,-0.375067195502053,0.008104445950921305,-0.15849907810963482,-0.7859953600898807,0.09251682421965955,-0.12719412153952014,-0.4866912228262732,-0.8311292715620819,-1.1413121857803101
0.8421352852880901,-0.5048588470434797,0.6503402714522984,0.9126093392364949,-0.4055749648063402,0.6211811355700156,0.8504263104118953,-0.04626702908008959,-0.7963575173917705,-1.0328449524339007,1.2157251651198437
-0.4564478960753633,0.20537008189560707,-0.16998570211118283,-0.4772396431291426,-0.5977450989037778,-0.8422824199162766,-0.22474761186081124,-1.8131752144449784,-1.1679570708703688,-1.1000835127245072,1.6366246920662995
0.5365863014378657,-1.2150877759825665,2.906236698751872,-0.8522782574182828,-0.7899152330012155,0.002023477479661268,0.9033037164253072,-1.1927341722557863,-0.92022403521797,1.925651700352779,1.4682648812877177
0.6129735474004214,-0.8599733115130231,0.3085377824675147,-0.8522782574182828,-0.6801037278026797,-0.5045600609579014,-0.6301410579636351,-0.8218183318165891,-0.92022403521797,-1.1000835127245072,-0.13115332110881506
1.0712970231757575,0.6196702904434077,-0.03326470651726914,-0.5434229280036967,0.8023515923775533,-0.5045600609579014,-1.1236635140888118,1.2350786015280661,0.875840473261921,2.530798742968237,-0.552052848055271
2.140718466651542,0.5604845463651504,1.197224253827953,-0.521361833045512,0.5552757056808479,-1.06743065922186,-1.6700633762274004,0.5944057862239883,0.008774848478524704,0.6481190548312584,0.8790055435626786
-0.6092223880004748,-0.2681158707304509,1.3339452494218664,0.09634882578366027,-0.24085770700853654,1.8032093919243288,1.0266843304566013,-0.11370627279630043,-0.92022403521797,-0.5621750303996562,-1.225492091169601
0.07826282566252908,-0.3864873588869651,0.7187007692492553,2.0597862770621007,-0.46048071740560814,1.0714776141811826,1.044310132461072,1.6397140638253687,0.318441143044022,1.925651700352779,-1.3096719965588919
-0.991158617813255,-0.2089301266521936,-0.10162520431422599,0.5816929148637242,-0.26831058330817054,1.690635272271537,1.6259615986086018,0.15605070206858038,-0.17702492826077312,-0.9656063921432944,-0.8045925642231452
0.765748039325533,1.5666421956955234,0.9237822626401259,0.07428773082547563,-0.7350094804019477,-0.8422824199162766,0.07489102221518895,0.29092918950100205,-0.5486244817393715,-1.3017991935963262,-0.8045925642231452
0.46019905547530926,1.0931562430694657,-1.8789981470351023,-0.7419727826273592,0.5278228293812139,-0.7297083002634849,-1.4585537521737533,0.6281254080820937,0.628107437609522,0.17744913279701416,-0.4678729426659801
-0.07451166626258313,1.685013683852038,-1.7422771514411886,-0.6757894977528051,0.7199929634786517,-1.2362918387010475,-1.4938053561826945,1.3530972780314727,2.73383824065491,1.3205046577373218,-0.8045925642231452
-0.4564478960753633,-0.3864873588869651,0.17181678687360138,-0.9405226372510218,-0.54283934630451,0.6774681953964116,0.09251682421965955,-1.9345658531341805,-1.22989032978347,-1.1000835127245072,1.6366246920662995
-0.6092223880004748,-0.800787567434766,0.17181678687360138,2.423794343872149,-0.46048071740560814,1.4654870329659535,0.49791027032248336,0.7562599711429243,-0.7344242584786721,-1.0328449524339007,0.037206489669766724
-0.30367340415025107,-0.5048588470434797,0.17181678687360138,2.2142139417693936,0.08857680858707076,0.6774681953964116,0.8504263104118953,0.8473029501598164,0.07070810739162582,-0.09150510836541155,-0.04697341571952417
-0.30367340415025107,0.9747847549129511,-2.0840796404259723,-0.6537284027946203,0.472917076781946,-1.1800047788746517,-1.564308564200577,0.4258076769334612,0.628107437609522,0.17744913279701416,-0.8887724696124361
-0.6856096339630313,-0.031372894417421755,-0.2383461999081393,2.125969561936655,-0.26831058330817054,1.0714776141811826,1.4849551825728369,1.066480492237539,0.008774848478524704,-0.49493647010904973,-0.8887724696124361
-0.30367340415025107,-0.14974438257393632,-0.10162520431422599,-0.8964004473346523,-0.21340483070890257,-0.4482730011315056,-0.013237987807164047,-0.5554333191375039,0.07070810739162582,0.5136419342500456,-0.2995131318873983
0.6129735474004214,-0.564044591121737,-0.375067195502053,1.9715418972293621,-0.3781220885067064,0.6211811355700156,2.3662452827963674,1.3699570889605253,-1.22989032978347,0.24468769308761984,-1.562211712726766
-0.6092223880004748,-1.422237880256467,-0.16998570211118283,-0.8743393523764675,-0.5977450989037778,0.7900423150492033,0.46265866631354213,-1.051111760451736,-0.36282470500007374,0.11021057250640773,0.12138639505905761
0.9185225312506459,-0.44567310296522245,0.9921427604370827,0.8023038644455713,-0.24085770700853654,0.508607015917224,1.4673293805683663,0.9653216266631854,-0.5486244817393715,0.3791648136688327,-0.8045925642231452
-0.532835142037919,-0.8599733115130231,0.24017728467055785,-0.25662869354729534,-0.46048071740560814,-0.1668377019995263,0.46265866631354213,-1.1859902478841577,-1.5395566243489673,-0.024266548074805126,1.0473653543412618
-0.6856096339630313,-1.333459264139081,0.3085377824675147,-0.6537284027946203,-0.3506692122070724,0.9589034945283909,0.5684134783403657,-1.0578556848233647,0.2565078841309237,1.3877432180279283,0.7106457327840968
-0.22728615818769465,-0.3273016148087082,0.0350957912796877,0.1625321106582144,-0.46048071740560814,-0.7859953600898807,-0.030863789811634647,-0.5183417350936029,-1.1679570708703688,0.31192625337822627,0.5422859220055135
0.1546500716250855,-0.564044591121737,-0.2383461999081393,0.48241798755189297,-0.7899152330012155,-0.8985694797426724,-0.6301410579636351,-0.727403390613864,-1.7872896600013664,-1.1000835127245072,0.7948256381733877
2.2934929585766537,0.5604845463651504,3.863283667909267,0.2507764904909534,-0.21340483070890257,-0.5608471207842973,0.18064583424201255,0.7630038955145528,-1.4776233654358661,-0.158743668656018,-0.552052848055271
0.1546500716250855,-0.6824160792782514,-0.44342769329900983,-0.8081560675019134,-0.21340483070890257,0.7337552552228074,0.48028446831801275,-0.38346324766118123,1.1855067678274183,0.042972012215801304,-0.2995131318873983
0.30742456355019704,-0.44567310296522245,0.17181678687360138,-0.01395664900726334,-0.46048071740560814,-0.6734212404370891,-1.0179087020619884,-1.24668556722874,-1.0440905530441695,-0.36045934952783726,1.5524447866770086
-0.3800606501128069,0.027812849660835207,1.128863756030996,0.8243649594037563,-0.021234696611464945,0.28345877661164054,0.9385553204342484,0.5876618618523972,-1.1679570708703688,-0.4276979098184437,-0.9729523750017269
-0.4564478960753633,0.9155990108346939,-2.1524401382229295,-0.7199116876691746,0.1434825611863387,-0.5045600609579014,-1.5114311581871651,-0.34299970143144726,1.3093732856536178,0.11021057250640773,1.4682648812877177
-0.4564478960753633,-0.14974438257393632,0.17181678687360138,0.5816929148637242,-0.3506692122070724,1.8594964517507246,1.7317164106354255,0.24372171889967695,-0.05315841043457366,-0.36045934952783726,-0.7204126588338543
0.30742456355019704,0.26455582597386434,-0.03326470651726914,-0.6096062128782509,0.6925400871790177,-0.3919859413051097,-0.7535216719949293,1.2350786015280661,1.8048393569584158,0.7825961754124713,-0.7204126588338543
0.1546500716250855,-0.9783447996695377,0.581979773655342,-0.764033877585544,-0.26831058330817054,-0.4482730011315056,-0.20712180985634066,-0.28230438208682757,0.318441143044022,-0.6294135906902626,0.12138639505905761
0.07826282566252908,-0.031372894417421755,-0.6485091866898801,-0.8081560675019134,-0.3506692122070724,0.7337552552228074,1.0971875384744838,-0.5655492056949655,-0.5486244817393715,-0.49493647010904973,-0.552052848055271
0.07826282566252908,3.3422145180432405,-1.4688351602533614,-0.7199116876691746,0.472917076781946,-0.5608471207842973,-1.0179087020619884,0.7360281980280761,0.7519739554357215,0.17744913279701416,-1.1413121857803101
1.1476842691383131,0.8564132667564366,1.7441082362036069,2.8098635056403816,-0.13104620181000085,0.2271717167852447,2.2781162727740143,2.0780691479807767,-1.5395566243489673,1.925651700352779,-1.3096719965588919
-0.7619968799255871,2.602392717065025,-2.1524401382229295,-0.6537284027946203,0.08857680858707076,-1.3488659583538394,-1.775818188254224,0.7090525005415618,2.2383721693501126,0.5136419342500456,-0.4678729426659801
-0.532835142037919,0.7972275226781793,-2.0157191426290155,-0.9184615422928369,-0.3781220885067064,0.11459759713245299,-0.25999921586975244,-0.7678669368435981,-0.5486244817393715,-0.4276979098184437,-0.6362327534445619
0.001875579699973319,1.832978044047681,-1.9473586448320592,-0.7199116876691746,0.5827285819804818,-1.2925788985274433,-1.7934439902586947,0.4494114122341425,0.6900406965226205,-0.9656063921432944,-0.8887724696124361
-0.4564478960753633,0.0869985937390925,-0.5117881910959666,-0.9184615422928369,-0.515386470004876,-0.8422824199162766,-0.7358958699904586,-1.3073808865733596,0.008774848478524704,-0.9656063921432944,0.37392611122693176
1.2240715151008703,1.5666421956955234,-1.1953931690655344,-0.5875451179200661,0.28074694268450856,-1.123717719048256,-1.2646699301245767,0.7967235173726583,-0.23895818717387424,0.3791648136688327,-0.8887724696124361
-0.22728615818769465,0.20537008189560707,-0.44342769329900983,1.0449759089856037,-0.46048071740560814,-0.11055064217313045,1.3615745685415428,0.8641627610888691,0.318441143044022,0.5136419342500456,-1.1413121857803101
1.6823949908762061,2.010535276282453,-0.375067195502053,-0.5875451179200661,0.6925400871790177,-0.3919859413051097,0.515536072326954,1.1002001140956446,0.318441143044022,0.11021057250640773,-0.9729523750017269
1.6060077449136505,-0.09055863849567904,0.9237822626401259,-0.7860949725437287,0.006218179688169026,-0.6171341806106931,-1.3527989401469296,0.1493067776969518,-0.3008914460869726,2.396321622387024,0.45810601661622263
-0.30367340415025107,-0.9783447996695377,0.4452587780614284,-0.8081560675019134,-0.515386470004876,0.28345877661164054,-0.048489591816105244,-0.9229771973909054,0.566174178696421,0.3791648136688327,0.5422859220055135
0.30742456355019704,-1.0967162878260521,0.855421764843169,-0.8081560675019134,-0.3781220885067064,-0.27941182165231804,-0.08374119582504645,-0.4509024913773921,-0.7344242584786721,1.4549817783185348,-0.21533322649810593
-0.22728615818769465,-0.5048588470434797,-0.3067066977050961,-0.1904454086727411,-0.7075566041023137,-0.5608471207842973,-0.5948894539546938,-1.2298257562996873,-0.672490999565571,-0.9656063921432944,0.7948256381733877
1.300458761063426,0.20537008189560707,0.581979773655342,-0.6316673078364355,0.30819981898414256,-1.011143599395464,-1.5114311581871651,0.10884323146721782,0.2565078841309237,1.4549817783185348,1.7208045974555906
-0.6856096339630313,-0.6232303351999943,-0.16998570211118283,-0.764033877585544,-0.13104620181000085,1.0151905543547868,1.255819756514719,-0.38346324766118123,-0.11509166934767477,-0.2259822289466244,-0.9729523750017269
0.1546500716250855,-0.9783447996695377,-0.10162520431422599,1.1773424787347118,-0.3232163359074385,0.7900423150492033,1.0619359344655426,0.695564651798342,-0.7344242584786721,0.24468769308761984,-0.7204126588338543
1.2240715151008703,-0.2089301266521936,0.581979773655342,-0.49930073808732733,1.4337677472691344,-1.2925788985274433,-1.7229407822408123,0.5404543912510346,0.5042409197833226,1.7239360194809605,1.0473653543412618
0.1546500716250855,-0.2089301266521936,-0.375067195502053,0.7802427694873867,-0.24085770700853654,0.9589034945283909,1.6259615986086018,0.6281254080820937,0.19457462521782254,-1.1673220730151137,-1.225492091169601
-0.22728615818769465,-0.9783447996695377,0.3085377824675147,-0.8302171624600981,-0.570292222604144,0.5648940757436198,0.05726522021071835,-0.38346324766118123,0.2565078841309237,2.799752984130662,-0.8887724696124361
-0.07451166626258313,-0.564044591121737,0.5136192758583852,-0.6537284027946203,-0.570292222604144,0.002023477479661268,0.18064583424201255,-1.260173415971997,0.318441143044022,-0.6966521509808691,1.3840849758984255
-0.532835142037919,1.0931562430694657,-1.7422771514411886,-0.6757894977528051,0.17093543748597267,-0.05426358234673459,-1.2294183261156355,0.1189591180246794,0.9377737321750194,1.9928902606433856,-0.21533322649810593
0.1546500716250855,-0.9191590555912804,-0.10162520431422599,-0.8081560675019134,0.006218179688169026,0.17088465695884883,0.3745296562911892,-0.5183417350936029,-0.672490999565571,-0.2259822289466244,-0.8045925642231452
-0.6092223880004748,1.3298992193824941,-1.3321141646594479,-0.6096062128782509,1.7357493865651077,-0.27941182165231804,-1.3704247421514002,0.22011798359899568,1.4951730623929185,1.186027537156109,0.6264658273948059
0.46019905547530926,-0.44567310296522245,1.8124687340005636,1.3538312384001894,-0.570292222604144,0.7900423150492033,0.8328005084074248,1.066480492237539,-1.0440905530441695,-0.8311292715620819,-1.3938519019481828
0.6129735474004214,-0.6824160792782514,0.9921427604370827,-0.7860949725437287,-0.7350094804019477,0.002023477479661268,0.19827163624648314,-1.2938930378301026,0.008774848478524704,-0.4276979098184437,1.6366246920662995
-0.22728615818769465,-0.800787567434766,0.10345628907664453,-0.8081560675019134,-0.021234696611464945,0.28345877661164054,0.39215545829565973,-0.2485847602287221,2.4861052050025116,1.656697459190354,-0.21533322649810593
0.8421352852880901,-0.44567310296522245,0.5136192758583852,-0.5875451179200661,0.033671055987803,-0.7859953600898807,-0.11899279983398765,0.3246488113591449,0.318441143044022,0.3791648136688327,-0.21533322649810593
0.07826282566252908,1.4482707075390087,-0.375067195502053,0.47138744007280065,0.3631055715834105,0.28345877661164054,0.12776842822860077,1.2013589796699609,0.875840473261921,-0.29322078923723083,-0.9729523750017269
-0.30367340415025107,-1.0375305437477949,0.24017728467055785,-0.7199116876691746,-0.46048071740560814,-0.05426358234673459,-0.5243862459368115,-1.661436916083504,-1.9730894367406642,0.24468769308761984,1.2157251651198437
-0.22728615818769465,-1.2742735200608237,-0.2383461999081393,1.817114232522069,-0.1859519544092686,0.9589034945283909,0.32165225027777733,0.6787048408692893,0.6900406965226205,-0.7638907112714755,-0.3836930372766892
-0.532835142037919,-0.6232303351999943,0.0350957912796877,0.5596318199055395,-0.515386470004876,1.0151905543547868,1.57308419259519,0.4258076769334612,1.371306544566719,0.042972012215801304,-0.7204126588338543
0.6129735474004214,-0.3864873588869651,0.0350957912796877,0.5596318199055395,-0.3232163359074385,1.7469223320979328,1.5907099945996606,0.30104507605846365,-0.7963575173917705,0.11021057250640773,-0.3836930372766892
0.9949097772132016,-0.9783447996695377,1.3339452494218664,-0.7309422351482668,0.39055844788304406,0.8463293748755991,-0.45388303791892903,0.23697779452804837,0.628107437609522,1.5222203386091413,1.0473653543412618
-0.15089891222513888,-0.9783447996695377,0.37689828026447153,-0.7860949725437287,-0.3781220885067064,-0.7859953600898807,-0.17187020584739945,-0.8015865587017035,-0.3008914460869726,-0.2259822289466244,0.20556630044835
0.9949097772132016,-1.0375305437477949,-0.03326470651726914,-0.8964004473346523,-0.8997267381997514,-0.9548565395690684,-0.40100563190551725,-0.5183417350936029,-2.716288543697861,-1.1000835127245072,-0.3836930372766892
-0.8383841258881435,-1.1559020319043094,-0.16998570211118283,0.2507764904909534,-0.2957634596078045,0.508607015917224,0.6565424883627188,0.05826379868005969,2.3003054282632136,-0.6294135906902626,0.037206489669766724
0.30742456355019704,0.3829273141303786,0.10345628907664453,-0.5654840229618815,0.5827285819804818,-1.3488659583538394,-1.599560168209518,0.39208805507535577,0.4423076608702215,0.31192625337822627,0.5422859220055135
0.30742456355019704,1.152341987147723,-1.2637536668624911,-0.5654840229618815,1.104333231673527,-0.33569888147871385,-0.8416506820172822,1.1170599250246973,0.9997069910881204,0.5136419342500456,-0.9729523750017269
-0.532835142037919,-0.6232303351999943,-0.2383461999081393,-0.8743393523764675,-0.6251979752034118,-0.22312476182592217,-0.5420120479412821,-1.7727116682152444,0.13264136630472417,-1.3690377538869325,1.4682648812877177
-0.4564478960753633,-0.9191590555912804,0.10345628907664453,-0.7199116876691746,-0.5977450989037778,0.6774681953964116,0.6036650823493069,-0.8690258024179518,-0.4866912228262732,-1.1673220730151137,-0.2995131318873983
-1.6786438314762595,1.2115277312259802,-1.1953931690655344,0.7140594846128328,-0.6801037278026797,0.28345877661164054,0.8856779144208365,-0.9229771973909054,1.866772615871514,-0.158743668656018,1.6366246920662995
-0.30367340415025107,-0.800787567434766,0.3085377824675147,2.876046790514936,-0.2957634596078045,0.11459759713245299,0.33927805228224794,1.8420317949740388,0.2565078841309237,-0.36045934952783726,-1.4780318073374736
-0.8383841258881435,-0.5344517190826084,0.855421764843169,1.5965032829402217,-0.3232163359074385,1.296625853486766,1.4673293805683663,0.7292842736564474,0.07070810739162582,0.042972012215801304,-0.8887724696124361
5.425370043041452,-0.2089301266521936,2.906236698751872,-0.7199116876691746,0.5003699530815799,-1.3488659583538394,-1.7405665842452829,2.111788769838882,-2.2827557313061644,1.7239360194809605,-1.8147514288946387
0.07826282566252908,-0.5048588470434797,0.10345628907664453,2.820894053119474,-0.21340483070890257,0.6493246654832137,1.4320777765594253,1.8420317949740388,-1.0440905530441695,-0.6294135906902626,-1.225492091169601
-0.30367340415025107,-0.9191590555912804,0.0350957912796877,0.43829579763552345,-1.036991119697921,1.3529129133131619,1.308697162528131,-0.3497436258030384,0.13264136630472417,-1.1000835127245072,0.45810601661622263
0.6129735474004214,1.0339704989912084,-1.9473586448320592,-0.7419727826273592,0.3631055715834105,-1.123717719048256,-1.3880505441558708,0.40894786600440847,0.6900406965226205,0.24468769308761984,-0.4678729426659801
-0.3800606501128069,-0.800787567434766,0.3085377824675147,0.7692122220082945,-1.009538243398287,-0.5608471207842973,-0.48913464192787026,-1.037623911708479,-0.23895818717387424,-2.108661917083603,2.3942438405699207
-0.30367340415025107,-0.3273016148087082,1.197224253827953,-0.8081560675019134,2.3397126651570543,1.24033879366037,0.6036650823493069,-0.28230438208682757,-0.92022403521797,-0.29322078923723083,-1.3096719965588919
-0.30367340415025107,-0.031372894417421755,2.906236698751872,-0.49930073808732733,0.8572573449768213,-0.3919859413051097,1.255819756514719,-0.5857809788098138,1.7429060980453146,1.1187889768655026,1.2157251651198437
0.46019905547530926,1.0339704989912084,-0.44342769329900983,-0.6978505927109898,0.6650872108793838,-0.8985694797426724,-1.335173138142459,1.3025178452442772,1.2474400267405195,0.7825961754124713,-1.3096719965588919
-0.30367340415025107,0.14618433781734977,2.427713214173175,-0.7860949725437287,3.2456575830449745,-0.7859953600898807,-0.27762501787422306,-0.7071716174990158,-1.0440905530441695,0.17744913279701416,-0.21533322649810593
-0.6092223880004748,-0.6824160792782514,-0.3067066977050961,-0.6537284027946203,-0.4055749648063402,0.28345877661164054,-0.24237341386528186,-1.2129659453706345,-1.22989032978347,0.6481190548312584,0.2897462058376409
-1.2203203557009237,-0.7120089513173801,-0.5117881910959666,1.0449759089856037,-0.07614044921073289,1.6343482124451412,0.46265866631354213,0.3077890004300548,-0.36282470500007374,-0.9656063921432944,-0.2995131318873983
-0.15089891222513888,-0.6232303351999943,0.24017728467055785,-0.8964004473346523,-0.6801037278026797,0.6774681953964116,-0.17187020584739945,-1.570393937066612,-0.42475796391317205,-1.1000835127245072,0.9631854489519694
1.4532332529885377,-0.800787567434766,0.37689828026447153,-0.764033877585544,0.28074694268450856,-1.3488659583538394,-1.828695594267636,0.3313927357307361,0.008774848478524704,0.31192625337822627,0.45810601661622263
-0.9147713718506992,0.3237415700521216,-0.10162520431422599,-0.764033877585544,-0.26831058330817054,0.002023477479661268,0.05726522021071835,-0.48462211323549753,-0.36282470500007374,-0.36045934952783726,-0.3836930372766892
-0.9147713718506992,-0.7416018233565087,-0.5801486888929233,-0.01395664900726334,-0.3232163359074385,-1.123717719048256,0.14539423023307135,-0.649848260340229,-1.7872896600013664,0.6481190548312584,-0.4678729426659801
-0.15089891222513888,1.2707134753042375,-0.9903116756746639,-0.7419727826273592,0.22584119008524062,-0.8422824199162766,-1.5819343662050473,0.20325817266994295,1.3093732856536178,0.9843118562842905,-0.004883463024877976
1.2240715151008703,0.4421130582086359,-0.716869684486837,-0.5654840229618815,0.9670688501753572,0.17088465695884883,-0.45388303791892903,1.2451944880854904,-0.23895818717387424,-0.09150510836541155,-1.1413121857803101
2.4462674505017667,0.20537008189560707,0.9921427604370827,-0.6537284027946203,1.2965033657709644,-1.3488659583538394,-1.828695594267636,0.7090525005415618,-0.672490999565571,0.7825961754124713,1.0473653543412618
-0.532835142037919,-0.3864873588869651,0.17181678687360138,-0.32281197842184944,-0.46048071740560814,-0.05426358234673459,0.12776842822860077,-1.1556425882118477,0.318441143044022,-0.36045934952783726,1.2999050705091346
-0.6092223880004748,-0.8599733115130231,0.0350957912796877,-0.43311745321277306,-0.43302784110597414,-0.6734212404370891,0.21589743825095375,-1.0578556848233647,1.2474400267405195,-0.7638907112714755,1.2157251651198437
-0.7619968799255871,-0.2681158707304509,0.0350957912796877,-0.8522782574182828,-0.13104620181000085,0.11459759713245299,1.255819756514719,-0.6329884494111764,0.318441143044022,-0.6294135906902626,-0.3836930372766892
0.001875579699973319,-0.8599733115130231,-0.10162520431422599,-0.6757894977528051,-0.4879335937052421,0.7337552552228074,1.308697162528131,-1.1590145503976808,0.4423076608702215,-0.8311292715620819,1.2157251651198437
0.30742456355019704,-0.800787567434766,1.9491897295944773,-0.6537284027946203,-0.2957634596078045,0.9589034945283909,0.9033037164253072,-0.31602400394493296,-1.1060238119572705,0.042972012215801304,-0.3836930372766892
-0.991158617813255,-0.6824160792782514,-0.5117881910959666,-0.2786897885054801,-0.515386470004876,1.7469223320979328,0.6741682903671894,-1.0612276470091602,0.5042409197833226,-0.2259822289466244,0.6264658273948059
0.1546500716250855,-0.8599733115130231,0.7870612670462122,0.6037540098219089,-0.3232163359074385,-0.1668377019995263,0.69179409237166,0.6281254080820937,-0.23895818717387424,0.11021057250640773,-1.3096719965588919
-0.4564478960753633,-0.6824160792782514,-0.10162520431422599,-0.10220102884000232,0.08857680858707076,-0.05426358234673459,0.7094198943761305,-1.051111760451736,0.008774848478524704,-0.29322078923723083,1.3840849758984255
-0.991158617813255,-0.9191590555912804,-0.716869684486837,-0.7419727826273592,-0.3232163359074385,1.5217740927923493,0.3745296562911892,-0.38009128547534826,0.566174178696421,-0.6294135906902626,-0.8887724696124361
-0.15089891222513888,-0.44567310296522245,2.906236698751872,-0.7860949725437287,-0.570292222604144,-0.1668377019995263,0.14539423023307135,-0.6532202225260246,0.7519739554357215,-0.36045934952783726,0.5422859220055135
0.2310373175876413,-0.9783447996695377,-0.03326470651726914,0.3169597753655075,-0.7624623567015816,1.296625853486766,0.8151747064029542,-0.599268827553071,-1.22989032978347,-1.0328449524339007,0.2897462058376409
-0.6092223880004748,-0.3273016148087082,0.855421764843169,-0.32281197842184944,3.9319794905358236,2.534941169667475,1.1853165484968367,-0.11370627279630043,-1.2918235886965683,-0.8311292715620819,-1.225492091169601
-0.4564478960753633,-0.564044591121737,0.24017728467055785,-0.4772396431291426,-0.6251979752034118,0.45231995609082815,0.12776842822860077,-1.502954693350401,-0.23895818717387424,-0.898367831852688,1.8891644082341736
-0.7619968799255871,-0.6824160792782514,-0.5801486888929233,-0.8522782574182828,-1.064443995997555,-0.6734212404370891,0.25114904225989493,-0.929721121762534,-1.1060238119572705,-1.7052305553399643,0.037206489669766724
0.46019905547530926,1.4482707075390087,0.10345628907664453,-0.6757894977528051,0.472917076781946,-0.33569888147871385,0.11014262622413015,0.7630038955145528,0.13264136630472417,0.042972012215801304,-0.9729523750017269
2.751816434351991,-0.5048588470434797,0.9237822626401259,-0.3889952632964037,0.08857680858707076,-0.5608471207842973,-1.1412893160932824,0.8978823829469745,-0.6105577406524727,0.042972012215801304,-0.8045925642231452
-0.532835142037919,-0.6824160792782514,0.4452587780614284,-0.8302171624600981,-0.6801037278026797,-0.05426358234673459,-0.030863789811634647,-0.5250856594652316,0.38037440195712313,0.042972012215801304,-0.7204126588338543
0.001875579699973319,2.010535276282453,-0.716869684486837,0.9787926241110493,0.3631055715834105,0.17088465695884883,1.0266843304566013,0.8641627610888691,-1.4156901065227678,0.11021057250640773,-1.225492091169601
0.07826282566252908,0.9747847549129511,-0.16998570211118283,1.3758923333583744,-0.6251979752034118,1.7469223320979328,1.9432260346890726,0.773119782071977,-0.5486244817393715,0.17744913279701416,-0.8887724696124361
-0.6092223880004748,-0.6232303351999943,-0.16998570211118283,-0.8964004473346523,-0.515386470004876,-0.6734212404370891,0.14539423023307135,-1.3276126596882079,0.4423076608702215,-0.7638907112714755,0.7948256381733877
-0.22728615818769465,1.685013683852038,-2.0840796404259723,-0.5875451179200661,0.5278228293812139,-0.8985694797426724,-1.3175473361379884,0.2302338701564198,0.6900406965226205,-0.024266548074805126,0.20556630044835
0.3838118095127535,-0.2089301266521936,-0.5801486888929233,-0.6757894977528051,0.3356526952837765,-0.05426358234673459,0.35690385428671856,-0.24184083585709354,-0.7344242584786721,0.5808804945406519,-0.6362327534445619
-0.30367340415025107,-0.9783447996695377,-0.10162520431422599,1.7068087577311453,0.1434825611863387,-0.6171341806106931,1.0090585284521307,1.1946150552983321,-1.4156901065227678,-0.09150510836541155,-1.3096719965588919
0.46019905547530926,-0.6232303351999943,0.4452587780614284,-0.6537284027946203,0.033671055987803,-0.8985694797426724,0.9385553204342484,-0.1811455165125113,-0.11509166934767477,0.11021057250640773,-0.552052848055271
-0.6092223880004748,-0.14974438257393632,-0.44342769329900983,-0.01395664900726334,-0.04868757291109892,-0.11055064217313045,0.42740706230460096,-0.9533248570632153,0.2565078841309237,-0.2259822289466244,1.5524447866770086
1.300458761063426,0.7972275226781793,-0.5117881910959666,-0.4882701906082349,1.021974602774625,0.28345877661164054,-0.13661860183845825,1.2350786015280661,-0.7963575173917705,-0.024266548074805126,-1.1413121857803101
0.001875579699973319,1.6258279397737807,-2.0840796404259723,-0.6096062128782509,0.22584119008524062,-1.2362918387010475,-1.1941667221066943,-0.4104389451476581,0.566174178696421,-0.158743668656018,1.0473653543412618
-0.532835142037919,0.5012988022868932,-0.03326470651726914,-0.32281197842184944,-0.2957634596078045,-0.6171341806106931,0.515536072326954,-1.4557472227490384,-0.4866912228262732,-1.3017991935963262,1.2157251651198437
0.46019905547530926,0.9155990108346939,-1.5371956580503183,-0.6316673078364355,1.5984850050669381,-1.123717719048256,-1.2646699301245767,0.8641627610888691,-0.3008914460869726,0.5808804945406519,-0.8887724696124361
0.001875579699973319,1.6258279397737807,-1.7422771514411886,-0.521361833045512,0.5552757056808479,-0.8422824199162766,-0.5067604439323409,0.9855533997780711,1.7429060980453146,0.042972012215801304,-0.8887724696124361
-0.4564478960753633,-0.5048588470434797,-0.6485091866898801,2.8870773379940275,-0.1859519544092686,-0.3919859413051097,0.4450328643090716,1.518323425136204,-1.0440905530441695,-0.2259822289466244,-1.1413121857803101
2.0643312206889863,1.3298992193824941,-0.44342769329900983,-0.6757894977528051,1.2965033657709644,-1.011143599395464,-0.4362572359144585,0.5944057862239883,-1.1679570708703688,2.4635601826776306,-0.3836930372766892
0.3838118095127535,-0.9783447996695377,0.17181678687360138,-0.521361833045512,0.2532940663848746,-0.8422824199162766,-0.982657098053047,0.054891836494264115,0.875840473261921,1.656697459190354,1.0473653543412618
1.9115567287638735,1.8625709160868098,0.17181678687360138,-0.5434229280036967,1.021974602774625,-1.011143599395464,-0.45388303791892903,1.1541515090685983,0.19457462521782254,0.8498347357030777,-0.3836930372766892
-0.9147713718506992,0.9747847549129511,-2.1524401382229295,-0.6537284027946203,0.19838831378560665,0.5648940757436198,-1.0531603060709294,0.15605070206858038,1.928705874784615,2.6652758635494496,0.12138639505905761
0.30742456355019704,-0.8599733115130231,2.496073711970132,1.72886985268933,-0.4055749648063402,1.4654870329659535,0.8151747064029542,1.30588980743011,-1.1060238119572705,-0.8311292715620819,-1.562211712726766
0.5365863014378657,-0.2681158707304509,-0.3067066977050961,0.758181674529202,-0.570292222604144,-0.5608471207842973,-0.030863789811634647,-0.2148651383706167,-1.6634231421751668,-0.49493647010904973,0.9631854489519694
2.140718466651542,0.8564132667564366,-0.7852301822837936,1.30970904848382,0.39055844788304406,-0.9548565395690684,-1.1236635140888118,2.347826122845695,-0.42475796391317205,1.0515504165748963,-1.1413121857803101
-0.22728615818769465,-0.6824160792782514,0.17181678687360138,-0.521361833045512,-0.6801037278026797,-0.33569888147871385,0.12776842822860077,-1.4624911471206672,-0.5486244817393715,-1.0328449524339007,1.5524447866770086
0.46019905547530926,-0.6232303351999943,0.0350957912796877,1.5744421879820367,-0.07614044921073289,0.6774681953964116,0.42740706230460096,1.3025178452442772,-1.3537568476096695,0.042972012215801304,-1.4780318073374736
0.9185225312506459,1.3890849634607514,-0.3067066977050961,1.5634116405029446,-0.6526508515030457,0.3960328962644323,0.03963941820624775,0.4595272987915666,-1.4776233654358661,-0.9656063921432944,0.20556630044835
-0.7619968799255871,0.5604845463651504,-0.9219511778777073,0.5816929148637242,1.076880355373893,-0.11055064217313045,1.6964648066264842,1.0698524544233348,2.0525723926108146,1.2532660974467156,-1.1413121857803101
0.1546500716250855,-0.9783447996695377,-0.3067066977050961,-0.8302171624600981,-0.24085770700853654,-0.22312476182592217,-0.15424440384292884,-0.1811455165125113,1.8048393569584158,0.8498347357030777,0.037206489669766724
-0.3800606501128069,-0.14974438257393632,0.855421764843169,-0.5875451179200661,0.11602968488670473,-0.33569888147871385,-1.4056763461603414,0.10209930709558925,0.38037440195712313,1.791174579771567,0.8790055435626786
-0.15089891222513888,-0.2681158707304509,-0.2383461999081393,-0.6316673078364355,-0.4055749648063402,-0.5045600609579014,1.1148133404789544,-0.970184667992268,-0.17702492826077312,0.24468769308761984,0.7106457327840968
-0.7619968799255871,-0.031372894417421755,-0.16998570211118283,0.5596318199055395,-0.26831058330817054,0.8463293748755991,2.0842324507248375,0.3246488113591449,0.7519739554357215,0.5808804945406519,-0.4678729426659801
-0.30367340415025107,2.7799499492997963,-2.1524401382229295,-0.8522782574182828,5.771322202611298,-0.7859953600898807,-1.4938053561826945,0.05826379868005969,0.566174178696421,-0.158743668656018,-0.6362327534445619
1.2240715151008703,0.678856034521665,0.9237822626401259,-0.5434229280036967,0.22584119008524062,-1.2925788985274433,-1.687689178231871,0.054891836494264115,0.566174178696421,1.7239360194809605,2.8993232729056673
-0.15089891222513888,-1.0967162878260521,0.0350957912796877,0.7140594846128328,-0.3232163359074385,0.45231995609082815,0.21589743825095375,0.4258076769334612,-0.11509166934767477,-1.3017991935963262,-1.1413121857803101
0.001875579699973319,-1.0375305437477949,0.37689828026447153,0.4052041551982465,0.06112393228743678,0.9589034945283909,0.25114904225989493,-0.4441585670057635,-0.92022403521797,-0.49493647010904973,0.37392611122693176
-0.6856096339630313,-0.7416018233565087,-0.10162520431422599,-0.6757894977528051,-0.1859519544092686,-0.3919859413051097,0.11014262622413015,-0.8420501049314375,0.07070810739162582,-0.4276979098184437,-0.13115332110881506
-0.9147713718506992,-0.6232303351999943,0.6503402714522984,-0.8302171624600981,-0.570292222604144,0.6774681953964116,0.07489102221518895,-1.4692350714922957,-1.1679570708703688,0.7153576151218648,0.9912454146090709
0.3838118095127535,-0.2681158707304509,0.17181678687360138,-0.8522782574182828,-0.24085770700853654,-1.461440078006631,0.09251682421965955,-1.24668556722874,-0.3008914460869726,-1.3017991935963262,1.2999050705091346
0.5365863014378657,-0.8599733115130231,1.197224253827953,-0.764033877585544,-0.10359332551036686,-0.8422824199162766,0.5331618743314246,-0.5183417350936029,-0.42475796391317205,-0.4276979098184437,-0.04697341571952417
-0.532835142037919,-0.14974438257393632,-0.5801486888929233,0.758181674529202,-0.15849907810963482,-0.5608471207842973,0.42740706230460096,-0.07998665093819501,-1.22989032978347,-0.7638907112714755,0.12138639505905761
-1.3730948476260352,0.17577720985647843,0.581979773655342,-0.3889952632964037,-0.07614044921073289,-0.05426358234673459,0.5860392803448363,0.09535538272399811,1.1855067678274183,-0.09150510836541155,-1.225492091169601
-1.1439331097383671,-0.7416018233565087,-0.2383461999081393,-0.8302171624600981,-0.8173681093008495,-0.22312476182592217,-0.22474761186081124,-1.7052724244990336,0.7519739554357215,-1.0328449524339007,1.6366246920662995
-0.532835142037919,-0.5048588470434797,-0.03326470651726914,-0.32281197842184944,-0.7350094804019477,0.3397458364380364,-0.38337982990104663,-1.4422593740057814,-0.05315841043457366,0.5808804945406519,1.7208045974555906
0.9949097772132016,1.4186778354998801,-0.9219511778777073,-0.6537284027946203,0.5827285819804818,-1.4051530181802352,-1.4761795541782239,0.7292842736564474,-0.17702492826077312,-0.36045934952783726,-0.6362327534445619
0.30742456355019704,-0.2681158707304509,-0.3067066977050961,1.221464668651081,-0.4879335937052421,0.05831053730605713,0.09251682421965955,1.2182187905990136,0.2565078841309237,-1.570753434758752,-1.057132280391018
-0.6092223880004748,-0.3273016148087082,-0.5117881910959666,-0.41105635825458836,-0.54283934630451,0.05831053730605713,-0.33050242388763484,-1.7255041976139194,-2.0350226956537654,0.8498347357030777,1.7208045974555906
-0.4564478960753633,-0.7416018233565087,-0.5801486888929233,2.6995580308494582,-0.26831058330817054,0.3960328962644323,0.07489102221518895,1.5250673495077953,-0.92022403521797,-0.49493647010904973,-1.4780318073374736
1.2240715151008703,1.5666421956955234,-0.10162520431422599,-0.49930073808732733,0.8572573449768213,-0.7297083002634849,-1.1941667221066943,1.0327608703794338,0.19457462521782254,-0.158743668656018,-1.057132280391018
-0.7619968799255871,0.027812849660835207,-0.16998570211118283,0.4934485350309853,-0.3506692122070724,1.4654870329659535,2.295742074778485,0.35836843321725037,0.81390721434882,0.11021057250640773,-0.4678729426659801
0.8421352852880901,-0.800787567434766,0.581979773655342,-0.764033877585544,-0.6801037278026797,0.28345877661164054,-0.06611539382057585,-1.2938930378301026,-1.2918235886965683,0.44640337395943913,1.9733443136234645
-0.30367340415025107,-0.7416018233565087,0.24017728467055785,0.09634882578366027,-0.3781220885067064,-0.5045600609579014,0.0043878141973065525,-0.2485847602287221,0.4423076608702215,-0.024266548074805126,0.12138639505905761
-1.2203203557009237,-0.800787567434766,-0.5117881910959666,-0.1463232187563716,-0.8173681093008495,0.3960328962644323,0.6389166863582482,-1.1927341722557863,0.4423076608702215,-1.5035148744681455,0.7948256381733877
0.07826282566252908,-0.8599733115130231,-0.375067195502053,-0.764033877585544,-0.46048071740560814,0.3397458364380364,0.16302003223754197,-0.727403390613864,0.6900406965226205,-0.6294135906902626,0.20556630044835
0.1546500716250855,0.8564132667564366,-0.5117881910959666,2.2142139417693936,-0.7350094804019477,0.2271717167852447,0.69179409237166,0.25720956764289665,-0.6105577406524727,-0.158743668656018,1.2157251651198437
3.133752664164771,0.0869985937390925,2.3593527163762182,-0.5875451179200661,1.8181080154640095,-1.5177271378330268,-1.863947198276577,0.6348693324537223,-0.17702492826077312,-0.024266548074805126,1.1315452597305526
-1.0675458637758115,-0.9191590555912804,1.197224253827953,-0.03601774396544798,-0.46048071740560814,0.7900423150492033,0.07489102221518895,-0.3497436258030384,0.6900406965226205,-1.0328449524339007,-0.8887724696124361
-0.15089891222513888,0.20537008189560707,1.197224253827953,-0.5654840229618815,1.104333231673527,0.17088465695884883,-0.5067604439323409,0.5606861643658829,0.9997069910881204,1.5894588988997476,0.7106457327840968
0.1546500716250855,-0.09055863849567904,0.855421764843169,0.5596318199055395,-0.1859519544092686,0.5648940757436198,1.9961034407024845,0.7596319333287198,-0.672490999565571,-0.09150510836541155,-1.3096719965588919
0.765748039325533,3.371807390082369,-0.3067066977050961,-0.6537284027946203,0.8572573449768213,-1.2925788985274433,-1.599560168209518,0.5606861643658829,0.19457462521782254,-0.4276979098184437,-0.4678729426659801
0.07826282566252908,-1.0375305437477949,-0.5801486888929233,0.27283758544913805,-0.15849907810963482,0.28345877661164054,2.225238866760602,0.5944057862239883,0.81390721434882,0.042972012215801304,-0.4678729426659801
-1.2203203557009237,0.027812849660835207,0.581979773655342,0.27283758544913805,-0.9546324907990192,-0.3919859413051097,1.0619359344655426,-0.7880987099584837,1.928705874784615,-0.2259822289466244,0.8790055435626786
2.0643312206889863,0.027812849660835207,1.6073872406096938,-0.6537284027946203,0.1434825611863387,-1.4051530181802352,-1.7581923862497535,0.8641627610888691,0.19457462521782254,1.7239360194809605,0.037206489669766724
-0.30367340415025107,-0.564044591121737,0.17181678687360138,-0.08013993388181748,-0.7075566041023137,0.2271717167852447,0.35690385428671856,-0.6195006006679192,-0.11509166934767477,-1.0328449524339007,0.037206489669766724
2.6754291883894337,0.678856034521665,0.5136192758583852,-0.6757894977528051,0.11602968488670473,-1.2925788985274433,-1.7405665842452829,1.2013589796699609,-0.3008914460869726,0.5808804945406519,-0.8887724696124361
-1.0675458637758115,-0.6232303351999943,-0.2383461999081393,-0.8081560675019134,-0.515386470004876,0.5648940757436198,-0.6653926619725763,-2.5044274625362144,-0.7963575173917705,-1.6379919950493582,2.8151433675163764
0.2310373175876413,1.8033851720085525,-0.9219511778777073,0.42726525015643113,0.8572573449768213,-0.1668377019995263,-0.34812822589210546,1.5554150091801051,0.9377737321750194,1.5894588988997476,-0.9729523750017269
-1.5258693395511473,0.0869985937390925,-2.0157191426290155,-0.764033877585544,-0.7075566041023137,-0.33569888147871385,-0.17187020584739945,-1.6648088782692996,1.3093732856536178,-1.2345606333057202,1.3840849758984255
1.1476842691383131,2.5727998450258966,1.3339452494218664,-0.7419727826273592,9.834347894957121,-1.011143599395464,-0.8416506820172822,0.570802050923307,-1.4156901065227678,4.279001310524002,-1.1413121857803101
1.9879439747264307,-0.564044591121737,1.197224253827953,-0.521361833045512,0.8572573449768213,-0.8422824199162766,-1.423302148164812,1.2350786015280661,1.1855067678274183,2.4635601826776306,-0.4678729426659801
0.46019905547530926,-0.3864873588869651,0.17181678687360138,-0.764033877585544,-0.7899152330012155,0.11459759713245299,0.07489102221518895,-1.4962107689787725,-1.4156901065227678,-1.0328449524339007,1.2999050705091346
-0.30367340415025107,1.5074564516172662,-0.9219511778777073,-0.6978505927109898,0.6101814582801158,-0.6734212404370891,-0.48913464192787026,0.7630038955145528,2.2383721693501126,0.24468769308761984,-1.057132280391018
-0.07451166626258313,1.0339704989912084,-1.9473586448320592,-0.5434229280036967,0.5278228293812139,-0.5045600609579014,-0.38337982990104663,0.9821814375922381,1.6809728391322163,0.44640337395943913,-0.6362327534445619
0.9185225312506459,-0.3273016148087082,0.581979773655342,-0.7419727826273592,0.28074694268450856,-1.2362918387010475,-1.6524375742229298,0.5033628072070961,0.9997069910881204,0.44640337395943913,-0.04697341571952417
0.1546500716250855,1.7441994279302953,-0.9903116756746639,0.07428773082547563,3.0534874489475374,1.24033879366037,-0.27762501787422306,0.9518337779199657,0.318441143044022,-0.2259822289466244,-0.8887724696124361
0.5365863014378657,0.9747847549129511,-0.44342769329900983,-0.4772396431291426,0.5552757056808479,-0.5045600609579014,-1.211792524111165,0.9653216266631854,1.619039580219118,2.866991544421268,1.2999050705091346
-0.6092223880004748,1.4778635795781374,-1.1953931690655344,0.030165540909106146,0.033671055987803,-0.8422824199162766,-0.29525081987869367,0.1897703239266858,0.9377737321750194,-1.1673220730151137,-1.3096719965588919
0.07826282566252908,0.26455582597386434,-0.03326470651726914,-0.5875451179200661,0.472917076781946,-1.1800047788746517,-1.1941667221066943,0.5606861643658829,1.12357350891432,0.042972012215801304,-0.9729523750017269
2.599041942426878,0.0869985937390925,1.8808292317975204,-0.6316673078364355,2.614241428153394,-1.3488659583538394,-1.687689178231871,1.3699570889605253,-1.1679570708703688,3.472138587036726,-0.9729523750017269
-1.2203203557009237,-1.333459264139081,0.10345628907664453,-0.4772396431291426,-0.3506692122070724,-0.5045600609579014,-0.718270067985988,-1.8806144581612267,-0.36282470500007374,-1.436276314177539,1.9733443136234645
0.6129735474004214,-0.9191590555912804,0.3085377824675147,-0.7199116876691746,-0.1859519544092686,-0.7859953600898807,-0.5243862459368115,-0.31602400394493296,-0.4866912228262732,-0.5621750303996562,-0.6362327534445619
0.6129735474004214,-0.9783447996695377,1.197224253827953,-0.7199116876691746,0.11602968488670473,-1.123717719048256,0.5507876763358952,-0.11370627279630043,0.008774848478524704,-0.36045934952783726,-0.4678729426659801
-0.991158617813255,-0.5048588470434797,0.581979773655342,-0.8302171624600981,-0.26831058330817054,-1.011143599395464,0.4450328643090716,-0.012547407221946727,1.371306544566719,-0.024266548074805126,-0.13115332110881506
-0.6856096339630313,0.738041778599922,-2.1524401382229295,-0.8081560675019134,-0.04868757291109892,-0.1668377019995263,-1.423302148164812,-0.7880987099584837,1.371306544566719,-0.36045934952783726,1.4682648812877177
0.6893607933629772,-0.09055863849567904,0.3085377824675147,0.5155096299891702,-0.54283934630451,0.3397458364380364,0.7446714983850717,0.4662712231631952,-0.23895818717387424,0.042972012215801304,0.037206489669766724
-0.15089891222513888,-0.8599733115130231,0.4452587780614284,0.669937294696463,-0.1859519544092686,0.6774681953964116,1.044310132461072,0.4426674878625139,0.4423076608702215,0.042972012215801304,-0.6362327534445619
0.6893607933629772,-0.44567310296522245,0.10345628907664453,-0.8302171624600981,-0.3232163359074385,-0.22312476182592217,-0.24237341386528186,-1.3073808865733596,-1.5395566243489673,-0.6294135906902626,1.5524447866770086
-0.8383841258881435,-0.7416018233565087,0.4452587780614284,-0.49930073808732733,2.3946184177563223,-1.011143599395464,-0.8592764840217528,-1.260173415971997,-1.7253564010882652,0.7153576151218648,0.7106457327840968
0.6129735474004214,1.0339704989912084,-0.44342769329900983,-0.6757894977528051,0.5827285819804818,-0.6171341806106931,-0.9650312960485764,0.533710466879406,0.4423076608702215,-0.36045934952783726,-0.2995131318873983
0.1546500716250855,0.26455582597386434,-0.5801486888929233,0.42726525015643113,-0.6526508515030457,-0.05426358234673459,0.21589743825095375,-0.1811455165125113,-0.5486244817393715,-0.7638907112714755,-0.04697341571952417
-1.0675458637758115,-0.3864873588869651,-0.2383461999081393,-0.1904454086727411,-0.3506692122070724,1.24033879366037,0.779923102394013,-0.8555379536746947,0.7519739554357215,-0.6294135906902626,0.12138639505905761
0.46019905547530926,1.2707134753042375,-1.3321141646594479,-0.6757894977528051,0.6925400871790177,-1.2925788985274433,-1.5114311581871651,0.8304431392307637,0.875840473261921,-0.2259822289466244,-0.9729523750017269
-0.07451166626258313,0.20537008189560707,-0.16998570211118283,1.8832975173966227,-0.43302784110597414,0.002023477479661268,0.40978126030013035,0.024544176821954262,-1.2918235886965683,2.866991544421268,1.2999050705091346
0.07826282566252908,-0.8599733115130231,-0.16998570211118283,3.184902119929522,-0.4879335937052421,2.1972188107090997,2.17236146074719,1.9667943958490361,-0.7963575173917705,-0.36045934952783726,-1.1413121857803101
0.5365863014378657,-0.5344517190826084,-0.375067195502053,-0.6757894977528051,-0.8448209856004835,0.5648940757436198,1.3439487665370722,-0.4509024913773921,-1.1679570708703688,-0.9656063921432944,0.5422859220055135
-0.4564478960753633,0.14618433781734977,1.0605032582340392,0.3169597753655075,0.11602968488670473,-0.3919859413051097,0.6389166863582482,0.29092918950100205,-0.5486244817393715,-0.5621750303996562,-0.8045925642231452
-0.6092223880004748,-0.2681158707304509,0.9237822626401259,-0.3448730733800342,3.8496208616369216,2.591228229493871,1.1676907464923663,-0.11370627279630043,-1.2918235886965683,-0.9656063921432944,-1.225492091169601
1.8351694828013176,-0.09055863849567904,1.4023057472188234,-0.6316673078364355,0.472917076781946,-0.9548565395690684,-1.564308564200577,0.18639836174089025,0.81390721434882,1.5222203386091413,1.5524447866770086
-0.6856096339630313,-0.7416018233565087,0.7870612670462122,-0.11323157631909464,-0.515386470004876,0.05831053730605713,0.28640064626883616,-0.9229771973909054,0.7519739554357215,-1.3690377538869325,0.7948256381733877
0.46019905547530926,-1.0375305437477949,1.2655847516249097,-0.8302171624600981,-0.3232163359074385,0.28345877661164054,0.46265866631354213,-1.3950519034044562,-0.42475796391317205,-0.898367831852688,1.2157251651198437
-0.9147713718506992,-0.8599733115130231,0.4452587780614284,-0.8302171624600981,-0.6251979752034118,0.3960328962644323,-0.17187020584739945,-1.9851452859213385,-0.7344242584786721,-0.09150510836541155,1.8049845028448814
1.5296204989510933,1.0339704989912084,4.683609641472749,-0.36693416833821896,15.187658773385744,0.11459759713245299,-0.7887732760038705,1.707153307541617,-3.0259548382633583,9.859801814644332,-0.9729523750017269
-0.8383841258881435,-0.3864873588869651,-0.44342769329900983,0.4052041551982465,-0.021234696611464945,0.7900423150492033,1.5378325885862487,0.3246488113591449,-0.23895818717387424,-0.898367831852688,-1.225492091169601
-0.8383841258881435,-0.6232303351999943,-0.10162520431422599,-0.7860949725437287,-0.3232163359074385,-0.4482730011315056,-0.9297796920396353,-0.8555379536746947,0.5042409197833226,0.042972012215801304,-0.13115332110881506
0.765748039325533,2.5727998450258966,-2.1524401382229295,-0.6316673078364355,0.8847102212764552,-0.9548565395690684,-1.5466827621961063,1.1002001140956446,0.875840473261921,-0.49493647010904973,-0.8045925642231452
-0.6092223880004748,-0.800787567434766,0.855421764843169,0.5155096299891702,-0.3232163359074385,0.9589034945283909,1.2029423505013073,0.39208805507535577,0.07070810739162582,-0.49493647010904973,-1.225492091169601
-0.991158617813255,-0.14974438257393632,-0.8535906800807505,2.0818473720202855,-0.4055749648063402,0.3960328962644323,0.022013616201777154,0.7764917442577726,-0.42475796391317205,-0.6966521509808691,-0.21533322649810593
-0.991158617813255,-0.6824160792782514,-0.5117881910959666,-0.764033877585544,-0.54283934630451,0.11459759713245299,0.022013616201777154,-1.2736612647152543,-0.11509166934767477,-0.158743668656018,0.7106457327840968
-1.3730948476260352,2.898321437456311,-1.6055561558472748,-0.8522782574182828,-0.2957634596078045,-0.9548565395690684,-0.3657540278965761,-0.720659466242273,2.114505651523913,2.127367381224598,2.0575242190127554
0.8421352852880901,-0.8599733115130231,1.197224253827953,-0.7419727826273592,-0.46048071740560814,0.2271717167852447,0.9738069244431895,-0.2485847602287221,-1.1060238119572705,-1.1000835127245072,-0.3836930372766892
0.6129735474004214,1.3298992193824941,-0.5801486888929233,-0.41105635825458836,0.445464200482312,-0.7297083002634849,0.09251682421965955,0.7461440845855002,0.19457462521782254,0.24468769308761984,-1.057132280391018
-0.6856096339630313,-0.2681158707304509,1.128863756030996,-0.7199116876691746,0.3356526952837765,-0.6734212404370891,-0.9297796920396353,0.4595272987915666,1.3093732856536178,1.656697459190354,-0.21533322649810593
-0.7619968799255871,0.0869985937390925,0.4452587780614284,-0.41105635825458836,-0.7075566041023137,-0.5608471207842973,-0.4362572359144585,-1.6782967270125568,-1.0440905530441695,-1.3690377538869325,1.2157251651198437
-0.3800606501128069,-1.2742735200608237,-0.16998570211118283,0.052226635867290795,-0.15849907810963482,0.05831053730605713,0.14539423023307135,-0.04626702908008959,1.3093732856536178,-1.1000835127245072,-0.7204126588338543
-1.1439331097383671,0.6196702904434077,0.7187007692492553,-0.8743393523764675,-0.15849907810963482,1.7469223320979328,1.4673293805683663,-0.4509024913773921,-1.2918235886965683,-0.898367831852688,-1.3096719965588919
0.3838118095127535,-0.3864873588869651,2.154271222985348,1.3317701434420048,-0.4879335937052421,1.5780611526187454,1.1500649444878956,1.1339197359537498,-0.92022403521797,-0.6294135906902626,-1.4780318073374736
-0.6092223880004748,-0.44567310296522245,0.0350957912796877,-0.12426212379818696,5.030094542521181,1.7469223320979328,1.0619359344655426,0.08861145835236954,-0.672490999565571,-0.36045934952783726,-0.9729523750017269
-1.5258693395511473,-0.3864873588869651,-0.16998570211118283,-0.8743393523764675,-0.7899152330012155,-0.6734212404370891,-0.7887732760038705,-0.9634407436206395,0.07070810739162582,0.042972012215801304,-0.4678729426659801
-0.6092223880004748,-0.3273016148087082,-0.10162520431422599,0.3169597753655075,4.17905537723253,1.8032093919243288,0.7446714983850717,0.08186753398074097,-0.7963575173917705,-0.898367831852688,-0.9729523750017269
-0.6856096339630313,-0.3864873588869651,0.17181678687360138,0.669937294696463,-0.515386470004876,0.7900423150492033,0.26877484426436554,-0.6936837687557587,0.19457462521782254,-1.6379919950493582,1.2999050705091346
0.46019905547530926,1.2115277312259802,0.24017728467055785,-0.6316673078364355,0.472917076781946,-0.5045600609579014,-0.8416506820172822,0.9653216266631854,0.13264136630472417,0.17744913279701416,-1.1413121857803101
-0.07451166626258313,-0.7416018233565087,1.197224253827953,-0.7199116876691746,-0.4879335937052421,-1.2362918387010475,-1.687689178231871,-0.3699753989179241,0.9997069910881204,0.17744913279701416,1.5524447866770086
-0.9147713718506992,-0.44567310296522245,0.0350957912796877,-0.32281197842184944,-0.5977450989037778,0.3397458364380364,0.33927805228224794,-0.8049585208875365,0.008774848478524704,-0.49493647010904973,0.20556630044835
-0.22728615818769465,-0.5048588470434797,0.4452587780614284,1.1994035736928965,-0.3506692122070724,0.17088465695884883,0.4450328643090716,0.2133740592273671,-1.0440905530441695,-0.2259822289466244,-0.21533322649810593
-0.7619968799255871,-0.5048588470434797,0.37689828026447153,0.4493263451146158,-0.26831058330817054,1.3529129133131619,1.5378325885862487,0.23360583234221538,-0.23895818717387424,-0.36045934952783726,-0.8887724696124361
-0.30367340415025107,2.543206972986768,-2.1524401382229295,-0.4551785481709578,1.2415976131716964,-1.2362918387010475,-1.599560168209518,0.6618450299402366,1.371306544566719,0.17744913279701416,0.12138639505905761
-0.15089891222513888,-0.8599733115130231,0.17181678687360138,-0.6537284027946203,-0.21340483070890257,-1.011143599395464,0.39215545829565973,-0.7880987099584837,0.13264136630472417,-0.49493647010904973,0.8790055435626786
-0.6092223880004748,0.027812849660835207,-0.2383461999081393,-0.764033877585544,-0.54283934630451,0.05831053730605713,-0.013237987807164047,-2.275134033901105,-0.672490999565571,-0.898367831852688,3.067683083684249
-0.7619968799255871,-0.2681158707304509,0.7187007692492553,-0.6316673078364355,-0.570292222604144,-0.11055064217313045,0.25114904225989493,-1.4962107689787725,-0.6105577406524727,-1.0328449524339007,0.8790055435626786
-0.30367340415025107,-0.14974438257393632,0.5136192758583852,1.000853719069234,-0.8448209856004835,0.2271717167852447,0.18064583424201255,-0.5655492056949655,-0.3008914460869726,-1.2345606333057202,1.2999050705091346
-0.6856096339630313,-0.9191590555912804,-0.716869684486837,-0.7199116876691746,-0.21340483070890257,0.28345877661164054,0.8680521124163659,-0.720659466242273,0.5042409197833226,-0.2259822289466244,-0.21533322649810593
0.3838118095127535,-0.3864873588869651,1.8124687340005636,1.552381093023852,-0.2957634596078045,1.690635272271537,1.1148133404789544,1.2687982233861717,-0.92022403521797,-0.49493647010904973,-1.3938519019481828
0.9949097772132016,1.832978044047681,1.197224253827953,0.22871539553276854,1.7906551391643755,0.2271717167852447,0.6565424883627188,2.1792280135550928,0.5042409197833226,4.077285629652183,-1.057132280391018
-0.6092223880004748,-1.0375305437477949,-0.10162520431422599,-0.49930073808732733,-0.6251979752034118,0.17088465695884883,0.19827163624648314,-1.0173921385936306,-1.22989032978347,-0.29322078923723083,-0.13115332110881506
0.2310373175876413,0.9155990108346939,0.3085377824675147,0.22871539553276854,0.39055844788304406,-0.7297083002634849,-0.20712180985634066,1.1002001140956446,0.7519739554357215,1.791174579771567,-0.04697341571952417
-1.2203203557009237,-0.9191590555912804,0.5136192758583852,-0.8743393523764675,-0.3781220885067064,-0.7297083002634849,-0.8240248800128116,-0.9229771973909054,0.008774848478524704,-0.024266548074805126,-0.21533322649810593
0.46019905547530926,1.0931562430694657,-2.0840796404259723,-0.764033877585544,0.5552757056808479,-1.5177271378330268,-1.6700633762274004,0.15605070206858038,-0.42475796391317205,-0.49493647010904973,-0.6362327534445619
-0.07451166626258313,-0.8599733115130231,0.24017728467055785,-0.41105635825458836,-0.6251979752034118,-0.5045600609579014,-0.11899279983398765,-0.8723977646037473,-0.7344242584786721,0.042972012215801304,0.45810601661622263
-0.532835142037919,0.678856034521665,-1.1953931690655344,-0.5875451179200661,1.5710321287673041,-1.1800047788746517,-1.3527989401469296,0.9383459291767086,2.671904981741812,0.7825961754124713,-0.6362327534445619
0.765748039325533,-0.8599733115130231,0.3085377824675147,0.669937294696463,-0.5977450989037778,1.690635272271537,0.8680521124163659,0.22348994578479123,-1.1060238119572705,-1.570753434758752,-0.21533322649810593
-0.22728615818769465,-1.0375305437477949,-0.10162520431422599,-0.6757894977528051,-0.26831058330817054,-0.9548565395690684,0.05726522021071835,-1.0173921385936306,-0.42475796391317205,-0.158743668656018,0.8790055435626786
1.6823949908762061,0.3829273141303786,1.128863756030996,-0.10220102884000232,0.41801132418267806,-1.123717719048256,-1.6524375742229298,0.9316020048050799,0.6900406965226205,1.7239360194809605,1.3840849758984255
-0.6092223880004748,-0.5048588470434797,0.581979773655342,-0.7419727826273592,3.3554690882435105,-1.4051530181802352,-0.9474054940441059,-0.68693984438413,-0.8582907763048716,0.042972012215801304,-0.3836930372766892
0.46019905547530926,-0.2681158707304509,0.37689828026447153,-0.8302171624600981,-0.15849907810963482,-0.7859953600898807,-0.31287662188316423,-0.14742589465440586,0.566174178696421,0.5808804945406519,-0.4678729426659801
0.3838118095127535,-0.6232303351999943,-0.3067066977050961,-0.7199116876691746,-0.15849907810963482,1.24033879366037,1.3439487665370722,-0.5857809788098138,0.008774848478524704,-0.2259822289466244,0.20556630044835
-0.9147713718506992,-0.6232303351999943,0.17181678687360138,-0.8964004473346523,-0.570292222604144,1.24033879366037,1.2381939545102485,-1.2028500588132105,1.3093732856536178,-0.6294135906902626,0.7527356854787415
-1.0675458637758115,0.2349629539347357,-0.44342769329900983,-0.30075088346366474,-0.7075566041023137,0.45231995609082815,0.14539423023307135,-1.0983192310530612,-0.17702492826077312,0.6481190548312584,0.5422859220055135
-0.15089891222513888,-0.6232303351999943,-0.9219511778777073,-0.8302171624600981,-0.2957634596078045,-1.1800047788746517,-0.9121538900351647,-0.1811455165125113,0.9377737321750194,-0.4276979098184437,-0.3836930372766892
-0.15089891222513888,-0.800787567434766,-0.6485091866898801,0.008104445950921305,-0.24085770700853654,0.45231995609082815,0.956181122438719,-0.012547407221946727,0.6900406965226205,-0.29322078923723083,-0.13115332110881506
0.30742456355019704,-1.0375305437477949,-0.3067066977050961,-0.10220102884000232,-0.1859519544092686,-0.3919859413051097,-0.27762501787422306,-0.10696234842467187,-0.92022403521797,-0.4276979098184437,-0.8887724696124361
-1.2203203557009237,-0.9783447996695377,1.8124687340005636,-0.8412477099391905,-0.6251979752034118,-0.05426358234673459,0.26877484426436554,-1.5838817858098315,1.7429060980453146,0.44640337395943913,1.2157251651198437
-0.6092223880004748,-0.800787567434766,-0.2383461999081393,0.18459320561639925,-0.26831058330817054,-0.05426358234673459,-0.22474761186081124,-0.5925249031814424,-0.4866912228262732,-0.898367831852688,0.37392611122693176
-0.3800606501128069,-0.800787567434766,0.17181678687360138,-0.8081560675019134,-0.21340483070890257,0.3397458364380364,-0.030863789811634647,-1.223081831928096,-1.2918235886965683,-0.2259822289466244,0.37392611122693176
-0.6856096339630313,-0.6824160792782514,0.10345628907664453,0.4052041551982465,-0.13104620181000085,-0.3919859413051097,0.07489102221518895,-0.2485847602287221,0.008774848478524704,-0.49493647010904973,-0.13115332110881506
0.6129735474004214,-0.44567310296522245,0.10345628907664453,-0.8522782574182828,-0.1859519544092686,0.6211811355700156,-0.18949600785187004,-1.5231864664652492,-1.4156901065227678,-0.5621750303996562,1.5524447866770086
-0.22728615818769465,-0.6824160792782514,0.6503402714522984,0.6478761997382784,-0.7350094804019477,0.002023477479661268,0.0043878141973065525,-0.28904830645845614,-0.05315841043457366,0.042972012215801304,0.37392611122693176
0.5365863014378657,-0.3273016148087082,0.5136192758583852,0.361081965281877,-0.570292222604144,-1.3488659583538394,0.05726522021071835,-0.2485847602287221,-0.672490999565571,-0.7638907112714755,0.12138639505905761
-0.6092223880004748,-0.9783447996695377,1.128863756030996,2.853985695556751,-0.07614044921073289,1.4654870329659535,1.2205681525057779,1.9701663580348692,-1.5395566243489673,0.5136419342500456,-1.7305715235053478
-1.2203203557009237,0.678856034521665,-0.5117881910959666,-0.05807883892363283,-0.4055749648063402,-0.33569888147871385,-0.7358958699904586,-1.260173415971997,0.38037440195712313,-1.1000835127245072,1.7208045974555906
-0.8383841258881435,-0.3864873588869651,-0.375067195502053,-0.7860949725437287,-0.7350094804019477,-0.27941182165231804,-0.22474761186081124,-1.887358382532818,-1.22989032978347,-0.8311292715620819,1.2999050705091346
0.9185225312506459,2.188092508517224,-0.7852301822837936,-0.5875451179200661,0.5278228293812139,-1.123717719048256,-1.335173138142459,0.9484618157341327,0.5042409197833226,0.7153576151218648,-0.9729523750017269
-0.15089891222513888,-0.8599733115130231,0.10345628907664453,-0.08013993388181748,-0.7350094804019477,-0.27941182165231804,-0.6653926619725763,-0.848794029303066,-2.1588892134799647,0.042972012215801304,-0.04697341571952417
0.1546500716250855,0.0869985937390925,-0.16998570211118283,-0.5434229280036967,0.8298044686771873,-0.22312476182592217,-0.7358958699904586,0.6449852190111465,0.9997069910881204,0.9843118562842905,0.37392611122693176
0.001875579699973319,-0.6824160792782514,0.5136192758583852,-0.6096062128782509,-0.6526508515030457,-0.05426358234673459,-0.20712180985634066,-1.260173415971997,0.19457462521782254,0.042972012215801304,1.4682648812877177
-1.1439331097383671,-0.564044591121737,-0.3067066977050961,1.4200145232747436,-0.46048071740560814,-0.33569888147871385,0.11014262622413015,-0.14405393246857284,0.628107437609522,-1.5035148744681455,0.20556630044835
-0.30367340415025107,-0.8599733115130231,-0.44342769329900983,0.2507764904909534,-0.13104620181000085,-0.4482730011315056,-0.13661860183845825,-0.3497436258030384,-0.8582907763048716,0.042972012215801304,0.20556630044835
-0.991158617813255,-0.5048588470434797,-0.10162520431422599,-0.8964004473346523,-0.570292222604144,0.45231995609082815,0.0043878141973065525,-0.5857809788098138,2.1764389104370143,-0.36045934952783726,-0.9729523750017269
-1.5258693395511473,0.7972275226781793,-1.8789981470351023,-0.764033877585544,-0.07614044921073289,-0.6171341806106931,-0.13661860183845825,-0.6195006006679192,1.928705874784615,0.5808804945406519,1.3840849758984255
0.3838118095127535,1.5666421956955234,-0.9219511778777073,-0.5875451179200661,0.7199929634786517,-1.3488659583538394,-1.6524375742229298,0.5944057862239883,0.38037440195712313,0.44640337395943913,-0.2995131318873983
-0.7619968799255871,0.738041778599922,-0.8535906800807505,0.7140594846128328,-0.7624623567015816,-0.33569888147871385,0.49791027032248336,-0.8555379536746947,-0.05315841043457366,-0.5621750303996562,1.4682648812877177
0.30742456355019704,-0.9191590555912804,0.37689828026447153,1.772992042605699,-0.6526508515030457,1.24033879366037,0.6565424883627188,0.9181141560618603,-0.3008914460869726,1.7239360194809605,-0.13115332110881506
0.46019905547530926,1.7441994279302953,-2.1524401382229295,-0.6978505927109898,0.41801132418267806,-0.1668377019995263,-1.0355345040664587,0.5606861643658829,0.5042409197833226,0.6481190548312584,0.37392611122693176
-0.4564478960753633,-0.6232303351999943,-0.5117881910959666,0.7802427694873867,-0.6251979752034118,-0.27941182165231804,0.3745296562911892,0.4325516013050898,0.628107437609522,0.3791648136688327,-0.21533322649810593
-0.6092223880004748,-0.14974438257393632,-0.3067066977050961,-0.03601774396544798,-0.6251979752034118,-0.6734212404370891,0.14539423023307135,-0.9904164411071162,0.81390721434882,1.186027537156109,1.6366246920662995
-0.15089891222513888,1.6258279397737807,-1.6055561558472748,-0.7199116876691746,0.5278228293812139,-1.2362918387010475,-1.5819343662050473,1.1002001140956446,1.5571063213060168,-0.024266548074805126,-1.3096719965588919
0.3838118095127535,2.040128148321581,1.197224253827953,-0.7199116876691746,1.5984850050669381,-0.5608471207842973,-0.030863789811634647,0.7630038955145528,-0.11509166934767477,1.186027537156109,-1.057132280391018
0.001875579699973319,1.8625709160868098,0.10345628907664453,-0.5654840229618815,0.30819981898414256,0.2271717167852447,-0.20712180985634066,-0.13393804591114872,0.2565078841309237,1.656697459190354,1.8891644082341736
0.5365863014378657,1.3890849634607514,-0.5801486888929233,-0.6096062128782509,0.5278228293812139,-0.3919859413051097,-0.34812822589210546,0.7832356686294012,-0.11509166934767477,0.31192625337822627,-0.8887724696124361
-0.15089891222513888,-1.0375305437477949,-0.03326470651726914,-0.05807883892363283,-0.6251979752034118,0.2271717167852447,0.32165225027777733,-0.04626702908008959,0.81390721434882,-0.36045934952783726,-0.8045925642231452
-0.532835142037919,-0.5048588470434797,1.2655847516249097,0.6478761997382784,-0.15849907810963482,0.9026164347019949,1.4673293805683663,0.2774413407577824,-0.3008914460869726,-0.4276979098184437,-0.8887724696124361
-0.22728615818769465,-0.5048588470434797,-0.16998570211118283,-0.1904454086727411,-0.3781220885067064,0.17088465695884883,0.0043878141973065525,-1.4624911471206672,-0.42475796391317205,-1.5035148744681455,1.6366246920662995
-0.6092223880004748,0.7676346506390507,-1.7422771514411886,-0.8964004473346523,-0.7350094804019477,-1.1800047788746517,0.30402644827330677,-1.3950519034044562,-1.6014898832620656,-1.6379919950493582,0.20556630044835
-0.9147713718506992,-0.2089301266521936,0.0350957912796877,0.5155096299891702,3.2456575830449745,0.9589034945283909,0.7975489043984836,0.22348994578479123,-0.23895818717387424,-0.2259822289466244,-0.9729523750017269
-0.15089891222513888,-0.6232303351999943,0.24017728467055785,-0.7860949725437287,-0.13104620181000085,1.1840517338339742,0.25114904225989493,-0.14742589465440586,1.12357350891432,0.3791648136688327,-0.13115332110881506
-0.3800606501128069,-0.031372894417421755,-0.375067195502053,-0.6978505927109898,-0.515386470004876,1.5780611526187454,0.42740706230460096,-1.7659677438436534,-1.4156901065227678,-0.4276979098184437,1.3840849758984255
-0.30367340415025107,-0.800787567434766,-0.03326470651726914,-0.4772396431291426,-0.2957634596078045,0.5648940757436198,0.12776842822860077,-1.09157530668147,-0.9821572941310711,0.7825961754124713,0.2897462058376409
-0.15089891222513888,-0.7416018233565087,-0.03326470651726914,-0.521361833045512,-0.7350094804019477,0.6211811355700156,0.39215545829565973,-1.5973696345530888,-0.42475796391317205,-1.1000835127245072,1.8049845028448814
0.6893607933629772,-0.2681158707304509,1.197224253827953,0.669937294696463,-0.54283934630451,-0.22312476182592217,1.0619359344655426,-0.07998665093819501,-0.7963575173917705,-1.570753434758752,0.5422859220055135
-1.4494820935885917,-0.2681158707304509,-0.10162520431422599,-0.8522782574182828,-0.7624623567015816,-0.27941182165231804,-0.3657540278965761,-2.399896634776103,0.5042409197833226,-0.898367831852688,2.5626036513485024
1.4532332529885377,1.5074564516172662,-2.1524401382229295,-0.6978505927109898,0.033671055987803,-1.4051530181802352,-1.828695594267636,1.066480492237539,-0.3008914460869726,0.6481190548312584,-0.13115332110881506
-2.1369673072515956,0.678856034521665,-1.4688351602533614,-0.49930073808732733,-0.8997267381997514,0.05831053730605713,-0.048489591816105244,-2.15037143302607,1.5571063213060168,-1.3017991935963262,2.1417041244020463
0.2310373175876413,-0.44567310296522245,-0.03326470651726914,0.1625321106582144,0.006218179688169026,5.687016519945643,3.5119224130869564,0.021172214636158697,-0.3008914460869726,0.3791648136688327,-0.04697341571952417
-0.22728615818769465,-0.3864873588869651,-0.03326470651726914,0.47138744007280065,-0.46048071740560814,0.9589034945283909,0.956181122438719,0.021172214636158697,0.38037440195712313,0.24468769308761984,0.037206489669766724
0.2310373175876413,-0.6824160792782514,2.496073711970132,1.30970904848382,-0.26831058330817054,0.3960328962644323,0.33927805228224794,1.1002001140956446,-1.4776233654358661,-1.0328449524339007,-1.4780318073374736
-0.4564478960753633,-0.3273016148087082,0.855421764843169,0.8684871493201256,-0.10359332551036686,1.8032093919243288,1.132439142483425,0.7798637064436056,-1.2918235886965683,-0.5621750303996562,-1.3938519019481828
-0.991158617813255,-0.5048588470434797,-0.3067066977050961,2.89810788547312,-0.24085770700853654,1.24033879366037,0.956181122438719,1.6059944419672634,0.7519739554357215,-0.6294135906902626,-0.9729523750017269
-0.30367340415025107,0.9747847549129511,-0.10162520431422599,-0.1904454086727411,0.2532940663848746,0.45231995609082815,0.9033037164253072,-0.012547407221946727,-0.17702492826077312,-0.7638907112714755,-1.225492091169601
1.4532332529885377,0.6196702904434077,0.24017728467055785,-0.5875451179200661,0.6376343345797498,-0.3919859413051097,-0.6301410579636351,1.4036767108186308,0.9377737321750194,0.5808804945406519,-0.8887724696124361
0.6893607933629772,-0.5048588470434797,-0.10162520431422599,0.6037540098219089,-0.21340483070890257,0.508607015917224,0.6741682903671894,0.29092918950100205,-1.4776233654358661,0.31192625337822627,-0.4678729426659801
-0.22728615818769465,-1.0375305437477949,-0.6485091866898801,-0.10220102884000232,0.19838831378560665,1.4091999731395577,0.6741682903671894,0.22348994578479123,0.38037440195712313,-1.1000835127245072,-1.057132280391018
-0.30367340415025107,2.513614100947639,-2.1524401382229295,-0.7199116876691746,0.2532940663848746,0.2271717167852447,-1.0884119100798706,1.0327608703794338,2.424171946089413,0.9843118562842905,-0.552052848055271
-0.4564478960753633,-0.6232303351999943,-0.2383461999081393,-0.7199116876691746,-0.7899152330012155,0.508607015917224,0.32165225027777733,-0.9162332730192769,0.6900406965226205,-0.49493647010904973,0.7106457327840968
0.5365863014378657,0.027812849660835207,-0.5117881910959666,2.3245194165603174,0.41801132418267806,0.7900423150492033,2.0313550447114257,1.1170599250246973,-1.22989032978347,0.3791648136688327,-0.04697341571952417
-0.22728615818769465,-0.2681158707304509,0.10345628907664453,-0.21250650363092594,-0.5977450989037778,-0.22312476182592217,0.7270456963806011,-0.68693984438413,0.13264136630472417,1.7239360194809605,1.4682648812877177
0.30742456355019704,-0.6824160792782514,0.581979773655342,0.030165540909106146,0.2532940663848746,-0.8985694797426724,-0.40100563190551725,0.11558715583884639,-0.36282470500007374,1.791174579771567,-0.7204126588338543
0.46019905547530926,2.454428356869382,-1.8789981470351023,-0.6096062128782509,0.9670688501753572,-0.8422824199162766,-1.0531603060709294,0.8304431392307637,0.19457462521782254,0.7825961754124713,-0.6362327534445619
-0.991158617813255,-0.3273016148087082,-0.44342769329900983,1.5303199980656674,0.006218179688169026,1.0151905543547868,1.9432260346890726,1.2013589796699609,0.008774848478524704,-0.8311292715620819,-1.3096719965588919
1.0712970231757575,1.0339704989912084,0.4452587780614284,-0.7860949725437287,1.076880355373893,-1.4051530181802352,-1.687689178231871,0.7157964249131903,-0.17702492826077312,-0.09150510836541155,-0.9729523750017269
-0.991158617813255,-0.5048588470434797,-0.44342769329900983,1.640625472856591,-0.6251979752034118,0.45231995609082815,0.6741682903671894,1.066480492237539,0.628107437609522,-0.6966521509808691,-0.9729523750017269
0.30742456355019704,1.685013683852038,-1.9473586448320592,-0.6757894977528051,0.6376343345797498,-0.1668377019995263,-1.2470441281201061,0.41906375256183265,1.3093732856536178,0.7153576151218648,0.2897462058376409
0.30742456355019704,-0.2089301266521936,-0.375067195502053,-0.7419727826273592,0.445464200482312,0.5648940757436198,0.7622973003895424,-0.2485847602287221,-0.7963575173917705,-0.49493647010904973,-0.6362327534445619
-0.9147713718506992,-1.2742735200608237,0.3085377824675147,-0.764033877585544,-0.13104620181000085,-0.3919859413051097,-0.7358958699904586,-1.6176014076679746,-0.7963575173917705,-0.2259822289466244,0.7948256381733877
4.585110337453335,0.20537008189560707,1.6073872406096938,-0.521361833045512,0.6650872108793838,-1.4051530181802352,-1.7229407822408123,2.044349526122671,-1.5395566243489673,0.042972012215801304,-0.9729523750017269
-0.3800606501128069,-1.0375305437477949,0.37689828026447153,-0.6757894977528051,-0.4879335937052421,0.2271717167852447,0.19827163624648314,-0.7880987099584837,0.19457462521782254,0.44640337395943913,0.20556630044835
0.30742456355019704,-0.3273016148087082,0.7187007692492553,-0.8302171624600981,-0.5977450989037778,-0.6734212404370891,-0.48913464192787026,-1.260173415971997,-1.4776233654358661,-0.9656063921432944,0.6264658273948059
1.300458761063426,-0.44567310296522245,0.17181678687360138,1.2435257636092658,-0.7624623567015816,-0.5889906506974952,0.9209295184297778,0.7259123114706144,-0.6105577406524727,-0.36045934952783726,0.037206489669766724
1.0712970231757575,1.0931562430694657,-0.6485091866898801,-0.6757894977528051,1.1866918605724288,-1.2925788985274433,-1.5290569601916357,0.7292842736564474,-0.17702492826077312,0.17744913279701416,-0.2995131318873983
-0.07451166626258313,-0.09055863849567904,2.2226317207823048,1.795053137563884,-0.021234696611464945,-1.011143599395464,-0.15424440384292884,0.8978823829469745,-1.1060238119572705,-0.9656063921432944,-1.1413121857803101
0.001875579699973319,0.26455582597386434,0.0350957912796877,-0.7199116876691746,0.22584119008524062,0.2271717167852447,-0.9474054940441059,0.8776506098321263,1.4332398034798173,1.656697459190354,-0.552052848055271
-0.6092223880004748,-0.3273016148087082,-0.10162520431422599,-0.4772396431291426,-0.570292222604144,-0.27941182165231804,-0.6125152559591645,-1.4051677899618804,0.38037440195712313,0.44640337395943913,1.5524447866770086
0.2310373175876413,0.4421130582086359,-0.03326470651726914,-0.764033877585544,0.6376343345797498,-0.8422824199162766,-1.2646699301245767,1.1002001140956446,0.5042409197833226,0.7153576151218648,-1.3096719965588919
-0.15089891222513888,-1.1559020319043094,0.4452587780614284,2.2583361316857635,-0.3232163359074385,1.3529129133131619,0.11014262622413015,0.9990412485213283,-0.3008914460869726,-0.7638907112714755,-0.6362327534445619
2.140718466651542,-0.6824160792782514,-0.3067066977050961,1.9936029921875462,-0.6526508515030457,0.8463293748755991,0.9209295184297778,1.4373963326767363,-3.1498213560895576,-0.6966521509808691,-0.7204126588338543
-1.0675458637758115,-0.3864873588869651,-0.3067066977050961,-0.5434229280036967,-0.07614044921073289,0.002023477479661268,0.7446714983850717,-1.0578556848233647,1.866772615871514,-0.7638907112714755,1.5524447866770086
-0.532835142037919,-1.5702022404521099,0.10345628907664453,-0.6978505927109898,-0.7899152330012155,-0.3919859413051097,-0.3657540278965761,-1.1927341722557863,0.6900406965226205,1.1187889768655026,1.2157251651198437
-1.1439331097383671,0.2349629539347357,-1.8789981470351023,1.6626865678147755,-0.6251979752034118,-0.4482730011315056,0.022013616201777154,0.6281254080820937,0.318441143044022,0.6481190548312584,-0.552052848055271
0.5365863014378657,-0.031372894417421755,0.855421764843169,0.3169597753655075,-0.8173681093008495,0.9589034945283909,0.21589743825095375,-1.1118070797963182,-1.6634231421751668,-1.1000835127245072,1.6366246920662995
0.46019905547530926,-0.564044591121737,-0.2383461999081393,0.47138744007280065,-0.46048071740560814,0.9026164347019949,1.1500649444878956,0.29430115168683507,-0.5486244817393715,0.44640337395943913,-0.3836930372766892
-1.5258693395511473,-0.7416018233565087,0.9921427604370827,0.2507764904909534,0.2532940663848746,0.6211811355700156,1.2910713605236603,-0.3092800795733418,-0.23895818717387424,-0.7638907112714755,-0.692352690651357
-0.6092223880004748,-0.7416018233565087,0.0350957912796877,0.47138744007280065,-0.7899152330012155,-0.8422824199162766,-0.5420120479412821,-0.5183417350936029,-0.6105577406524727,0.11021057250640773,0.2897462058376409
-0.30367340415025107,-0.564044591121737,0.37689828026447153,-0.43311745321277306,-0.8448209856004835,-0.05426358234673459,-0.3657540278965761,-1.411911714333509,-0.5486244817393715,-0.5621750303996562,1.3840849758984255
-0.22728615818769465,-0.3864873588869651,-0.10162520431422599,0.7140594846128328,-0.8448209856004835,0.3960328962644323,-0.013237987807164047,-1.0612276470091602,-1.4776233654358661,-1.0328449524339007,1.4682648812877177
1.758782236838762,0.4421130582086359,0.6503402714522984,-0.6096062128782509,-0.6251979752034118,-0.4482730011315056,0.5507876763358952,0.1897703239266858,-1.0440905530441695,-0.09150510836541155,0.37392611122693176
-0.7619968799255871,-0.6824160792782514,0.4452587780614284,-0.764033877585544,-0.3506692122070724,-1.011143599395464,-0.013237987807164047,-0.9364650461341626,0.4423076608702215,1.3205046577373218,0.7106457327840968
-1.2203203557009237,1.8625709160868098,-2.1524401382229295,-0.6316673078364355,0.8298044686771873,-1.5177271378330268,-1.8110697922631653,-0.2553286846003507,2.9815712763073092,0.6481190548312584,1.8891644082341736
-0.9147713718506992,-1.4518307522955956,-0.5117881910959666,-0.8743393523764675,-0.43302784110597414,-0.8422824199162766,-0.8592764840217528,-0.6195006006679192,2.362238687176312,0.5136419342500456,-0.21533322649810593
1.1476842691383131,1.9513495322041956,-1.4688351602533614,-0.764033877585544,0.9121630975760892,-1.461440078006631,-1.8110697922631653,0.9821814375922381,0.5042409197833226,0.7825961754124713,-0.8466825169177898
0.8421352852880901,-1.0375305437477949,-0.03326470651726914,-0.7860949725437287,-0.21340483070890257,1.0151905543547868,0.69179409237166,-0.11370627279630043,-0.672490999565571,0.31192625337822627,-0.9729523750017269
-1.0675458637758115,0.027812849660835207,-0.16998570211118283,-0.41105635825458836,-0.6251979752034118,0.6211811355700156,0.6565424883627188,-1.1252949285395755,0.7519739554357215,0.31192625337822627,0.9070655092197785
-0.15089891222513888,0.027812849660835207,-0.03326470651726914,-0.7199116876691746,0.3356526952837765,-0.8422824199162766,0.8504263104118953,-0.04626702908008959,-0.3008914460869726,-0.4276979098184437,-0.9729523750017269
-0.07451166626258313,-0.6232303351999943,0.17181678687360138,-0.8522782574182828,-0.3232163359074385,-1.3488659583538394,0.32165225027777733,-1.0848313823098414,-0.42475796391317205,-0.49493647010904973,0.5422859220055135
-0.4564478960753633,-0.6232303351999943,0.4452587780614284,1.6957782102520529,-0.6251979752034118,-1.2362918387010475,-0.7006442659815174,-0.22835298711387383,-0.7963575173917705,0.24468769308761984,1.9733443136234645
-0.07451166626258313,-0.800787567434766,-0.10162520431422599,-0.8081560675019134,-0.54283934630451,0.8463293748755991,0.515536072326954,-0.4509024913773921,-0.6105577406524727,-1.3690377538869325,-0.552052848055271
-0.6856096339630313,-0.6824160792782514,-0.10162520431422599,-0.7199116876691746,-0.6526508515030457,-0.7859953600898807,-0.40100563190551725,-1.3276126596882079,0.318441143044022,-0.898367831852688,1.0473653543412618
-0.7619968799255871,-0.3273016148087082,-0.375067195502053,1.772992042605699,-0.2957634596078045,1.4091999731395577,1.5907099945996606,0.9821814375922381,-0.42475796391317205,-0.8311292715620819,-0.8045925642231452
-0.30367340415025107,-0.6232303351999943,0.581979773655342,-0.7199116876691746,-0.26831058330817054,0.2271717167852447,-0.15424440384292884,-1.529930390836878,-0.6105577406524727,-0.29322078923723083,1.8891644082341736
-0.30367340415025107,-0.5048588470434797,-0.5117881910959666,0.6037540098219089,-0.13104620181000085,1.3529129133131619,1.7669680146443665,0.5269665425077775,-0.6105577406524727,-0.4276979098184437,-1.3938519019481828
-0.30367340415025107,-0.3864873588869651,0.855421764843169,1.4200145232747436,-0.46048071740560814,1.5780611526187454,1.925600232684602,0.7967235173726583,-0.05315841043457366,0.17744913279701416,-0.8887724696124361
0.6129735474004214,-0.7416018233565087,-0.2383461999081393,1.9715418972293621,-0.10359332551036686,2.985237648278642,1.4673293805683663,1.2013589796699609,-0.5486244817393715,-0.5621750303996562,-0.6362327534445619
1.0712970231757575,-0.6824160792782514,-0.44342769329900983,1.3758923333583744,-0.7075566041023137,-0.9548565395690684,-0.31287662188316423,0.6449852190111465,-0.7344242584786721,-0.898367831852688,0.20556630044835
0.3838118095127535,1.6258279397737807,-1.8789981470351023,-0.2786897885054801,0.7474458397782857,-0.27941182165231804,-1.211792524111165,1.1002001140956446,0.6900406965226205,-0.024266548074805126,-0.8887724696124361
0.07826282566252908,-0.2681158707304509,0.10345628907664453,-0.6096062128782509,-0.3781220885067064,-0.11055064217313045,0.19827163624648314,-1.24668556722874,0.6900406965226205,-0.6294135906902626,1.7208045974555906
-1.2967076016634793,-0.14974438257393632,0.9237822626401259,-0.03601774396544798,-0.7899152330012155,-0.27941182165231804,1.3615745685415428,-0.7880987099584837,1.7429060980453146,-0.29322078923723083,0.7948256381733877
-0.6092223880004748,-0.09055863849567904,-0.5117881910959666,1.0449759089856037,-0.43302784110597414,-0.05426358234673459,-0.08374119582504645,0.35836843321725037,0.38037440195712313,-0.4276979098184437,-0.3836930372766892
-0.6856096339630313,-0.6824160792782514,1.197224253827953,0.4493263451146158,-0.1859519544092686,2.084644691056308,1.6964648066264842,0.1897703239266858,0.008774848478524704,-1.3017991935963262,-0.8887724696124361
0.07826282566252908,-0.14974438257393632,-0.5801486888929233,1.9053586123548076,-0.1859519544092686,1.0714776141811826,1.4673293805683663,1.33623746710242,-0.17702492826077312,-0.49493647010904973,-1.562211712726766
0.3838118095127535,0.5012988022868932,-0.44342769329900983,-0.5434229280036967,0.445464200482312,-0.05426358234673459,-0.8945280880306941,0.5438263534368302,0.875840473261921,0.31192625337822627,-0.04697341571952417
-0.4564478960753633,-0.9191590555912804,-0.2383461999081393,1.4861978081492981,-0.4055749648063402,1.3529129133131619,0.40978126030013035,0.12907500458210353,-0.3008914460869726,-1.1000835127245072,0.20556630044835
-0.30367340415025107,-0.5048588470434797,1.128863756030996,0.2507764904909534,-0.21340483070890257,1.4091999731395577,1.2029423505013073,0.4325516013050898,-0.11509166934767477,-0.5621750303996562,-0.9729523750017269
-0.3800606501128069,0.6196702904434077,-0.10162520431422599,0.052226635867290795,-0.570292222604144,-0.1668377019995263,0.9033037164253072,-1.118551004167947,-0.672490999565571,-0.49493647010904973,1.3840849758984255
-0.30367340415025107,-0.6824160792782514,0.0350957912796877,0.7802427694873867,-0.2957634596078045,0.9589034945283909,0.7975489043984836,-0.005803482850355592,-0.92022403521797,-0.09150510836541155,-0.04697341571952417
-0.9147713718506992,-0.3864873588869651,-0.5117881910959666,2.8098635056403816,-0.26831058330817054,0.6774681953964116,-0.048489591816105244,1.4913477276496898,-0.7963575173917705,-0.5621750303996562,-1.3938519019481828
-0.7619968799255871,-1.4518307522955956,0.6503402714522984,-0.8964004473346523,-0.46048071740560814,-0.7297083002634849,-0.6653926619725763,-1.570393937066612,-0.5486244817393715,0.17744913279701416,0.7106457327840968
-0.532835142037919,0.678856034521665,0.6503402714522984,2.5892525560585344,0.7474458397782857,1.6343482124451412,1.9079744306801314,1.6059944419672634,-0.3008914460869726,0.31192625337822627,-1.3096719965588919
0.765748039325533,-0.44567310296522245,0.7870612670462122,-0.764033877585544,-0.5977450989037778,0.05831053730605713,0.25114904225989493,-0.9904164411071162,-0.7963575173917705,-0.2259822289466244,1.4682648812877177
0.3838118095127535,-0.031372894417421755,-0.2383461999081393,1.30970904848382,-0.46048071740560814,0.05831053730605713,0.05726522021071835,1.2182187905990136,0.2565078841309237,-1.6379919950493582,-1.1413121857803101
-0.07451166626258313,-0.09055863849567904,-0.44342769329900983,-0.764033877585544,-0.7350094804019477,-0.27941182165231804,0.21589743825095375,-1.4962107689787725,-0.05315841043457366,-1.3017991935963262,1.2999050705091346
-0.9147713718506992,-0.14974438257393632,0.0350957912796877,-0.05807883892363283,-0.43302784110597414,0.5648940757436198,1.2734455585191897,-0.7375192771713256,-0.05315841043457366,0.042972012215801304,0.37392611122693176
0.001875579699973319,1.2115277312259802,-1.5371956580503183,-0.7860949725437287,1.4063148709695004,-0.7859953600898807,0.6565424883627188,-0.2485847602287221,-0.9821572941310711,0.24468769308761984,-1.1413121857803101
0.1546500716250855,-0.5048588470434797,0.0350957912796877,-0.30075088346366474,-0.6801037278026797,-0.05426358234673459,1.396826172550484,-1.078087457938213,-0.7963575173917705,0.9170732959936841,1.6366246920662995
1.6060077449136505,0.3237415700521216,1.197224253827953,-0.5654840229618815,0.7748987160779197,0.45231995609082815,0.49791027032248336,1.1002001140956446,-0.05315841043457366,0.11021057250640773,-0.9729523750017269
-0.07451166626258313,-0.6232303351999943,0.6503402714522984,2.8098635056403816,-0.2957634596078045,0.508607015917224,0.5507876763358952,1.7745925512578278,0.566174178696421,-0.9656063921432944,-1.562211712726766
-0.9147713718506992,0.027812849660835207,0.9921427604370827,-0.9184615422928369,-0.6526508515030457,-1.1800047788746517,-0.8592764840217528,-1.7524798951003961,0.07070810739162582,-1.2345606333057202,1.2999050705091346
-0.3800606501128069,-0.44567310296522245,0.10345628907664453,-0.32281197842184944,-0.6251979752034118,-1.1800047788746517,-1.211792524111165,-1.0443678360801074,-0.92022403521797,-0.898367831852688,-0.04697341571952417
-0.7619968799255871,-0.564044591121737,1.128863756030996,1.089098098901973,-0.3506692122070724,2.7038023491466627,2.225238866760602,0.6787048408692893,0.13264136630472417,-0.4276979098184437,-0.8887724696124361
-0.4564478960753633,-0.6232303351999943,-0.3067066977050961,1.1552813837765272,-0.26831058330817054,1.3529129133131619,1.8550970246667196,0.972065551034814,-1.1679570708703688,-0.5621750303996562,-1.4780318073374736
-0.07451166626258313,-0.3864873588869651,-0.375067195502053,-0.6978505927109898,-0.21340483070890257,-1.011143599395464,-0.48913464192787026,-0.38346324766118123,-0.4866912228262732,-1.0328449524339007,-0.9729523750017269
0.6893607933629772,-0.5048588470434797,-0.3067066977050961,-0.16838431371455645,-0.7350094804019477,0.7337552552228074,0.16302003223754197,-0.8150744074449606,-0.42475796391317205,-1.3690377538869325,0.5422859220055135
-0.6092223880004748,-1.2742735200608237,-0.2383461999081393,-0.9184615422928369,-0.3232163359074385,0.11459759713245299,-0.47150883992339965,-0.9398370083199582,1.4951730623929185,-0.09150510836541155,0.5422859220055135
-1.5258693395511473,-0.6232303351999943,0.9237822626401259,-0.2786897885054801,-0.8173681093008495,-0.5045600609579014,0.25114904225989493,-0.8555379536746947,1.9906391336977136,-0.29322078923723083,0.5422859220055135
0.07826282566252908,-0.6232303351999943,0.17181678687360138,2.280397226643948,-0.1859519544092686,0.45231995609082815,1.0619359344655426,1.2687982233861717,-1.22989032978347,-0.7638907112714755,-1.3096719965588919
0.6129735474004214,1.8625709160868098,2.7695157031579587,2.75471076824492,-0.4055749648063402,1.8032093919243288,2.101858252729308,1.8083121731159333,-1.9111561778275659,0.9843118562842905,-0.9729523750017269
-0.532835142037919,-1.0967162878260521,0.17181678687360138,-0.8081560675019134,-0.7624623567015816,-0.05426358234673459,0.33927805228224794,-1.1657584747693095,0.628107437609522,0.7153576151218648,0.7948256381733877
-0.3800606501128069,-0.44567310296522245,-0.44342769329900983,0.6478761997382784,-0.10359332551036686,1.3529129133131619,1.5554583905907193,0.5269665425077775,-0.05315841043457366,-0.6966521509808691,-1.057132280391018
0.6893607933629772,-0.3864873588869651,0.17181678687360138,-0.8302171624600981,-0.5977450989037778,-1.06743065922186,0.21589743825095375,-0.7476351637287497,-0.5486244817393715,-0.2259822289466244,-0.6362327534445619
-0.991158617813255,-0.6232303351999943,-1.3321141646594479,-0.8081560675019134,-0.5977450989037778,1.690635272271537,2.3486194807918968,-0.32276792831656154,0.6900406965226205,-0.6294135906902626,-0.8045925642231452
-0.7619968799255871,-1.0375305437477949,-0.10162520431422599,-0.8743393523764675,-0.54283934630451,-0.8985694797426724,-0.6125152559591645,-0.5183417350936029,1.6809728391322163,0.042972012215801304,-0.21533322649810593
0.6129735474004214,1.5666421956955234,0.4452587780614284,1.552381093023852,6.704719996798851,-0.33569888147871385,1.8727228266711902,1.6059944419672634,-1.7872896600013664,-0.36045934952783726,-1.1413121857803101
-0.9147713718506992,0.8860061387955652,-0.3067066977050961,-0.01395664900726334,2.751505809651564,-0.7297083002634849,0.26877484426436554,-0.1946333652557684,-1.22989032978347,-1.1673220730151137,-1.057132280391018
-0.4564478960753633,-0.6824160792782514,-0.9219511778777073,0.758181674529202,-0.3506692122070724,1.6343482124451412,1.308697162528131,0.3516245088456218,-0.42475796391317205,-0.29322078923723083,-0.8887724696124361
-1.1439331097383671,-0.44567310296522245,-1.058672173471621,0.8684871493201256,-0.10359332551036686,0.11459759713245299,-0.048489591816105244,0.06837968523748382,0.81390721434882,-1.1000835127245072,-0.13115332110881506
-0.6092223880004748,-0.09055863849567904,-0.2383461999081393,-0.23456759858911058,-0.46048071740560814,-0.33569888147871385,-0.5772636519502232,-1.4287715252625617,0.19457462521782254,0.7153576151218648,1.7208045974555906
-0.3800606501128069,-0.800787567434766,0.7187007692492553,0.8905482442783103,-0.21340483070890257,0.05831053730605713,0.6389166863582482,0.25720956764289665,-0.672490999565571,1.3877432180279283,-0.552052848055271
-1.0675458637758115,0.20537008189560707,-0.375067195502053,-0.8743393523764675,0.033671055987803,-0.5608471207842973,0.46265866631354213,-0.6161286384821236,0.2565078841309237,-0.6966521509808691,-0.7204126588338543
0.6129735474004214,-0.3864873588869651,0.7187007692492553,0.4493263451146158,-0.3232163359074385,0.6211811355700156,0.9738069244431895,0.4595272987915666,-0.36282470500007374,-0.6966521509808691,0.037206489669766724
-0.07451166626258313,-0.14974438257393632,0.17181678687360138,2.0818473720202855,-0.4879335937052421,0.9026164347019949,0.6389166863582482,0.15605070206858038,0.9377737321750194,-0.2259822289466244,1.6366246920662995
0.6129735474004214,-0.031372894417421755,1.197224253827953,0.8684871493201256,-0.6526508515030457,0.508607015917224,1.1676907464923663,-0.31602400394493296,-0.6105577406524727,-1.0328449524339007,1.4682648812877177
0.3838118095127535,0.8564132667564366,4.683609641472749,3.2069632148877067,-0.7350094804019477,-0.11055064217313045,0.3745296562911892,0.9316020048050799,0.07070810739162582,-0.898367831852688,1.2157251651198437
1.1476842691383131,-0.2089301266521936,-0.716869684486837,0.11840992074184492,-0.4879335937052421,-0.11055064217313045,-0.8240248800128116,-0.4239267938908778,-1.6634231421751668,-0.09150510836541155,0.37392611122693176
-1.0675458637758115,-0.2089301266521936,-0.03326470651726914,0.5375707249473548,-0.13104620181000085,1.4091999731395577,2.0489808467158963,0.12233108021047497,-0.23895818717387424,-0.49493647010904973,-0.6362327534445619
-1.2203203557009237,-1.333459264139081,-0.375067195502053,-0.16838431371455645,-0.515386470004876,-0.6734212404370891,-0.29525081987869367,0.0784955717949454,0.81390721434882,-0.49493647010904973,-1.1413121857803101
-0.15089891222513888,2.010535276282453,-2.1524401382229295,-0.6978505927109898,0.28074694268450856,0.5648940757436198,-0.8945280880306941,1.1339197359537498,2.3003054282632136,1.8584131400621733,-0.552052848055271
-0.9147713718506992,-0.14974438257393632,-0.10162520431422599,0.4934485350309853,3.2182047067453405,0.9026164347019949,0.7975489043984836,0.22011798359899568,-0.3008914460869726,-0.29322078923723083,-0.9729523750017269
-0.22728615818769465,-0.9191590555912804,0.24017728467055785,-0.7419727826273592,-0.570292222604144,0.17088465695884883,-0.22474761186081124,-0.4677623023064448,-0.11509166934767477,0.042972012215801304,0.20556630044835
-0.6092223880004748,0.20537008189560707,-0.375067195502053,0.6919983896546477,-0.3781220885067064,-0.11055064217313045,-0.27762501787422306,-0.7408912393571212,-1.4776233654358661,-1.5035148744681455,0.7106457327840968
0.07826282566252908,-0.9783447996695377,2.2909922185792615,-0.8081560675019134,-0.2957634596078045,-0.11055064217313045,0.7622973003895424,0.021172214636158697,0.628107437609522,0.5808804945406519,-0.9729523750017269
-0.30367340415025107,-0.6824160792782514,0.5136192758583852,2.4348248913512416,-0.10359332551036686,2.309792930361892,1.4144519745549546,1.4373963326767363,-0.3008914460869726,0.7153576151218648,-0.2995131318873983
-0.3800606501128069,1.8625709160868098,-2.1524401382229295,1.7509309476475146,-0.6526508515030457,0.11459759713245299,-0.6830184639770468,0.3280207735449405,-0.4866912228262732,-0.2259822289466244,0.12138639505905761
0.07826282566252908,-0.5048588470434797,0.3085377824675147,0.030165540909106146,-0.46048071740560814,0.05831053730605713,0.48028446831801275,-0.48462211323549753,-0.42475796391317205,0.3791648136688327,0.37392611122693176
-0.22728615818769465,0.678856034521665,-0.7852301822837936,-0.9184615422928369,-0.07614044921073289,-1.4051530181802352,0.21589743825095375,-0.8555379536746947,-0.7963575173917705,-0.7638907112714755,-0.13115332110881506
0.6129735474004214,1.2115277312259802,-0.9903116756746639,0.6919983896546477,-0.46048071740560814,-0.9548565395690684,-0.9474054940441059,0.35836843321725037,-0.8582907763048716,-1.570753434758752,-0.8887724696124361
1.300458761063426,1.4778635795781374,0.6503402714522984,0.6258151047800937,0.8023515923775533,0.002023477479661268,-0.08374119582504645,1.7745925512578278,0.2565078841309237,0.24468769308761984,-1.057132280391018
-1.1439331097383671,-0.3864873588869651,0.3085377824675147,-0.7199116876691746,-0.43302784110597414,0.45231995609082815,-0.41863143390998786,-1.5231864664652492,0.2565078841309237,3.001468665002481,1.1315452597305526
0.2310373175876413,0.027812849660835207,-0.2383461999081393,1.000853719069234,-0.15849907810963482,-0.22312476182592217,0.7622973003895424,0.7967235173726583,-0.672490999565571,-0.024266548074805126,-1.1413121857803101
-0.6092223880004748,-0.3864873588869651,0.3085377824675147,-0.8302171624600981,-0.10359332551036686,-0.11055064217313045,1.2734455585191897,-0.8184463696307561,0.5042409197833226,-0.5621750303996562,0.20556630044835
-0.6092223880004748,-0.7416018233565087,-0.03326470651726914,1.949480802271177,-0.46048071740560814,1.5217740927923493,0.3745296562911892,0.7360281980280761,-0.11509166934767477,-1.0328449524339007,0.12138639505905761
-0.30367340415025107,-0.3273016148087082,1.6757477384066508,1.5082589031074827,-0.3781220885067064,2.0283576312299125,2.0489808467158963,0.8978823829469745,-1.2918235886965683,0.6481190548312584,-1.057132280391018
-1.0675458637758115,-0.9191590555912804,0.10345628907664453,-0.1904454086727411,-0.515386470004876,1.0714776141811826,0.33927805228224794,-1.169130436955105,-0.42475796391317205,-0.7638907112714755,0.6264658273948059
-1.5258693395511473,0.35333444209125026,-1.1270326712685776,-0.797125520022821,-0.515386470004876,-1.123717719048256,-1.2294183261156355,-1.1084351176105227,1.8048393569584158,-0.898367831852688,0.8790055435626786
-1.5258693395511473,0.11659146577822113,-1.6055561558472748,1.8612364224384383,-0.43302784110597414,0.3960328962644323,0.49791027032248336,0.8304431392307637,1.4332398034798173,-0.9656063921432944,-0.552052848055271
0.07826282566252908,4.289186423295357,-1.5371956580503183,-0.7419727826273592,3.3280162119438765,-1.123717719048256,-0.4362572359144585,0.5606861643658829,0.4423076608702215,0.24468769308761984,-1.3096719965588919
0.9185225312506459,-1.0967162878260521,0.10345628907664453,-0.7860949725437287,-0.6526508515030457,-0.7859953600898807,-0.27762501787422306,-0.1811455165125113,-0.5486244817393715,-0.7638907112714755,-0.7204126588338543
-0.9147713718506992,-1.0375305437477949,-0.10162520431422599,0.4934485350309853,-0.4879335937052421,0.508607015917224,-0.17187020584739945,-0.6801959200125389,-1.9730894367406642,0.24468769308761984,0.37392611122693176
-1.2203203557009237,-0.564044591121737,-0.375067195502053,-0.32281197842184944,-0.54283934630451,-0.6734212404370891,0.022013616201777154,-1.3950519034044562,1.1855067678274183,-0.2259822289466244,1.7208045974555906
0.001875579699973319,0.3237415700521216,0.4452587780614284,-0.6316673078364355,-0.7350094804019477,0.5648940757436198,-0.08374119582504645,-1.2770332269010498,0.2565078841309237,-0.49493647010904973,1.7208045974555906
-1.0675458637758115,-0.3864873588869651,-0.10162520431422599,-0.7860949725437287,-0.8448209856004835,0.05831053730605713,0.0043878141973065525,-1.6917845757558139,0.566174178696421,0.44640337395943913,1.6366246920662995
0.30742456355019704,0.7972275226781793,-0.03326470651726914,-0.49930073808732733,0.3631055715834105,-1.461440078006631,-1.7405665842452829,0.8068394039300825,-0.05315841043457366,0.11021057250640773,-0.21533322649810593
-0.6092223880004748,-1.0375305437477949,-0.3067066977050961,1.0670370039437882,-0.26831058330817054,-0.22312476182592217,-0.22474761186081124,0.4797590719064149,0.6900406965226205,-0.2259822289466244,-0.552052848055271
-1.0675458637758115,-0.9191590555912804,-0.5117881910959666,-0.8302171624600981,-0.3506692122070724,0.45231995609082815,0.25114904225989493,-0.3092800795733418,3.353170829785908,0.44640337395943913,0.037206489669766724
0.2310373175876413,-0.3273016148087082,-0.5117881910959666,1.0670370039437882,0.033671055987803,-0.27941182165231804,0.022013616201777154,0.38197216851793164,-0.4866912228262732,-0.49493647010904973,0.2897462058376409
-0.6092223880004748,-0.09055863849567904,-0.2383461999081393,-0.8743393523764675,-0.515386470004876,0.002023477479661268,-0.06611539382057585,-0.9566968192490108,-0.672490999565571,-0.7638907112714755,-0.04697341571952417
-0.9147713718506992,-0.9191590555912804,-0.16998570211118283,-0.8522782574182828,-0.2957634596078045,-0.05426358234673459,-0.38337982990104663,-1.4186556387051001,-0.05315841043457366,-0.024266548074805126,0.6264658273948059
0.07826282566252908,-0.14974438257393632,-0.44342769329900983,0.47138744007280065,-0.021234696611464945,0.9589034945283909,1.1676907464923663,0.5269665425077775,-0.92022403521797,-0.4276979098184437,-1.4780318073374736
-0.991158617813255,0.5604845463651504,-2.1524401382229295,-0.764033877585544,-0.4055749648063402,-1.5177271378330268,-1.8110697922631653,-0.04626702908008959,1.5571063213060168,2.127367381224598,0.9631854489519694
0.6129735474004214,-0.44567310296522245,1.7441082362036069,1.1773424787347118,-0.10359332551036686,-0.6734212404370891,0.35690385428671856,0.9383459291767086,-0.672490999565571,0.9843118562842905,-1.3096719965588919
-0.3800606501128069,-0.2681158707304509,0.24017728467055785,-0.8081560675019134,3.3829219645431445,0.3397458364380364,0.8151747064029542,-0.28230438208682757,-0.7344242584786721,0.042972012215801304,-0.9729523750017269
-0.6092223880004748,-0.2089301266521936,-1.5371956580503183,-0.8081560675019134,0.2532940663848746,-0.8422824199162766,-1.5114311581871651,0.017800252450325692,1.1855067678274183,1.1187889768655026,-0.4678729426659801
1.5296204989510933,2.424835484830253,-0.9219511778777073,-0.6316673078364355,2.504429922954858,-1.123717719048256,-0.18949600785187004,0.7967235173726583,-2.220822472393063,5.556533956045524,-0.2995131318873983
-0.532835142037919,0.678856034521665,-0.03326470651726914,-0.01395664900726334,-0.8173681093008495,-0.8422824199162766,-0.7358958699904586,-0.9735566301780636,0.19457462521782254,0.44640337395943913,0.7948256381733877
0.1546500716250855,-0.564044591121737,0.37689828026447153,1.8612364224384383,0.08857680858707076,1.24033879366037,1.3792003705460134,0.9990412485213283,-1.4156901065227678,-0.6294135906902626,-1.225492091169601
-0.9147713718506992,-0.8599733115130231,0.10345628907664453,-0.8743393523764675,-0.4879335937052421,0.8463293748755991,0.21589743825095375,-1.3579603193605179,0.5042409197833226,-0.5621750303996562,0.8790055435626786
-0.8383841258881435,-0.031372894417421755,-0.44342769329900983,-0.7199116876691746,0.7474458397782857,-1.461440078006631,-1.5114311581871651,0.0346600633793784,0.81390721434882,-0.6294135906902626,-0.3836930372766892
-0.7619968799255871,-0.564044591121737,1.0605032582340392,1.4420756182329284,-0.24085770700853654,1.8032093919243288,1.6964648066264842,0.7630038955145528,-0.23895818717387424,-0.2259822289466244,-0.8887724696124361
-0.15089891222513888,-0.7416018233565087,-0.5117881910959666,1.30970904848382,-0.43302784110597414,2.534941169667475,0.9385553204342484,0.18302639955505723,-1.5395566243489673,0.17744913279701416,-0.04697341571952417
0.30742456355019704,0.9747847549129511,-0.5117881910959666,-0.5875451179200661,0.9396159738757232,-1.2362918387010475,-1.335173138142459,1.1676393578118553,1.4951730623929185,0.8498347357030777,-0.8045925642231452
-0.07451166626258313,0.738041778599922,-2.1524401382229295,-0.6316673078364355,0.28074694268450856,-1.2925788985274433,-1.7581923862497535,0.2133740592273671,1.0616402500012188,0.31192625337822627,0.2897462058376409
1.6823949908762061,0.3237415700521216,1.0605032582340392,-0.5654840229618815,0.8298044686771873,-1.3488659583538394,-1.6524375742229298,1.0732244166091678,-0.4866912228262732,-0.2259822289466244,-0.04697341571952417
-0.532835142037919,-0.3864873588869651,-0.2383461999081393,3.383451974553184,-0.43302784110597414,0.5648940757436198,0.5331618743314246,1.9094710386902496,-0.5486244817393715,-1.0328449524339007,-1.562211712726766
-0.9147713718506992,-0.14974438257393632,0.10345628907664453,1.0670370039437882,-0.6801037278026797,-0.4482730011315056,-0.41863143390998786,-0.6599641468976531,-0.7963575173917705,-0.6966521509808691,1.2999050705091346
-0.532835142037919,-0.6824160792782514,0.3085377824675147,2.4789470812676107,-0.515386470004876,0.7337552552228074,0.33927805228224794,1.5857626688524151,0.19457462521782254,-0.8311292715620819,-1.4780318073374736
0.30742456355019704,-0.5048588470434797,0.0350957912796877,-0.8302171624600981,-0.24085770700853654,-0.3919859413051097,-0.6653926619725763,-1.4287715252625617,-1.6634231421751668,-0.49493647010904973,1.2157251651198437
-0.3800606501128069,-0.3864873588869651,-1.1953931690655344,-0.8081560675019134,-0.3781220885067064,1.9157835115771207,0.7975489043984836,-0.8555379536746947,-0.36282470500007374,-0.9656063921432944,-0.4678729426659801
-0.15089891222513888,-0.44567310296522245,0.3085377824675147,3.449635259427738,-0.3232163359074385,0.8463293748755991,0.9914327264476601,2.1792280135550928,-1.4156901065227678,-0.5621750303996562,-1.4780318073374736
0.3838118095127535,1.2707134753042375,-0.7852301822837936,-0.6757894977528051,0.5003699530815799,-1.1800047788746517,-1.3175473361379884,1.4036767108186308,1.5571063213060168,0.5808804945406519,-1.057132280391018
1.9879439747264307,3.756514726591041,0.0350957912796877,-0.6096062128782509,0.5827285819804818,0.28345877661164054,0.6741682903671894,1.1676393578118553,0.13264136630472417,-0.36045934952783726,-0.9729523750017269
-0.07451166626258313,-0.800787567434766,0.37689828026447153,-0.5875451179200661,-0.8448209856004835,-0.3919859413051097,-0.24237341386528186,-1.4287715252625617,-0.4866912228262732,-1.0328449524339007,0.7106457327840968
-1.0675458637758115,-0.2681158707304509,-1.5371956580503183,0.27283758544913805,-0.4055749648063402,0.3397458364380364,0.42740706230460096,-0.24184083585709354,-0.4866912228262732,-0.36045934952783726,-0.7204126588338543
-0.9147713718506992,0.26455582597386434,-1.2637536668624911,-0.8522782574182828,-0.4055749648063402,1.690635272271537,1.0266843304566013,-1.1455267016544237,-1.0440905530441695,-0.09150510836541155,0.037206489669766724
1.1476842691383131,0.678856034521665,-0.03326470651726914,-0.5654840229618815,1.9004666443629115,-0.33569888147871385,-0.8769022860262234,0.9855533997780711,-0.7963575173917705,1.3877432180279283,-0.8045925642231452
0.1546500716250855,-0.2089301266521936,1.128863756030996,2.015664087145731,-0.4055749648063402,1.8032093919243288,1.5907099945996606,1.2687982233861717,-1.0440905530441695,0.3791648136688327,-0.9729523750017269
-0.30367340415025107,-0.3273016148087082,-1.058672173471621,-0.8081560675019134,-0.515386470004876,5.2085765114212785,2.128296955736014,-0.7880987099584837,-0.4866912228262732,-0.4276979098184437,-0.4678729426659801
-0.30367340415025107,-0.6232303351999943,0.37689828026447153,0.5265401774682624,-0.3781220885067064,1.6343482124451412,1.308697162528131,0.4224357147476282,-0.17702492826077312,-0.2259822289466244,-0.9729523750017269
0.30742456355019704,3.2830287739649835,-1.7422771514411886,-0.5654840229618815,0.6101814582801158,-1.4051530181802352,-1.828695594267636,0.7292842736564474,0.9997069910881204,0.17744913279701416,-0.6362327534445619
-0.4564478960753633,2.2472782525954815,-0.7852301822837936,0.6037540098219089,0.445464200482312,-0.05426358234673459,-0.6125152559591645,1.066480492237539,0.38037440195712313,0.042972012215801304,-1.1413121857803101
-0.4564478960753633,-0.8599733115130231,0.4452587780614284,0.6258151047800937,-0.13104620181000085,0.002023477479661268,0.5507876763358952,0.054891836494264115,0.566174178696421,0.17744913279701416,0.37392611122693176
-1.2967076016634793,0.8564132667564366,-1.9473586448320592,-0.7199116876691746,-0.3506692122070724,-0.11055064217313045,-0.47150883992339965,-1.260173415971997,1.6809728391322163,1.925651700352779,2.8993232729056673
-0.15089891222513888,-1.0967162878260521,-0.375067195502053,0.4934485350309853,-0.26831058330817054,0.002023477479661268,1.8727228266711902,0.5674300887375114,0.9377737321750194,0.31192625337822627,-0.3836930372766892
-1.2203203557009237,-0.9191590555912804,1.0605032582340392,-0.12426212379818696,-0.7350094804019477,-0.6171341806106931,-0.030863789811634647,-0.7880987099584837,2.0525723926108146,-0.5621750303996562,0.5422859220055135
0.6893607933629772,2.602392717065025,1.4023057472188234,-0.6757894977528051,1.7906551391643755,0.3960328962644323,0.69179409237166,0.7967235173726583,-0.11509166934767477,1.0515504165748963,-1.057132280391018
-0.15089891222513888,0.26455582597386434,-0.03326470651726914,0.052226635867290795,3.0809403252471714,0.11459759713245299,0.8504263104118953,0.6618450299402366,-0.17702492826077312,-0.36045934952783726,-0.9729523750017269
-1.6786438314762595,0.6492631624825363,-0.9219511778777073,-0.6978505927109898,-0.570292222604144,0.17088465695884883,-0.13661860183845825,-2.3864087860328453,-0.11509166934767477,1.9928902606433856,2.8993232729056673
-0.30367340415025107,0.0869985937390925,0.0350957912796877,-0.764033877585544,-0.4879335937052421,-1.123717719048256,0.18064583424201255,0.08861145835236954,0.4423076608702215,0.9170732959936841,-0.8045925642231452
3.057365418202214,1.921756660165067,1.6073872406096938,-0.6096062128782509,0.7474458397782857,-1.3488659583538394,-1.775818188254224,1.8420317949740388,-0.36282470500007374,1.186027537156109,-0.8887724696124361
0.46019905547530926,0.4421130582086359,-0.375067195502053,0.9126093392364949,0.033671055987803,0.2271717167852447,1.5025809845773075,0.8978823829469745,-0.5486244817393715,0.11021057250640773,-1.057132280391018
0.5365863014378657,0.4421130582086359,1.197224253827953,0.6919983896546477,-0.021234696611464945,0.11459759713245299,0.8856779144208365,0.6618450299402366,0.38037440195712313,0.44640337395943913,0.5422859220055135
-0.30367340415025107,-0.5048588470434797,0.0350957912796877,0.42726525015643113,-0.43302784110597414,0.45231995609082815,0.07489102221518895,-0.2148651383706167,0.13264136630472417,-0.09150510836541155,0.20556630044835
1.9879439747264307,0.9747847549129511,-0.8535906800807505,-0.41105635825458836,0.6650872108793838,-1.2362918387010475,-1.4761795541782239,1.3025178452442772,0.008774848478524704,0.31192625337822627,-0.04697341571952417
1.5296204989510933,-0.2089301266521936,0.3085377824675147,-0.6316673078364355,0.6101814582801158,-1.06743065922186,-1.4585537521737533,0.5438263534368302,0.628107437609522,2.1946059415152046,1.2157251651198437
0.07826282566252908,1.2115277312259802,-2.0840796404259723,-0.7199116876691746,0.994521726474991,-1.1800047788746517,-1.7405665842452829,0.20325817266994295,0.7519739554357215,0.31192625337822627,0.37392611122693176
-1.6022565855137039,-1.0671234157869234,-0.6485091866898801,0.14047101570002976,-0.26831058330817054,0.6774681953964116,0.5684134783403657,-0.38346324766118123,-0.3008914460869726,0.11021057250640773,-0.552052848055271
-0.6092223880004748,-0.6232303351999943,-0.5801486888929233,0.4934485350309853,0.3356526952837765,0.05831053730605713,0.7622973003895424,0.5606861643658829,0.13264136630472417,-0.024266548074805126,-1.225492091169601
-0.532835142037919,-0.031372894417421755,-0.2383461999081393,-0.7199116876691746,-0.43302784110597414,0.7337552552228074,1.308697162528131,-0.5857809788098138,-0.6105577406524727,-1.1000835127245072,-0.8045925642231452
0.1546500716250855,1.5074564516172662,-0.375067195502053,0.4934485350309853,0.3631055715834105,0.3397458364380364,0.12776842822860077,1.2350786015280661,0.875840473261921,-0.29322078923723083,-0.9729523750017269
-0.6856096339630313,-1.1559020319043094,-0.10162520431422599,-0.8081560675019134,-0.9546324907990192,0.45231995609082815,-0.24237341386528186,-1.1961061344415818,1.1855067678274183,0.24468769308761984,0.7106457327840968
-0.07451166626258313,-0.6824160792782514,-0.2383461999081393,-0.6978505927109898,-0.2957634596078045,0.17088465695884883,-0.18949600785187004,-1.540046277394302,-0.672490999565571,-1.5035148744681455,1.2157251651198437
-0.7619968799255871,-0.0017800223782934374,-0.3067066977050961,1.1111591938601575,-0.021234696611464945,0.45231995609082815,1.2910713605236603,0.10884323146721782,0.5042409197833226,0.17744913279701416,0.037206489669766724
-0.3800606501128069,0.20537008189560707,-0.375067195502053,0.9898231715901418,-0.570292222604144,0.28345877661164054,-0.40100563190551725,-0.8892575755328,-1.5395566243489673,-1.1000835127245072,1.5524447866770086
-0.6856096339630313,0.027812849660835207,-0.10162520431422599,0.14047101570002976,-0.5977450989037778,-1.2362918387010475,-0.29525081987869367,-0.6195006006679192,0.2565078841309237,-0.8311292715620819,0.37392611122693176
1.2240715151008703,-0.09055863849567904,0.855421764843169,0.2838681329282304,-0.8997267381997514,-1.1800047788746517,-0.47150883992339965,-0.9566968192490108,-1.6634231421751668,-0.898367831852688,1.7208045974555906
0.6893607933629772,-0.2681158707304509,1.197224253827953,1.5965032829402217,-0.21340483070890257,1.1277646740075784,0.5331618743314246,0.8641627610888691,-0.8582907763048716,0.24468769308761984,-0.2995131318873983
-0.30367340415025107,0.3829273141303786,-0.03326470651726914,0.8243649594037563,0.7474458397782857,-0.22312476182592217,-1.211792524111165,1.2485664502713234,0.9377737321750194,0.7153576151218648,-0.3836930372766892
-0.7619968799255871,2.0993138923998385,-1.1270326712685776,0.008104445950921305,0.5278228293812139,-0.9548565395690684,-1.5290569601916357,0.5674300887375114,1.928705874784615,0.44640337395943913,1.1315452597305526
-0.07451166626258313,0.5012988022868932,-0.44342769329900983,-0.49930073808732733,-0.570292222604144,0.7337552552228074,0.32165225027777733,-1.6142294454821415,-0.11509166934767477,-0.4276979098184437,2.3942438405699207
-0.4564478960753633,1.152341987147723,-0.716869684486837,2.4789470812676107,-0.04868757291109892,0.6211811355700156,1.2029423505013073,1.3699570889605253,0.7519739554357215,0.042972012215801304,-0.13115332110881506
0.001875579699973319,-0.14974438257393632,0.581979773655342,0.8023038644455713,-0.515386470004876,0.8463293748755991,0.7094198943761305,0.3853441307037272,-0.17702492826077312,-0.4276979098184437,-0.13115332110881506
1.3768460070259818,-1.0375305437477949,1.197224253827953,-0.8964004473346523,-0.4879335937052421,0.9026164347019949,0.30402644827330677,-0.5183417350936029,-0.8582907763048716,-0.158743668656018,-0.04697341571952417
-1.4494820935885917,1.4186778354998801,-1.6739166536442318,0.4493263451146158,-0.3506692122070724,0.2271717167852447,0.5507876763358952,-0.012547407221946727,0.6900406965226205,0.24468769308761984,-0.7204126588338543
-0.30367340415025107,-0.2681158707304509,-0.6485091866898801,0.2507764904909534,0.08857680858707076,0.6211811355700156,1.3439487665370722,1.3632131645888967,-0.3008914460869726,-0.158743668656018,-1.1413121857803101
-0.30367340415025107,0.14618433781734977,-0.2383461999081393,-0.6978505927109898,-0.8997267381997514,1.9157835115771207,-0.13661860183845825,-1.5535341261375593,1.371306544566719,0.44640337395943913,1.7208045974555906
-0.7619968799255871,1.2115277312259802,0.9237822626401259,1.5303199980656674,-0.21340483070890257,-0.1668377019995263,1.2734455585191897,0.9653216266631854,-0.36282470500007374,-0.2259822289466244,-1.057132280391018
-0.9147713718506992,-0.14974438257393632,0.9921427604370827,-0.7860949725437287,-0.1859519544092686,1.4654870329659535,1.3263229645326016,-0.4913660376071261,0.07070810739162582,-0.29322078923723083,-0.8045925642231452
-0.9147713718506992,0.26455582597386434,-0.375067195502053,-0.521361833045512,-0.515386470004876,0.508607015917224,1.2910713605236603,-0.4340426804483394,1.12357350891432,-0.2259822289466244,0.20556630044835
2.217105712614098,0.20537008189560707,1.2655847516249097,-0.5875451179200661,1.2965033657709644,-1.3488659583538394,-1.775818188254224,0.6382412946395554,-0.05315841043457366,0.7825961754124713,0.8790055435626786
-0.15089891222513888,-0.6232303351999943,1.0605032582340392,-0.8302171624600981,-0.3781220885067064,-0.6734212404370891,0.30402644827330677,-0.9364650461341626,-0.23895818717387424,-0.5621750303996562,0.37392611122693176
-1.0675458637758115,-0.2681158707304509,-0.5801486888929233,-0.7860949725437287,-0.6251979752034118,0.3960328962644323,0.12776842822860077,-1.9649135128064903,-1.6634231421751668,-1.3017991935963262,1.2999050705091346
2.0643312206889863,2.3360568687128676,-0.2383461999081393,-0.5434229280036967,0.5827285819804818,-0.5045600609579014,-0.6477668599681057,1.1676393578118553,0.318441143044022,-0.158743668656018,-0.6362327534445619
-0.15089891222513888,-0.8599733115130231,0.24017728467055785,0.8243649594037563,-0.54283934630451,0.05831053730605713,-0.18949600785187004,-0.22160906274224526,-0.6105577406524727,-0.29322078923723083,0.37392611122693176
-0.6856096339630313,-0.5048588470434797,-0.44342769329900983,0.6037540098219089,0.033671055987803,0.7900423150492033,0.9209295184297778,0.5269665425077775,0.07070810739162582,-0.8311292715620819,-1.3096719965588919
-0.15089891222513888,-0.6824160792782514,0.7187007692492553,2.8650162430358437,-0.1859519544092686,0.28345877661164054,0.5331618743314246,1.8083121731159333,-0.05315841043457366,-0.7638907112714755,-1.4780318073374736
3.592076139940107,0.14618433781734977,2.564434209767088,-0.6096062128782509,0.5827285819804818,-1.011143599395464,-1.5819343662050473,0.4258076769334612,-1.4156901065227678,0.7825961754124713,1.8891644082341736
3.592076139940107,2.0697210203607095,1.4706662450157801,-0.36693416833821896,1.9553723969621795,-1.2925788985274433,-1.6348117722184592,1.5722748201091579,-0.36282470500007374,2.060128820933992,1.3840849758984255
-0.7619968799255871,-1.1559020319043094,0.9921427604370827,-0.764033877585544,-0.4879335937052421,0.45231995609082815,0.16302003223754197,-0.5183417350936029,0.9377737321750194,-0.158743668656018,-0.7204126588338543
-0.3800606501128069,-1.0967162878260521,1.197224253827953,-0.5875451179200661,-0.2957634596078045,1.5217740927923493,1.2910713605236603,0.22348994578479123,2.424171946089413,1.8584131400621733,-0.13115332110881506
0.001875579699973319,1.0339704989912084,-1.6739166536442318,-0.8081560675019134,0.472917076781946,-1.4051530181802352,-1.6524375742229298,0.9316020048050799,0.566174178696421,1.8584131400621733,-0.8045925642231452
1.300458761063426,-1.333459264139081,0.9237822626401259,-0.7199116876691746,0.5003699530815799,-1.123717719048256,-1.6348117722184592,0.3313927357307361,1.12357350891432,1.5222203386091413,1.1315452597305526
0.2310373175876413,-0.6232303351999943,2.085910725188391,1.221464668651081,-0.3232163359074385,1.1840517338339742,0.69179409237166,1.0968281519098115,-0.42475796391317205,-0.6294135906902626,-1.4780318073374736
-0.30367340415025107,-0.14974438257393632,0.37689828026447153,-0.36693416833821896,-0.9271796144993852,-0.6171341806106931,-0.47150883992339965,-1.4624911471206672,-0.5486244817393715,-0.024266548074805126,1.8049845028448814
0.2310373175876413,-0.7416018233565087,-0.16998570211118283,-0.05807883892363283,-0.1859519544092686,0.17088465695884883,-0.47150883992339965,-0.1811455165125113,-0.5486244817393715,-0.7638907112714755,-0.552052848055271
-0.3800606501128069,-1.2742735200608237,0.0350957912796877,-0.30075088346366474,-1.091896872297189,0.11459759713245299,-0.25999921586975244,-0.35648755017466693,-0.672490999565571,-0.6294135906902626,-0.4678729426659801
0.07826282566252908,0.9747847549129511,-0.375067195502053,-0.3889952632964037,0.9121630975760892,-1.2925788985274433,0.3745296562911892,-0.04626702908008959,-1.3537568476096695,-0.09150510836541155,-1.4780318073374736
-0.15089891222513888,-1.2150877759825665,-0.2383461999081393,-0.8302171624600981,-0.8448209856004835,-1.123717719048256,-1.0179087020619884,-0.34299970143144726,1.4332398034798173,-0.5621750303996562,-0.552052848055271
-0.7619968799255871,-0.9783447996695377,0.4452587780614284,-0.7860949725437287,-0.7899152330012155,0.3397458364380364,0.05726522021071835,-0.5183417350936029,1.4951730623929185,0.042972012215801304,-0.7204126588338543
0.001875579699973319,-0.5048588470434797,0.581979773655342,0.27283758544913805,-0.26831058330817054,1.24033879366037,1.0266843304566013,0.4022039416327799,-0.3008914460869726,-0.024266548074805126,-0.8887724696124361
-1.6786438314762595,-0.44567310296522245,0.581979773655342,-0.8522782574182828,0.5278228293812139,0.6774681953964116,0.18064583424201255,-0.8420501049314375,0.566174178696421,-0.4276979098184437,-0.3836930372766892
-0.30367340415025107,-0.564044591121737,0.4452587780614284,0.669937294696463,-0.2957634596078045,-0.33569888147871385,0.7270456963806011,0.35836843321725037,0.628107437609522,0.3791648136688327,-0.2995131318873983
0.30742456355019704,-1.0375305437477949,0.24017728467055785,-0.764033877585544,-0.26831058330817054,0.7337552552228074,0.7094198943761305,-0.38346324766118123,0.81390721434882,1.0515504165748963,0.45810601661622263
-0.6856096339630313,0.26455582597386434,-1.058672173471621,-0.8081560675019134,0.6376343345797498,-1.06743065922186,-1.599560168209518,0.3246488113591449,0.6900406965226205,0.17744913279701416,-1.057132280391018
-1.0675458637758115,-0.17933725461306496,-0.8535906800807505,3.162841024971337,-0.7075566041023137,-0.11055064217313045,-0.13661860183845825,0.8439309879740209,-1.6014898832620656,-0.898367831852688,-0.004883463024877976
0.1546500716250855,-0.6824160792782514,0.4452587780614284,0.7802427694873867,-0.13104620181000085,0.6211811355700156,0.6389166863582482,0.2706974163861538,-1.0440905530441695,-0.49493647010904973,-0.21533322649810593
-0.07451166626258313,-1.0967162878260521,-0.44342769329900983,-0.8302171624600981,-0.6251979752034118,-0.11055064217313045,0.16302003223754197,-1.0241360629652216,0.2565078841309237,0.11021057250640773,0.7106457327840968
-0.6092223880004748,0.5012988022868932,-0.3067066977050961,-0.8743393523764675,-0.07614044921073289,-1.4051530181802352,-0.06611539382057585,-0.2148651383706167,0.07070810739162582,-0.09150510836541155,-1.225492091169601
0.3838118095127535,0.678856034521665,-0.9219511778777073,-0.3889952632964037,-0.07614044921073289,-0.6734212404370891,0.515536072326954,-0.2081212139989881,-0.672490999565571,-0.158743668656018,0.20556630044835
0.001875579699973319,-0.9191590555912804,-0.03326470651726914,-0.8081560675019134,-0.2957634596078045,0.3960328962644323,0.3745296562911892,-0.2148651383706167,0.6900406965226205,0.24468769308761984,-0.2995131318873983
-0.07451166626258313,2.040128148321581,-1.6055561558472748,-0.6537284027946203,0.17093543748597267,0.6774681953964116,-1.0884119100798706,0.5202226181361489,1.1855067678274183,0.44640337395943913,-0.2995131318873983
-0.4564478960753633,0.5012988022868932,-0.5117881910959666,1.5082589031074827,-0.46048071740560814,1.3529129133131619,0.7975489043984836,0.5674300887375114,-0.5486244817393715,0.042972012215801304,-0.6362327534445619
1.6823949908762061,0.5012988022868932,-0.5117881910959666,-0.49930073808732733,0.9670688501753572,-0.8985694797426724,-1.211792524111165,1.1676393578118553,-0.23895818717387424,1.3205046577373218,-0.4678729426659801
-0.4564478960753633,-0.8599733115130231,-0.3067066977050961,1.2876479535256355,-0.515386470004876,-0.05426358234673459,0.28640064626883616,0.14256285332532323,-0.7344242584786721,-0.6294135906902626,-0.04697341571952417
-0.4564478960753633,0.0869985937390925,-0.716869684486837,-0.7860949725437287,-0.21340483070890257,0.508607015917224,1.2381939545102485,-0.5857809788098138,-0.3008914460869726,-0.8311292715620819,-0.552052848055271
-0.3800606501128069,1.9513495322041956,-1.6739166536442318,-0.5875451179200661,0.8847102212764552,-0.7297083002634849,-0.5596378499457526,0.4258076769334612,0.7519739554357215,0.042972012215801304,-0.3836930372766892
-1.0675458637758115,1.5666421956955234,-1.4004746624564048,-0.7199116876691746,0.2532940663848746,-0.6734212404370891,-1.5114311581871651,0.09872734490979368,1.9906391336977136,0.8498347357030777,0.2897462058376409
-0.991158617813255,1.7737922999694238,-1.3321141646594479,-0.6757894977528051,0.5003699530815799,0.11459759713245299,-1.2294183261156355,0.3145329248016834,2.114505651523913,1.186027537156109,-0.2995131318873983
-0.6856096339630313,-0.3864873588869651,1.0605032582340392,1.3538312384001894,-0.46048071740560814,1.7469223320979328,1.2205681525057779,0.4662712231631952,-0.672490999565571,-0.158743668656018,-0.8887724696124361
2.9809781722396584,0.5604845463651504,0.7187007692492553,-0.6316673078364355,0.19838831378560665,-0.8985694797426724,-1.6700633762274004,1.026016946007805,0.13264136630472417,0.24468769308761984,-0.13115332110881506
-0.4564478960753633,-1.2150877759825665,0.855421764843169,-0.764033877585544,-0.4055749648063402,0.9589034945283909,0.46265866631354213,-0.5183417350936029,0.566174178696421,-0.158743668656018,-0.2995131318873983
1.0712970231757575,0.738041778599922,1.0605032582340392,-0.5875451179200661,0.472917076781946,-1.2925788985274433,-1.4938053561826945,1.1339197359537498,-0.92022403521797,-0.49493647010904973,-0.8887724696124361
-0.6092223880004748,-0.2089301266521936,0.581979773655342,0.29489868040732287,-0.4879335937052421,0.508607015917224,1.3615745685415428,0.19988621048410996,-0.5486244817393715,-0.09150510836541155,-0.6362327534445619
0.8421352852880901,-0.800787567434766,1.197224253827953,3.2510854048040763,-0.07614044921073289,1.1277646740075784,2.066606648720367,2.246667257271379,-1.4776233654358661,0.042972012215801304,-1.1413121857803101
0.001875579699973319,-0.09055863849567904,0.10345628907664453,-0.7419727826273592,0.11602968488670473,-1.5177271378330268,-1.775818188254224,0.49324692064967207,0.008774848478524704,3.8083313884897585,-0.4678729426659801
0.1546500716250855,0.3237415700521216,0.6503402714522984,1.9936029921875462,-0.10359332551036686,0.3960328962644323,1.4144519745549546,1.4576281057915845,-0.17702492826077312,0.6481190548312584,-0.9729523750017269
0.5365863014378657,-0.7416018233565087,0.4452587780614284,0.6478761997382784,-0.3781220885067064,0.9026164347019949,0.6741682903671894,-0.38346324766118123,-0.672490999565571,-1.436276314177539,0.7948256381733877
0.2310373175876413,-0.6824160792782514,-0.16998570211118283,-0.5434229280036967,-0.7075566041023137,-0.33569888147871385,-0.27762501787422306,-0.8757697267895429,-1.4156901065227678,0.042972012215801304,0.2897462058376409
-0.6092223880004748,0.4421130582086359,-0.8535906800807505,0.93467043419468,-0.3781220885067064,-0.11055064217313045,0.5507876763358952,-0.06987076438073343,0.008774848478524704,-0.024266548074805126,0.35709013014907387
-0.6092223880004748,-0.031372894417421755,-1.4688351602533614,-0.8743393523764675,-0.24085770700853654,-0.6171341806106931,-0.5243862459368115,-0.6195006006679192,-0.11509166934767477,-1.0328449524339007,-0.6362327534445619
-0.3800606501128069,-0.2089301266521936,-1.5371956580503183,-0.8081560675019134,-0.4879335937052421,1.296625853486766,0.48028446831801275,-0.8353061805598089,-0.672490999565571,-0.6294135906902626,-0.3836930372766892
-0.8383841258881435,-1.1559020319043094,0.581979773655342,-0.8522782574182828,-0.7350094804019477,-0.6171341806106931,-0.5243862459368115,-1.7794555925868731,-0.23895818717387424,2.866991544421268,2.0575242190127554
-0.8383841258881435,1.4482707075390087,-2.0840796404259723,-0.6537284027946203,-0.021234696611464945,-1.4051530181802352,-1.775818188254224,0.06163576086589269,1.8048393569584158,0.17744913279701416,0.7106457327840968
-0.6092223880004748,0.738041778599922,0.581979773655342,-0.5875451179200661,0.39055844788304406,-1.2362918387010475,-1.6700633762274004,0.5944057862239883,2.0525723926108146,1.3205046577373218,0.037206489669766724
-0.30367340415025107,-0.7416018233565087,0.24017728467055785,2.7436802207658273,-0.4879335937052421,0.45231995609082815,0.69179409237166,1.6397140638253687,0.07070810739162582,-0.7638907112714755,-1.3096719965588919
-0.3800606501128069,-0.6232303351999943,-0.10162520431422599,1.1332202888183422,0.3631055715834105,0.7900423150492033,1.1500649444878956,0.7157964249131903,-2.2827557313061644,-0.49493647010904973,-1.3938519019481828
-0.30367340415025107,-0.44567310296522245,-0.16998570211118283,-0.10220102884000232,-0.2957634596078045,-1.3488659583538394,-0.45388303791892903,0.014428290264530123,0.6900406965226205,-0.36045934952783726,0.037206489669766724
-0.22728615818769465,-0.3864873588869651,0.6503402714522984,-0.8081560675019134,-1.119349748596823,-1.3488659583538394,-1.0355345040664587,-1.9480537018774375,-0.42475796391317205,-0.898367831852688,2.3942438405699207
-1.2203203557009237,-0.44567310296522245,0.37689828026447153,-0.9184615422928369,-0.8722738619001174,-1.06743065922186,-1.1412893160932824,-2.0525845296375493,0.38037440195712313,-1.3690377538869325,2.1417041244020463
0.001875579699973319,-0.7416018233565087,-0.2383461999081393,0.47138744007280065,0.08857680858707076,0.6211811355700156,0.32165225027777733,-0.3497436258030384,-0.92022403521797,0.3791648136688327,0.6264658273948059
-0.6092223880004748,0.027812849660835207,-0.7852301822837936,0.14047101570002976,-0.6251979752034118,-0.6734212404370891,0.05726522021071835,-0.04626702908008959,0.628107437609522,-0.6966521509808691,-0.3836930372766892
0.1546500716250855,-0.6232303351999943,-0.16998570211118283,1.1111591938601575,-0.1859519544092686,-0.5045600609579014,-0.15424440384292884,0.5606861643658829,-0.6105577406524727,-1.2345606333057202,-0.8887724696124361
-0.991158617813255,-0.6232303351999943,-0.375067195502053,1.5965032829402217,-0.10359332551036686,0.2271717167852447,0.35690385428671856,0.8978823829469745,0.6900406965226205,-0.5621750303996562,-0.8887724696124361
2.140718466651542,0.678856034521665,0.855421764843169,-0.4772396431291426,0.22584119008524062,-1.461440078006631,-1.863947198276577,0.7427721223996672,0.628107437609522,0.5808804945406519,1.3840849758984255
0.1546500716250855,-0.3864873588869651,0.581979773655342,1.5082589031074827,-0.6801037278026797,-0.9548565395690684,-0.38337982990104663,0.5910338240381927,-1.3537568476096695,-0.49493647010904973,0.20556630044835
-1.0675458637758115,1.5666421956955234,-2.0840796404259723,0.7361205795710174,-0.43302784110597414,0.05831053730605713,-0.17187020584739945,-1.2264537941138918,0.19457462521782254,1.2532660974467156,2.9414132256003134
1.2240715151008703,-0.3864873588869651,0.9237822626401259,0.2066543005745839,-0.9546324907990192,-0.8985694797426724,-1.1412893160932824,-0.38346324766118123,-1.3537568476096695,-1.3690377538869325,0.45810601661622263
0.2310373175876413,-0.09055863849567904,1.128863756030996,3.1738715724504294,-0.24085770700853654,1.4091999731395577,2.2781162727740143,2.1792280135550928,-1.7253564010882652,-0.898367831852688,-1.4780318073374736
-0.15089891222513888,-0.2681158707304509,0.4452587780614284,2.170091751853024,-0.6801037278026797,1.690635272271537,1.1853165484968367,1.2687982233861717,-0.3008914460869726,0.5136419342500456,-1.057132280391018
0.07826282566252908,-0.8599733115130231,0.855421764843169,-0.8081560675019134,-0.3232163359074385,-0.5045600609579014,-0.27762501787422306,-0.720659466242273,-0.4866912228262732,-0.49493647010904973,-0.4678729426659801
0.9185225312506459,-0.14974438257393632,0.24017728467055785,1.464136713191113,-0.7624623567015816,-1.5177271378330268,-1.1941667221066943,-0.049638991265885155,-1.2918235886965683,-1.3017991935963262,1.0473653543412618
0.8421352852880901,-0.8599733115130231,1.197224253827953,-0.7419727826273592,-0.515386470004876,0.45231995609082815,0.9385553204342484,-0.2148651383706167,-1.1060238119572705,-1.1000835127245072,-0.3836930372766892
-0.532835142037919,-0.564044591121737,-0.3067066977050961,2.7216191258076425,0.19838831378560665,-0.05426358234673459,0.46265866631354213,1.0867122653523873,-0.17702492826077312,-0.29322078923723083,-0.3836930372766892
-0.3800606501128069,-0.6824160792782514,0.5136192758583852,-0.5654840229618815,3.1632989541460725,1.8594964517507246,0.779923102394013,-0.28230438208682757,-0.7344242584786721,-1.1673220730151137,-0.9729523750017269
0.001875579699973319,-0.3273016148087082,-0.9219511778777073,0.6919983896546477,-0.4055749648063402,0.6211811355700156,1.1676907464923663,0.6416132568253509,-0.42475796391317205,-0.29322078923723083,-1.225492091169601
0.46019905547530926,-0.800787567434766,0.5136192758583852,-0.7199116876691746,-0.6251979752034118,1.8032093919243288,1.1676907464923663,-1.1927341722557863,-0.8582907763048716,1.4549817783185348,1.7208045974555906
-0.532835142037919,-0.564044591121737,-0.3067066977050961,2.2362750367275788,-0.21340483070890257,2.534941169667475,1.8198454206577783,0.8978823829469745,-0.23895818717387424,-0.9656063921432944,-0.552052848055271
0.8421352852880901,-0.8599733115130231,0.24017728467055785,-0.9184615422928369,-0.1859519544092686,-1.011143599395464,-0.7006442659815174,-0.8555379536746947,-0.6105577406524727,-1.0328449524339007,-0.04697341571952417
1.300458761063426,2.3952426127911246,-1.1953931690655344,-0.5654840229618815,0.8023515923775533,-1.1800047788746517,-1.4761795541782239,1.2485664502713234,0.6900406965226205,0.7153576151218648,-0.04697341571952417
0.2310373175876413,1.5666421956955234,-0.7852301822837936,-0.7419727826273592,0.5278228293812139,0.3397458364380364,-0.9474054940441059,0.1358189289537321,-0.7963575173917705,-0.898367831852688,-1.057132280391018
-0.3800606501128069,-0.9191590555912804,0.17181678687360138,-0.8964004473346523,-0.9546324907990192,-0.4482730011315056,-0.34812822589210546,-1.1252949285395755,0.008774848478524704,0.24468769308761984,0.45810601661622263
-0.15089891222513888,0.0869985937390925,-0.10162520431422599,-0.01395664900726334,-0.46048071740560814,0.5648940757436198,0.515536072326954,-0.9465809326915867,0.628107437609522,-0.7638907112714755,1.3840849758984255
-0.4564478960753633,-0.031372894417421755,-0.5117881910959666,-0.3889952632964037,-0.6251979752034118,-0.05426358234673459,-0.25999921586975244,-1.4253995630767287,-0.7963575173917705,-0.898367831852688,1.4682648812877177
0.30742456355019704,-0.3273016148087082,1.197224253827953,-0.521361833045512,0.9670688501753572,-0.27941182165231804,-0.9474054940441059,0.8641627610888691,0.5042409197833226,0.5136419342500456,-0.3836930372766892
-0.07451166626258313,-0.3273016148087082,0.17181678687360138,0.6037540098219089,-0.570292222604144,1.0714776141811826,0.25114904225989493,-0.19126140306993542,-0.11509166934767477,-0.898367831852688,0.12138639505905761
-0.532835142037919,0.4717059302477645,0.581979773655342,1.772992042605699,-0.515386470004876,1.6343482124451412,2.2428646687650726,1.1339197359537498,0.008774848478524704,0.24468769308761984,-1.3096719965588919
-0.6856096339630313,-0.800787567434766,0.581979773655342,-0.7419727826273592,-0.7075566041023137,1.0151905543547868,0.35690385428671856,-0.9566968192490108,1.1855067678274183,-0.29322078923723083,0.7948256381733877
0.07826282566252908,-0.800787567434766,0.10345628907664453,-0.8964004473346523,-0.54283934630451,2.0283576312299125,0.5331618743314246,-0.7543790881003783,-0.7344242584786721,-0.09150510836541155,-0.2995131318873983
0.6893607933629772,0.5012988022868932,0.7187007692492553,0.33902087032369216,-0.6526508515030457,0.3397458364380364,0.48028446831801275,-0.9229771973909054,-1.5395566243489673,-0.9656063921432944,2.31006393518063
-0.6092223880004748,-0.2089301266521936,1.4706662450157801,0.8243649594037563,0.006218179688169026,0.3397458364380364,1.8903486286756608,0.6348693324537223,-0.36282470500007374,-0.6294135906902626,-1.225492091169601
-0.15089891222513888,-0.44567310296522245,-0.16998570211118283,-0.25662869354729534,0.06112393228743678,-0.11055064217313045,1.5025809845773075,0.5269665425077775,1.928705874784615,0.3791648136688327,-0.21533322649810593
-1.831418323401372,-0.800787567434766,-0.716869684486837,1.1332202888183422,-0.54283934630451,-0.7297083002634849,-0.030863789811634647,-0.43741464263413493,2.671904981741812,-0.36045934952783726,1.3840849758984255
1.3768460070259818,0.678856034521665,-0.03326470651726914,-0.49930073808732733,0.994521726474991,-0.6171341806106931,-0.27762501787422306,1.2182187905990136,0.566174178696421,0.6481190548312584,-0.8887724696124361
-0.15089891222513888,-1.3926450082173383,0.0350957912796877,-0.10220102884000232,0.006218179688169026,1.6343482124451412,0.5331618743314246,0.35836843321725037,1.9906391336977136,-0.6294135906902626,-0.9729523750017269
0.1546500716250855,-0.564044591121737,0.37689828026447153,0.4052041551982465,-1.009538243398287,-0.8985694797426724,-0.3657540278965761,-0.2148651383706167,-1.4156901065227678,-0.36045934952783726,0.12138639505905761
0.2310373175876413,1.3890849634607514,1.6757477384066508,-0.43311745321277306,2.641694304453028,-1.4051530181802352,-1.7581923862497535,0.0751236096091124,-0.11509166934767477,3.337661466455513,0.8790055435626786
-0.6856096339630313,-0.44567310296522245,0.4452587780614284,-0.9184615422928369,-0.15849907810963482,-1.2925788985274433,0.46265866631354213,-0.6532202225260246,1.371306544566719,-0.2259822289466244,-0.04697341571952417
0.001875579699973319,-0.9191590555912804,0.5136192758583852,-0.8522782574182828,-0.570292222604144,0.11459759713245299,-0.5067604439323409,-0.9229771973909054,-0.42475796391317205,-0.2259822289466244,-0.04697341571952417
-0.6856096339630313,-0.564044591121737,1.4706662450157801,-0.7199116876691746,-0.982085367098653,0.6211811355700156,-0.22474761186081124,-1.7609098005649038,-0.23895818717387424,-1.5035148744681455,2.0575242190127554
-0.6092223880004748,0.4421130582086359,0.9921427604370827,0.7361205795710174,-0.1859519544092686,1.5780611526187454,1.1676907464923663,0.13919089113952768,-0.3008914460869726,-0.49493647010904973,-0.7204126588338543
-0.7619968799255871,0.0869985937390925,0.9237822626401259,1.1773424787347118,0.08857680858707076,-0.4482730011315056,1.2381939545102485,0.8675347232747022,0.5042409197833226,0.17744913279701416,-0.6362327534445619
-0.6856096339630313,-0.7416018233565087,0.17181678687360138,-0.01395664900726334,-0.6801037278026797,0.3397458364380364,-0.3657540278965761,-1.489466844607144,0.2565078841309237,-1.1673220730151137,2.4784237459592116
0.1546500716250855,-1.0967162878260521,1.197224253827953,-0.8522782574182828,-0.04868757291109892,-0.6734212404370891,0.6389166863582482,-0.9566968192490108,0.008774848478524704,-0.4276979098184437,0.5422859220055135
-0.991158617813255,0.678856034521665,-1.1953931690655344,-0.521361833045512,-0.4055749648063402,-0.1668377019995263,0.8151747064029542,-0.48462211323549753,1.4332398034798173,-0.158743668656018,0.037206489669766724
-0.6092223880004748,-0.44567310296522245,0.9237822626401259,0.7140594846128328,-0.1859519544092686,1.24033879366037,1.4497035785638959,0.3246488113591449,-0.3008914460869726,-0.36045934952783726,-0.8887724696124361
-0.6092223880004748,-1.0967162878260521,0.855421764843169,-0.8522782574182828,-0.15849907810963482,0.508607015917224,0.14539423023307135,-1.3343565840598366,-0.7344242584786721,1.4549817783185348,0.6264658273948059
2.0643312206889863,1.685013683852038,-0.5117881910959666,-0.5875451179200661,0.5552757056808479,-1.3488659583538394,-1.423302148164812,0.9653216266631854,-0.8582907763048716,0.24468769308761984,-0.9729523750017269
-0.6856096339630313,-0.031372894417421755,-0.8535906800807505,0.1625321106582144,-0.43302784110597414,-0.4482730011315056,0.5507876763358952,-0.07998665093819501,-0.4866912228262732,0.6481190548312584,-0.552052848055271
0.2310373175876413,0.20537008189560707,0.10345628907664453,-0.01395664900726334,-0.3232163359074385,0.002023477479661268,0.30402644827330677,-0.11370627279630043,0.566174178696421,-0.6294135906902626,0.2897462058376409
-1.831418323401372,-1.2742735200608237,0.0350957912796877,-0.8522782574182828,-0.4055749648063402,0.5648940757436198,-0.27762501787422306,-1.5973696345530888,1.1855067678274183,0.7153576151218648,1.0473653543412618
1.9879439747264307,0.9155990108346939,1.197224253827953,-0.5434229280036967,5.304623305517521,-1.4051530181802352,-1.6524375742229298,1.504835576392947,0.5042409197833226,1.7239360194809605,0.12138639505905761
0.3838118095127535,-0.3864873588869651,-0.10162520431422599,-0.6757894977528051,0.1434825611863387,-0.6734212404370891,-1.4056763461603414,0.22348994578479123,0.318441143044022,2.4635601826776306,0.6264658273948059
-0.07451166626258313,-0.800787567434766,0.10345628907664453,-0.8522782574182828,-0.4879335937052421,0.2271717167852447,-0.29525081987869367,-1.1522706260260522,-0.7344242584786721,1.4549817783185348,0.5422859220055135
0.07826282566252908,-0.7416018233565087,-0.10162520431422599,0.6919983896546477,-0.26831058330817054,0.6774681953964116,1.6435874006130724,0.695564651798342,0.628107437609522,-0.49493647010904973,-0.8887724696124361
-0.30367340415025107,1.2707134753042375,-0.6485091866898801,-0.7199116876691746,0.472917076781946,-0.8422824199162766,-1.5819343662050473,-0.05301095345168072,1.0616402500012188,1.925651700352779,0.5422859220055135
1.2240715151008703,0.3829273141303786,2.2226317207823048,-0.6316673078364355,0.994521726474991,-1.1800047788746517,-1.2646699301245767,1.3699570889605253,1.928705874784615,0.8498347357030777,-0.04697341571952417
-0.15089891222513888,-1.2742735200608237,0.37689828026447153,1.7178393052102374,-0.4055749648063402,0.3397458364380364,-0.15424440384292884,0.4291796391192568,-1.1060238119572705,0.11021057250640773,0.12138639505905761
-0.6856096339630313,-0.5048588470434797,-0.5117881910959666,0.47138744007280065,-0.4879335937052421,0.45231995609082815,1.0266843304566013,0.4258076769334612,1.619039580219118,0.7153576151218648,-0.7204126588338543
0.1546500716250855,-0.8599733115130231,0.37689828026447153,2.6223441984958114,-0.24085770700853654,0.7337552552228074,1.3439487665370722,1.6734336856835115,-1.22989032978347,-0.7638907112714755,-1.1413121857803101
0.1546500716250855,-0.8599733115130231,0.24017728467055785,0.22871539553276854,-0.8722738619001174,-1.123717719048256,-1.299921534133518,-0.7071716174990158,-2.716288543697861,-0.09150510836541155,0.2897462058376409
-1.0675458637758115,-0.5048588470434797,-0.16998570211118283,-0.8964004473346523,-0.4055749648063402,0.28345877661164054,-0.22474761186081124,-1.3815640546611991,0.81390721434882,-0.36045934952783726,0.7106457327840968
0.765748039325533,0.3237415700521216,1.128863756030996,1.9053586123548076,-0.4055749648063402,1.6343482124451412,0.9738069244431895,1.3699570889605253,-0.7963575173917705,-0.09150510836541155,-0.9729523750017269
3.057365418202214,-0.3864873588869651,1.6757477384066508,-0.6978505927109898,0.5003699530815799,-0.7297083002634849,-0.9474054940441059,1.1676393578118553,-0.42475796391317205,0.31192625337822627,-0.6362327534445619
-0.7619968799255871,0.027812849660835207,-0.44342769329900983,2.9422300753894897,-0.15849907810963482,-0.11055064217313045,1.2029423505013073,1.6599458369402544,-0.6105577406524727,0.5808804945406519,-1.057132280391018
-0.9147713718506992,-0.031372894417421755,0.0350957912796877,-0.2786897885054801,-0.3506692122070724,-0.9548565395690684,0.03963941820624775,-1.1657584747693095,0.9997069910881204,-0.6294135906902626,1.0473653543412618
-0.07451166626258313,-0.14974438257393632,-0.16998570211118283,-0.23456759858911058,-0.515386470004876,0.17088465695884883,0.9914327264476601,0.031288101193582836,0.2565078841309237,0.7153576151218648,-0.2995131318873983
1.3768460070259818,-0.3273016148087082,0.17181678687360138,1.552381093023852,-0.7350094804019477,0.2271717167852447,1.1148133404789544,0.850674912345612,-0.6105577406524727,-0.4276979098184437,0.037206489669766724
-0.30367340415025107,2.602392717065025,-2.1524401382229295,-0.5875451179200661,1.2965033657709644,-0.8985694797426724,-1.4761795541782239,0.695564651798342,1.8048393569584158,0.11021057250640773,0.12138639505905761
0.3838118095127535,-0.44567310296522245,1.197224253827953,-0.7199116876691746,-0.43302784110597414,-0.3919859413051097,-0.48913464192787026,-1.0578556848233647,-0.42475796391317205,-0.7638907112714755,1.6366246920662995
-0.30367340415025107,-0.031372894417421755,-0.3067066977050961,0.030165540909106146,0.08857680858707076,-0.8985694797426724,0.9738069244431895,-0.6801959200125389,0.2565078841309237,0.24468769308761984,0.8790055435626786
-0.07451166626258313,-1.2742735200608237,-0.16998570211118283,2.302458321602133,0.19838831378560665,1.4654870329659535,0.030826517204012454,0.9552057401057613,-0.42475796391317205,-0.8311292715620819,-0.7204126588338543
3.6684633859026627,-0.3864873588869651,1.197224253827953,-0.6978505927109898,0.472917076781946,-1.123717719048256,-1.6348117722184592,1.0327608703794338,-1.5395566243489673,0.8498347357030777,-0.552052848055271
-0.991158617813255,-0.031372894417421755,-0.03326470651726914,-0.6757894977528051,-0.7350094804019477,0.45231995609082815,0.49791027032248336,-1.8941023069044465,1.0616402500012188,-0.8311292715620819,1.9733443136234645
-0.30367340415025107,-1.2150877759825665,-0.9219511778777073,-0.8081560675019134,-0.26831058330817054,0.002023477479661268,-0.41863143390998786,-0.9769285923638966,0.2565078841309237,0.042972012215801304,0.5422859220055135
1.0712970231757575,-0.2089301266521936,-0.10162520431422599,-0.9184615422928369,-0.3232163359074385,-0.7859953600898807,-0.08374119582504645,-0.690311806569963,-1.7253564010882652,-0.9656063921432944,-0.3836930372766892
-0.532835142037919,-0.7416018233565087,-0.44342769329900983,2.6554358409330887,-0.1859519544092686,0.7900423150492033,0.42740706230460096,1.875751416832144,0.4423076608702215,-1.1000835127245072,-1.4780318073374736
-0.22728615818769465,0.3237415700521216,-1.1953931690655344,-0.5875451179200661,0.7748987160779197,-0.5045600609579014,-1.299921534133518,0.7630038955145528,1.2474400267405195,0.6481190548312584,-0.7204126588338543
-0.6092223880004748,-0.2681158707304509,0.10345628907664453,0.030165540909106146,-0.1859519544092686,0.002023477479661268,0.40978126030013035,-0.5048538863503458,0.19457462521782254,0.31192625337822627,0.45810601661622263
-0.6092223880004748,-0.2681158707304509,-1.058672173471621,0.5375707249473548,-0.1859519544092686,1.4091999731395577,1.3615745685415428,0.4595272987915666,-0.36282470500007374,-0.29322078923723083,-1.3096719965588919
-0.9147713718506992,-0.7416018233565087,0.10345628907664453,1.5744421879820367,-0.6526508515030457,-0.27941182165231804,-0.29525081987869367,-0.3295118526881901,-0.36282470500007374,-0.7638907112714755,0.6264658273948059
-0.532835142037919,-0.3864873588869651,-0.3067066977050961,0.030165540909106146,-0.46048071740560814,0.7900423150492033,1.1500649444878956,0.08861145835236954,-0.23895818717387424,1.0515504165748963,-0.9729523750017269
0.001875579699973319,-0.564044591121737,0.0350957912796877,-0.7860949725437287,-0.26831058330817054,-0.1668377019995263,0.32165225027777733,-0.4171828695192867,0.19457462521782254,-0.6294135906902626,-0.04697341571952417
-0.7619968799255871,-0.14974438257393632,0.9237822626401259,-0.4772396431291426,-0.7624623567015816,0.3960328962644323,-0.34812822589210546,-1.5366743152085065,0.13264136630472417,0.44640337395943913,1.5524447866770086
-0.991158617813255,-0.031372894417421755,-0.6485091866898801,-0.5875451179200661,-0.7350094804019477,-0.6171341806106931,0.3745296562911892,-1.732248121985548,1.12357350891432,1.656697459190354,2.8151433675163764
0.46019905547530926,-0.14974438257393632,-0.03326470651726914,-0.7419727826273592,-0.570292222604144,0.9026164347019949,1.4320777765594253,-0.5183417350936029,-1.22989032978347,-0.36045934952783726,-0.04697341571952417
0.30742456355019704,0.4421130582086359,-1.6055561558472748,-0.521361833045512,0.7474458397782857,-0.8422824199162766,-1.158915118097753,0.7630038955145528,-0.11509166934767477,0.3791648136688327,-0.4678729426659801
0.30742456355019704,-0.2681158707304509,0.4452587780614284,-0.6537284027946203,-0.3781220885067064,-1.123717719048256,-0.27762501787422306,-0.5318295838368601,-0.36282470500007374,0.7825961754124713,0.37392611122693176
-1.1439331097383671,-0.06096576645655039,0.17181678687360138,-0.8964004473346523,-0.46048071740560814,-0.9548565395690684,1.0619359344655426,-0.8555379536746947,0.2565078841309237,0.8498347357030777,-0.4678729426659801
-2.1369673072515956,-0.14974438257393632,0.5136192758583852,-0.16838431371455645,-0.7350094804019477,0.05831053730605713,0.23352324025542434,-1.8536387606747124,1.4332398034798173,-1.1673220730151137,1.8891644082341736
1.6060077449136505,0.9155990108346939,0.3085377824675147,-0.7199116876691746,0.7474458397782857,-1.3488659583538394,-1.7053149802363416,0.8439309879740209,0.2565078841309237,1.5894588988997476,0.20556630044835
-0.9147713718506992,-0.9191590555912804,-0.16998570211118283,-0.8743393523764675,-0.26831058330817054,2.084644691056308,0.6741682903671894,-0.9904164411071162,1.928705874784615,0.3791648136688327,0.45810601661622263
1.0712970231757575,2.2472782525954815,-0.5117881910959666,0.33902087032369216,1.6533907576662061,0.05831053730605713,0.35690385428671856,2.3141065009875894,0.566174178696421,3.606615707617939,-1.057132280391018
-0.30367340415025107,1.921756660165067,-0.10162520431422599,1.7509309476475146,6.402738357502878,-0.4482730011315056,1.396826172550484,1.3025178452442772,-0.92022403521797,0.9170732959936841,-1.3096719965588919
-0.6092223880004748,-0.14974438257393632,-0.375067195502053,0.6258151047800937,-0.1859519544092686,1.296625853486766,1.1676907464923663,0.20325817266994295,-0.5486244817393715,-0.2259822289466244,-0.8045925642231452
1.0712970231757575,1.7737922999694238,-0.44342769329900983,-0.6757894977528051,0.7199929634786517,-1.2362918387010475,-1.5114311581871651,1.2182187905990136,0.318441143044022,0.44640337395943913,-0.4678729426659801
-0.7619968799255871,-0.2681158707304509,0.0350957912796877,-0.8302171624600981,-0.07614044921073289,-0.1668377019995263,1.2205681525057779,-0.6329884494111764,0.4423076608702215,-0.6966521509808691,-0.3836930372766892
2.5226546964643224,0.26455582597386434,0.9921427604370827,-0.6316673078364355,0.5003699530815799,-0.8985694797426724,-1.5290569601916357,0.4865029962780435,-1.0440905530441695,2.060128820933992,0.7106457327840968
-0.15089891222513888,-0.9783447996695377,-0.375067195502053,-0.8081560675019134,-0.3506692122070724,0.9026164347019949,-0.4362572359144585,-0.6667080712692818,0.9997069910881204,-0.36045934952783726,0.12138639505905761
0.001875579699973319,-0.6824160792782514,0.10345628907664453,1.6847476627729603,-0.21340483070890257,1.1277646740075784,1.2205681525057779,1.4036767108186308,1.12357350891432,-0.898367831852688,-0.6362327534445619
-0.7619968799255871,0.3829273141303786,-0.6485091866898801,-0.6978505927109898,-0.9271796144993852,-1.4051530181802352,-1.0179087020619884,-1.7727116682152444,-1.1679570708703688,1.7239360194809605,2.0575242190127554
0.1546500716250855,-0.9191590555912804,-0.10162520431422599,1.7068087577311453,-0.10359332551036686,1.0433340842679846,1.7317164106354255,1.3699570889605253,-0.5486244817393715,-0.29322078923723083,-1.225492091169601
0.8421352852880901,-0.6232303351999943,-0.3067066977050961,-0.6537284027946203,-0.7350094804019477,-0.4482730011315056,0.8504263104118953,-1.0578556848233647,-1.4776233654358661,0.9843118562842905,1.1315452597305526
-0.22728615818769465,-0.3864873588869651,-0.2383461999081393,1.5744421879820367,-0.4055749648063402,1.24033879366037,0.4450328643090716,0.2302338701564198,-1.22989032978347,0.17744913279701416,-0.13115332110881506
-1.2203203557009237,-0.5936374631608656,-0.44342769329900983,1.0229148140274185,-0.6801037278026797,-1.011143599395464,-0.8063990780083411,-0.1811455165125113,0.5042409197833226,-1.3017991935963262,-0.04697341571952417
1.5296204989510933,0.3829273141303786,1.2655847516249097,-0.5654840229618815,-0.04868757291109892,-1.011143599395464,-1.564308564200577,0.22348994578479123,0.6900406965226205,1.7239360194809605,2.31006393518063
-0.4564478960753633,-1.0375305437477949,-0.10162520431422599,-0.8743393523764675,-0.7075566041023137,-0.9548565395690684,-0.718270067985988,-1.209593983184839,-0.36282470500007374,0.31192625337822627,0.37392611122693176
-0.30367340415025107,-0.3864873588869651,0.37689828026447153,0.42726525015643113,0.006218179688169026,0.28345877661164054,1.661213202617543,0.9316020048050799,2.114505651523913,0.11021057250640773,-0.2995131318873983
2.5226546964643224,1.4482707075390087,1.197224253827953,-0.6537284027946203,0.3631055715834105,-0.8985694797426724,-1.1765409201022237,1.5385551982510524,0.4423076608702215,0.17744913279701416,-0.8045925642231452
-0.6092223880004748,0.3237415700521216,-0.8535906800807505,-0.41105635825458836,-0.6526508515030457,-0.11055064217313045,0.18064583424201255,-1.3950519034044562,-0.05315841043457366,0.042972012215801304,1.8049845028448814
0.46019905547530926,0.3237415700521216,1.197224253827953,0.6037540098219089,0.08857680858707076,0.2271717167852447,0.8504263104118953,0.695564651798342,0.19457462521782254,0.31192625337822627,0.6264658273948059
-0.15089891222513888,0.9747847549129511,-1.5371956580503183,-0.6537284027946203,0.1434825611863387,-1.461440078006631,-1.8463213962721066,0.4392955256766809,0.7519739554357215,0.042972012215801304,-0.04697341571952417
-0.4564478960753633,-0.564044591121737,-0.10162520431422599,2.0597862770621007,-0.13104620181000085,0.5648940757436198,1.2205681525057779,1.1676393578118553,-1.2918235886965683,-0.2259822289466244,-1.225492091169601
0.5365863014378657,-0.2089301266521936,0.0350957912796877,-0.6978505927109898,0.2532940663848746,-0.8985694797426724,-1.3704247421514002,-0.3025361552017133,1.12357350891432,0.17744913279701416,1.7208045974555906
-0.07451166626258313,0.5604845463651504,-0.3067066977050961,0.7361205795710174,0.006218179688169026,1.690635272271537,0.8151747064029542,-0.6633361090834862,-0.42475796391317205,-1.1673220730151137,1.0473653543412618
1.6823949908762061,0.9155990108346939,0.17181678687360138,-0.32281197842184944,0.6925400871790177,-1.4051530181802352,-1.7581923862497535,1.4036767108186308,0.38037440195712313,-0.09150510836541155,0.12138639505905761
0.3838118095127535,0.5012988022868932,0.37689828026447153,1.089098098901973,3.0809403252471714,-0.4482730011315056,1.6964648066264842,1.0867122653523873,-1.2918235886965683,0.7153576151218648,-0.8887724696124361
-1.9078055693639275,-0.06096576645655039,-1.1953931690655344,-0.8302171624600981,-0.570292222604144,2.1972188107090997,0.956181122438719,-0.8150744074449606,1.4951730623929185,-0.49493647010904973,-0.04697341571952417
-0.3800606501128069,-0.800787567434766,0.0350957912796877,0.07428773082547563,-0.26831058330817054,-0.05426358234673459,0.46265866631354213,0.15605070206858038,0.9997069910881204,-0.49493647010904973,-0.7204126588338543
0.1546500716250855,0.3829273141303786,2.3593527163762182,1.2655868585674508,-0.15849907810963482,2.6475152893202667,1.4144519745549546,1.0327608703794338,-1.1060238119572705,-0.49493647010904973,-1.562211712726766
1.1476842691383131,0.6196702904434077,0.581979773655342,-0.7860949725437287,0.28074694268450856,-0.7297083002634849,-0.24237341386528186,0.39208805507535577,0.2565078841309237,0.24468769308761984,-0.3836930372766892
-0.7619968799255871,-0.800787567434766,-0.375067195502053,1.772992042605699,-0.1859519544092686,1.6343482124451412,0.6389166863582482,1.0732244166091678,0.5042409197833226,-0.49493647010904973,-1.3096719965588919
1.300458761063426,-0.800787567434766,0.37689828026447153,-0.8522782574182828,-0.7899152330012155,-0.5608471207842973,-0.3657540278965761,-0.7071716174990158,-0.17702492826077312,-1.1000835127245072,0.7948256381733877
-1.2967076016634793,-1.0967162878260521,-0.375067195502053,-0.7860949725437287,-0.6801037278026797,0.28345877661164054,-0.24237341386528186,-1.2736612647152543,1.2474400267405195,1.5894588988997476,1.2157251651198437
4.050399615715443,1.2707134753042375,1.197224253827953,-0.5875451179200661,0.19838831378560665,-1.4051530181802352,-1.5290569601916357,1.8083121731159333,-0.92022403521797,2.261844501805811,0.2897462058376409
0.001875579699973319,-0.031372894417421755,-0.7852301822837936,0.1625321106582144,0.1434825611863387,1.24033879366037,1.57308419259519,0.024544176821954262,-0.36282470500007374,-0.6294135906902626,-0.6362327534445619
-1.2203203557009237,2.987100053573697,-1.8106376492381455,-0.8081560675019134,-0.3232163359074385,-1.011143599395464,-0.45388303791892903,-0.720659466242273,2.0525723926108146,1.925651700352779,1.9733443136234645
-0.4564478960753633,1.0339704989912084,-1.6055561558472748,-0.5875451179200661,0.3631055715834105,-0.9548565395690684,-1.5466827621961063,-0.32276792831656154,1.0616402500012188,1.2532660974467156,1.6366246920662995
0.6129735474004214,0.6196702904434077,-0.2383461999081393,1.2655868585674508,-0.15849907810963482,-0.27941182165231804,0.7622973003895424,0.39208805507535577,-1.0440905530441695,-0.4276979098184437,0.7106457327840968
-0.4564478960753633,0.20537008189560707,0.3085377824675147,0.9126093392364949,0.11602968488670473,0.6774681953964116,1.7669680146443665,1.0327608703794338,0.5042409197833226,0.17744913279701416,-0.9729523750017269
-0.3800606501128069,-1.333459264139081,-0.10162520431422599,0.030165540909106146,-0.24085770700853654,0.45231995609082815,-0.013237987807164047,-0.34299970143144726,0.628107437609522,-0.6294135906902626,-0.3836930372766892
0.5365863014378657,-0.9783447996695377,0.37689828026447153,-0.8522782574182828,-0.46048071740560814,-0.7859953600898807,-0.6830184639770468,-0.8555379536746947,-0.3008914460869726,0.6481190548312584,0.20556630044835
-0.991158617813255,0.41252018616950725,-1.2637536668624911,-0.8081560675019134,-0.46048071740560814,-1.06743065922186,-0.8769022860262234,-0.7880987099584837,0.38037440195712313,-0.09150510836541155,-0.04697341571952417
-0.9147713718506992,-0.2681158707304509,0.855421764843169,-0.7860949725437287,-0.2957634596078045,-0.8422824199162766,1.2029423505013073,0.004312403707105984,1.6809728391322163,-0.09150510836541155,-0.13115332110881506
1.5296204989510933,-1.0967162878260521,1.197224253827953,-0.6757894977528051,-0.3506692122070724,-0.6734212404370891,-0.11899279983398765,0.20325817266994295,-0.7963575173917705,-0.024266548074805126,-0.2995131318873983
-1.5258693395511473,0.20537008189560707,-0.375067195502053,0.5816929148637242,-0.10359332551036686,-0.5608471207842973,-0.18949600785187004,-0.68693984438413,0.2565078841309237,-0.5621750303996562,1.3840849758984255
1.6060077449136505,0.26455582597386434,0.855421764843169,-0.6537284027946203,1.3788619946698664,0.2271717167852447,0.19827163624648314,1.1002001140956446,-0.5486244817393715,4.615194111977034,-0.8887724696124361
1.3768460070259818,2.809542821338925,-1.8106376492381455,-0.5875451179200661,0.6650872108793838,-0.22312476182592217,-0.31287662188316423,1.214846828413218,0.81390721434882,-0.024266548074805126,-0.4678729426659801
0.46019905547530926,0.4421130582086359,-0.5801486888929233,0.8243649594037563,-0.07614044921073289,0.6774681953964116,1.784593816648837,0.8641627610888691,-1.2918235886965683,0.31192625337822627,-1.1413121857803101
-0.22728615818769465,-0.9191590555912804,0.581979773655342,-0.8081560675019134,-0.570292222604144,-0.8985694797426724,-1.0355345040664587,-1.2264537941138918,-0.92022403521797,0.9843118562842905,0.7948256381733877
-0.6092223880004748,-0.564044591121737,0.10345628907664453,-0.8081560675019134,-0.46048071740560814,0.6774681953964116,0.022013616201777154,-1.3276126596882079,-0.23895818717387424,-0.36045934952783726,0.6264658273948059
-0.22728615818769465,-0.8599733115130231,1.2655847516249097,1.089098098901973,-0.570292222604144,2.7038023491466627,0.9385553204342484,0.6281254080820937,-0.4866912228262732,0.11021057250640773,-0.2995131318873983
-0.7619968799255871,-0.8599733115130231,-0.375067195502053,1.0229148140274185,-0.7350094804019477,0.508607015917224,-0.20712180985634066,-1.260173415971997,-0.92022403521797,0.17744913279701416,1.9733443136234645
-0.07451166626258313,-0.5048588470434797,1.197224253827953,-0.6316673078364355,-0.6801037278026797,0.05831053730605713,-0.013237987807164047,-1.4287715252625617,0.875840473261921,-0.7638907112714755,1.9733443136234645
0.9185225312506459,1.2707134753042375,-1.8789981470351023,-0.6757894977528051,0.6925400871790177,-1.123717719048256,-1.6171859702139886,1.0327608703794338,-0.05315841043457366,-0.6294135906902626,-0.8045925642231452
-0.3800606501128069,-0.5048588470434797,-0.10162520431422599,-0.7199116876691746,-0.3781220885067064,-0.27941182165231804,0.12776842822860077,-0.04626702908008959,1.3093732856536178,0.5136419342500456,-0.2995131318873983
-0.3800606501128069,0.14618433781734977,-0.44342769329900983,-0.5654840229618815,-0.7899152330012155,-0.33569888147871385,-0.5243862459368115,-1.2264537941138918,-0.5486244817393715,-1.1673220730151137,0.9631854489519694
0.07826282566252908,-0.2089301266521936,-0.44342769329900983,0.3500514178027847,-0.6801037278026797,0.002023477479661268,0.42740706230460096,-0.7071716174990158,-2.0350226956537654,-1.1000835127245072,0.45810601661622263
0.8421352852880901,-0.6824160792782514,0.7870612670462122,-0.41105635825458836,-0.5977450989037778,-0.8985694797426724,-0.22474761186081124,-0.5857809788098138,-0.4866912228262732,-1.1673220730151137,0.7948256381733877
-0.6092223880004748,-0.7416018233565087,1.6757477384066508,2.0818473720202855,-0.04868757291109892,-0.1668377019995263,0.7975489043984836,1.1676393578118553,-1.5395566243489673,-0.898367831852688,-1.225492091169601
-0.22728615818769465,0.26455582597386434,-0.5117881910959666,-0.6537284027946203,1.2415976131716964,-1.461440078006631,-1.8815730002810476,0.02791613900774983,1.3093732856536178,0.31192625337822627,0.7106457327840968
-1.4494820935885917,1.5074564516172662,0.17181678687360138,-0.8081560675019134,-0.7075566041023137,-1.5177271378330268,-0.9474054940441059,-2.022236869965277,0.2565078841309237,-1.0328449524339007,2.0575242190127554
0.2310373175876413,2.1584996364780955,-2.1524401382229295,-0.764033877585544,0.9670688501753572,-0.4482730011315056,-1.4585537521737533,0.6112655971530411,0.9377737321750194,0.31192625337822627,-0.4678729426659801
-0.15089891222513888,-0.564044591121737,0.9237822626401259,-0.6096062128782509,-0.3232163359074385,0.5648940757436198,0.07489102221518895,-1.3141248109449883,-0.42475796391317205,-0.36045934952783726,1.1315452597305526
0.30742456355019704,0.738041778599922,1.197224253827953,1.7509309476475146,5.002641666221547,0.6774681953964116,1.8727228266711902,1.4373963326767363,-1.6634231421751668,-0.158743668656018,-1.1413121857803101
-0.3800606501128069,0.5604845463651504,-0.6485091866898801,-0.16838431371455645,-0.6801037278026797,-0.6171341806106931,-0.25999921586975244,-1.4793509580497197,0.19457462521782254,-0.024266548074805126,1.8891644082341736
-0.3800606501128069,-0.6232303351999943,0.0350957912796877,1.1552813837765272,0.6101814582801158,0.3960328962644323,0.14539423023307135,0.7023085761699331,-1.2918235886965683,-0.5621750303996562,-1.4780318073374736
-0.4564478960753633,0.027812849660835207,-0.16998570211118283,2.0597862770621007,-0.3506692122070724,1.3529129133131619,1.1148133404789544,1.5385551982510524,-0.36282470500007374,0.31192625337822627,-1.3938519019481828
-0.22728615818769465,-0.6824160792782514,0.581979773655342,0.5375707249473548,-0.46048071740560814,1.1277646740075784,0.6565424883627188,-0.6195006006679192,-0.7344242584786721,-1.7724691156305707,0.7106457327840968
0.46019905547530926,-0.5048588470434797,-0.3067066977050961,-0.6978505927109898,-0.15849907810963482,1.24033879366037,1.4320777765594253,-0.5857809788098138,0.008774848478524704,-0.2259822289466244,0.2897462058376409
0.001875579699973319,0.3237415700521216,-0.5117881910959666,0.758181674529202,-0.04868757291109892,0.8463293748755991,0.6565424883627188,0.5809179374807686,-0.17702492826077312,-0.09150510836541155,-1.1413121857803101
-0.07451166626258313,-0.44567310296522245,-0.5117881910959666,1.6626865678147755,-0.3506692122070724,1.0151905543547868,0.07489102221518895,0.9181141560618603,-1.1679570708703688,0.17744913279701416,-0.4678729426659801
-1.0675458637758115,-0.2089301266521936,0.0350957912796877,-0.12426212379818696,-0.8997267381997514,-0.11055064217313045,-0.34812822589210546,-1.846894836303084,0.13264136630472417,-0.09150510836541155,2.6467835567377933
4.050399615715443,0.20537008189560707,1.9491897295944773,-0.5434229280036967,0.6650872108793838,0.05831053730605713,-0.7358958699904586,1.707153307541617,-0.7963575173917705,1.3205046577373218,-0.04697341571952417
-0.8383841258881435,-0.8599733115130231,-0.44342769329900983,-0.8522782574182828,-0.515386470004876,0.2271717167852447,0.25114904225989493,-0.8218183318165891,0.07070810739162582,-0.6294135906902626,-0.3836930372766892
0.9185225312506459,0.0869985937390925,0.3085377824675147,1.3317701434420048,-0.6801037278026797,-0.5045600609579014,0.32165225027777733,-0.47450622667807335,-1.7253564010882652,-0.9656063921432944,2.0575242190127554
2.6754291883894337,1.0339704989912084,0.4452587780614284,-0.5434229280036967,0.2532940663848746,-0.05426358234673459,-1.0179087020619884,0.41569179037603704,-0.4866912228262732,1.7239360194809605,1.2999050705091346
-0.3800606501128069,-0.6232303351999943,-0.16998570211118283,2.170091751853024,-0.10359332551036686,1.4091999731395577,0.39215545829565973,1.2991458830584814,-1.22989032978347,-0.09150510836541155,-1.3096719965588919
-0.30367340415025107,-0.8599733115130231,1.8808292317975204,-0.9184615422928369,2.476977046655224,0.45231995609082815,0.32165225027777733,-0.5183417350936029,-1.1060238119572705,-1.0328449524339007,-1.225492091169601
0.2310373175876413,-0.09055863849567904,0.5136192758583852,1.6185643778984062,0.22584119008524062,-0.05426358234673459,0.09251682421965955,0.9653216266631854,-0.42475796391317205,-0.9656063921432944,-0.9729523750017269
3.2865271560898828,1.152341987147723,2.701155205361002,-0.1463232187563716,1.8455608917636435,-1.3488659583538394,-1.7405665842452829,1.3025178452442772,-1.3537568476096695,1.9928902606433856,1.0473653543412618
0.07826282566252908,-0.3273016148087082,-0.10162520431422599,1.7509309476475146,-0.3781220885067064,0.9026164347019949,2.189987262751661,1.3699570889605253,-1.0440905530441695,-0.8311292715620819,-1.562211712726766
-1.5258693395511473,-0.2089301266521936,-0.7852301822837936,-0.5875451179200661,-0.8173681093008495,-0.1668377019995263,0.05726522021071835,-1.9143340800193323,2.0525723926108146,-0.5621750303996562,2.0575242190127554
-0.7619968799255871,0.0869985937390925,-1.1953931690655344,0.846426054361941,-0.570292222604144,0.45231995609082815,0.7270456963806011,0.5674300887375114,0.2565078841309237,-0.2259822289466244,-0.9729523750017269
-0.9147713718506992,-0.3273016148087082,-0.44342769329900983,-0.8081560675019134,-0.6526508515030457,0.002023477479661268,0.0043878141973065525,-2.2245546011139097,-0.92022403521797,-0.6966521509808691,2.225884029791337
0.6893607933629772,0.20537008189560707,-0.2383461999081393,-0.6537284027946203,0.2532940663848746,-0.9548565395690684,-1.4761795541782239,0.7630038955145528,0.008774848478524704,1.3205046577373218,-0.7204126588338543
-0.6856096339630313,2.0697210203607095,1.6073872406096938,1.72886985268933,-0.021234696611464945,1.5780611526187454,2.43674849081425,1.1878711309267036,0.38037440195712313,-0.29322078923723083,-1.562211712726766
-0.4564478960753633,1.3298992193824941,-2.0157191426290155,-0.6537284027946203,1.5984850050669381,-1.3488659583538394,-1.7229407822408123,0.6753328786834563,0.9377737321750194,1.0515504165748963,-0.8887724696124361
-0.22728615818769465,-0.800787567434766,0.10345628907664453,-0.7199116876691746,-0.6251979752034118,1.0151905543547868,0.39215545829565973,-1.5636500126949833,0.13264136630472417,-0.8311292715620819,1.7208045974555906
2.2934929585766537,0.0869985937390925,2.2226317207823048,-0.4772396431291426,1.7906551391643755,-1.123717719048256,-1.2822957321290473,1.1676393578118553,0.008774848478524704,0.8498347357030777,1.6366246920662995
0.9185225312506459,1.3298992193824941,0.855421764843169,1.2435257636092658,-0.15849907810963482,0.9026164347019949,1.4320777765594253,1.2013589796699609,-0.4866912228262732,-0.158743668656018,-0.13115332110881506
-2.1369673072515956,1.152341987147723,-1.5371956580503183,0.008104445950921305,-0.515386470004876,1.24033879366037,-0.29525081987869367,-1.4557472227490384,1.12357350891432,-0.898367831852688,1.3840849758984255
-0.532835142037919,0.5012988022868932,-0.9219511778777073,1.7840225900847915,-0.6801037278026797,-0.27941182165231804,0.30402644827330677,0.37522824414630307,0.008774848478524704,-0.158743668656018,0.12138639505905761
-0.991158617813255,-0.7416018233565087,-0.16998570211118283,-0.1904454086727411,-0.54283934630451,2.1972188107090997,0.5331618743314246,-0.808330483073332,-0.6105577406524727,1.3877432180279283,0.20556630044835
-1.0675458637758115,0.26455582597386434,1.0605032582340392,0.5375707249473548,-0.8173681093008495,-1.011143599395464,-0.45388303791892903,-1.2938930378301026,0.9377737321750194,-0.5621750303996562,2.8993232729056673
-0.22728615818769465,0.5604845463651504,-0.3067066977050961,-0.01395664900726334,-0.515386470004876,0.17088465695884883,0.9209295184297778,-1.1118070797963182,-0.17702492826077312,-0.7638907112714755,1.3840849758984255
0.765748039325533,-0.6824160792782514,0.37689828026447153,-0.8302171624600981,-0.4055749648063402,0.508607015917224,0.05726522021071835,-0.5857809788098138,-1.4776233654358661,-1.1673220730151137,-0.4678729426659801
-0.9147713718506992,0.3829273141303786,-1.8106376492381455,-0.7860949725437287,0.17093543748597267,-0.7297083002634849,0.11014262622413015,-0.4509024913773921,-0.11509166934767477,0.17744913279701416,-1.1413121857803101
0.46019905547530926,-0.9783447996695377,0.9921427604370827,1.8832975173966227,-0.13104620181000085,0.45231995609082815,0.07489102221518895,1.1676393578118553,-0.4866912228262732,-0.2259822289466244,-0.4678729426659801
-0.30367340415025107,-0.9783447996695377,-0.5117881910959666,1.0449759089856037,0.033671055987803,1.9157835115771207,1.308697162528131,0.22348994578479123,-0.6105577406524727,-0.158743668656018,0.037206489669766724
-0.6856096339630313,-0.564044591121737,0.855421764843169,1.4420756182329284,-0.43302784110597414,1.0151905543547868,1.4320777765594253,0.7630038955145528,-0.3008914460869726,-0.09150510836541155,-0.8887724696124361
0.765748039325533,2.27687112463461,-0.716869684486837,-0.7419727826273592,0.472917076781946,-1.4051530181802352,-1.775818188254224,0.7630038955145528,-0.17702492826077312,-0.09150510836541155,-0.8887724696124361
0.001875579699973319,1.0931562430694657,-1.1953931690655344,-0.6537284027946203,0.19838831378560665,-0.8422824199162766,-1.4938053561826945,-0.44078660481996795,0.7519739554357215,0.5136419342500456,1.2999050705091346
-0.7619968799255871,-0.3864873588869651,0.10345628907664453,-0.7419727826273592,-0.7624623567015816,-0.33569888147871385,-0.048489591816105244,-1.529930390836878,0.07070810739162582,-0.2259822289466244,1.2999050705091346
0.001875579699973319,-0.800787567434766,0.17181678687360138,-0.8743393523764675,-0.2957634596078045,-0.27941182165231804,-0.5948894539546938,-0.8555379536746947,0.13264136630472417,-0.898367831852688,0.6264658273948059
0.2310373175876413,-1.0375305437477949,0.0350957912796877,-0.7419727826273592,-0.46048071740560814,1.1840517338339742,0.6036650823493069,-0.9904164411071162,-0.11509166934767477,-0.6294135906902626,0.7948256381733877
-1.6786438314762595,-1.0375305437477949,1.6757477384066508,-0.7860949725437287,-0.8448209856004835,-0.33569888147871385,0.022013616201777154,-1.3276126596882079,1.5571063213060168,-0.9656063921432944,0.20556630044835
0.001875579699973319,-0.800787567434766,0.37689828026447153,-0.764033877585544,-0.21340483070890257,-0.3919859413051097,-0.34812822589210546,-0.720659466242273,-0.42475796391317205,-0.36045934952783726,0.2897462058376409
-0.15089891222513888,-0.5048588470434797,1.8808292317975204,-0.8081560675019134,-0.54283934630451,0.5648940757436198,0.11014262622413015,-0.9229771973909054,0.6900406965226205,-0.8311292715620819,0.45810601661622263
0.6893607933629772,-1.0375305437477949,-0.716869684486837,-0.764033877585544,-0.570292222604144,-0.33569888147871385,0.09251682421965955,-0.1946333652557684,-0.3008914460869726,-0.09150510836541155,-0.3836930372766892
0.001875579699973319,-0.6232303351999943,-0.10162520431422599,-0.8522782574182828,-0.54283934630451,-1.06743065922186,-0.33050242388763484,-1.819919138816607,-1.6634231421751668,-1.1673220730151137,1.6366246920662995
-0.7619968799255871,-0.09055863849567904,-0.16998570211118283,-0.8302171624600981,-0.4055749648063402,-0.22312476182592217,0.42740706230460096,0.35836843321725037,3.353170829785908,0.7153576151218648,-0.8887724696124361
-0.30367340415025107,-0.5048588470434797,-0.375067195502053,-0.6757894977528051,-1.036991119697921,-0.3638424113919118,-0.7358958699904586,-1.3916799412186232,-0.42475796391317205,-0.4276979098184437,1.0473653543412618
0.30742456355019704,1.7737922999694238,-1.9473586448320592,-0.6978505927109898,0.8023515923775533,-0.8985694797426724,-1.0002829000575177,0.7967235173726583,0.875840473261921,-0.49493647010904973,-0.21533322649810593
0.46019905547530926,0.26455582597386434,-0.375067195502053,1.0670370039437882,0.06112393228743678,0.17088465695884883,1.1853165484968367,0.3246488113591449,-1.1679570708703688,-0.7638907112714755,0.2897462058376409
0.001875579699973319,-0.3864873588869651,0.4452587780614284,-0.6757894977528051,-0.13104620181000085,-0.3919859413051097,0.7446714983850717,-1.1252949285395755,-0.6105577406524727,-0.09150510836541155,0.45810601661622263
1.8351694828013176,1.9809424042433244,-0.5117881910959666,-0.6316673078364355,0.8298044686771873,-1.4051530181802352,-1.5114311581871651,1.4373963326767363,-0.5486244817393715,0.44640337395943913,-0.2995131318873983
0.3838118095127535,-1.3926450082173383,0.17181678687360138,1.9825724447084545,-0.46048071740560814,0.6211811355700156,0.0043878141973065525,0.6078936349672455,-0.9821572941310711,0.3791648136688327,0.37392611122693176
-0.532835142037919,-0.3864873588869651,0.10345628907664453,2.346580511518502,-0.10359332551036686,1.1840517338339742,1.3439487665370722,1.1002001140956446,-0.05315841043457366,-0.158743668656018,-0.7204126588338543
0.6129735474004214,-0.5048588470434797,-0.2383461999081393,0.6919983896546477,-0.515386470004876,2.3660799901882874,1.5554583905907193,0.3786002063320986,-0.672490999565571,0.17744913279701416,-0.4678729426659801
-0.6856096339630313,-0.031372894417421755,-0.03326470651726914,0.2066543005745839,-1.009538243398287,-0.6734212404370891,-0.8063990780083411,-1.5939976723672933,-0.05315841043457366,-1.6379919950493582,2.3942438405699207
-0.9147713718506992,-0.8599733115130231,-0.375067195502053,2.125969561936655,-0.3232163359074385,1.296625853486766,0.19827163624648314,1.2907159775939365,-1.4776233654358661,1.0515504165748963,-0.9729523750017269
0.07826282566252908,-1.0967162878260521,0.24017728467055785,-0.7860949725437287,-0.570292222604144,-0.05426358234673459,-0.10136699782951705,-0.37671932328955265,0.2565078841309237,-0.158743668656018,-0.2995131318873983
-1.6022565855137039,-0.2089301266521936,-0.10162520431422599,-0.9184615422928369,-0.54283934630451,-0.11055064217313045,0.6741682903671894,-0.8555379536746947,1.928705874784615,0.17744913279701416,-0.3836930372766892
0.001875579699973319,-1.0967162878260521,0.0350957912796877,-0.9405226372510218,-0.46048071740560814,1.1277646740075784,0.12776842822860077,-0.7880987099584837,0.2565078841309237,-1.3690377538869325,-0.4678729426659801
0.2310373175876413,-0.564044591121737,0.0350957912796877,0.6919983896546477,-0.8997267381997514,1.296625853486766,1.6788390046220136,0.3684843197746745,-0.672490999565571,-0.49493647010904973,0.20556630044835
0.6129735474004214,-0.6824160792782514,0.6503402714522984,-0.8743393523764675,-0.24085770700853654,0.28345877661164054,0.6389166863582482,-0.9634407436206395,-0.8582907763048716,-0.4276979098184437,0.5422859220055135
-0.7619968799255871,-0.5344517190826084,-0.5117881910959666,-0.7419727826273592,-0.4879335937052421,6.1091694686436115,2.7892645309036617,-0.005803482850355592,1.866772615871514,-0.024266548074805126,-0.8045925642231452
0.001875579699973319,2.2472782525954815,-1.8106376492381455,-0.0911704813609098,0.8023515923775533,-1.461440078006631,-1.8110697922631653,0.5606861643658829,1.12357350891432,-0.9656063921432944,0.2897462058376409
-0.15089891222513888,-0.800787567434766,-0.2383461999081393,0.5375707249473548,0.3631055715834105,0.8463293748755991,1.255819756514719,0.695564651798342,0.6900406965226205,0.11021057250640773,-0.9729523750017269
0.9185225312506459,1.6258279397737807,-1.3321141646594479,-0.7199116876691746,0.41801132418267806,0.45231995609082815,-1.1941667221066943,0.16953855081183752,0.9377737321750194,2.396321622387024,1.0473653543412618
-0.15089891222513888,0.0869985937390925,-0.716869684486837,-0.6096062128782509,0.8023515923775533,-0.5608471207842973,-0.8592764840217528,0.3516245088456218,1.0616402500012188,0.042972012215801304,-0.3836930372766892
-0.4564478960753633,-0.3864873588869651,-0.5801486888929233,1.1773424787347118,-0.21340483070890257,0.8463293748755991,1.3439487665370722,1.012529097264548,-0.672490999565571,-0.158743668656018,-1.4780318073374736
0.1546500716250855,-1.1559020319043094,0.7187007692492553,-0.7419727826273592,-0.3232163359074385,1.0714776141811826,0.7094198943761305,-0.8555379536746947,-1.4156901065227678,0.44640337395943913,-0.13115332110881506
-0.4564478960753633,-1.0967162878260521,-0.716869684486837,0.361081965281877,-0.04868757291109892,0.7337552552228074,0.7622973003895424,-0.2350969114855024,-0.4866912228262732,-0.09150510836541155,0.20556630044835
-0.07451166626258313,0.678856034521665,-1.1953931690655344,-0.49930073808732733,0.5278228293812139,-0.8422824199162766,-1.3527989401469296,0.5741740131091401,0.81390721434882,-0.29322078923723083,0.12138639505905761
-0.15089891222513888,-0.6824160792782514,0.10345628907664453,-0.8964004473346523,-0.3781220885067064,0.9026164347019949,-0.06611539382057585,-1.132038852911204,-1.1679570708703688,0.7825961754124713,0.20556630044835
-0.8383841258881435,-0.7416018233565087,1.2655847516249097,0.33902087032369216,-0.3232163359074385,0.002023477479661268,0.14539423023307135,-0.13056608372535314,-0.05315841043457366,-0.29322078923723083,-0.552052848055271
-0.6092223880004748,-0.3273016148087082,-0.716869684486837,1.0118842665483263,-0.43302784110597414,0.3397458364380364,0.09251682421965955,-0.40369502077602953,-1.4776233654358661,-1.3017991935963262,0.3178061714947408
-1.3730948476260352,-0.6824160792782514,0.3085377824675147,-0.7860949725437287,-0.7350094804019477,2.478654109841079,0.12776842822860077,-1.6108574832963458,0.07070810739162582,3.0687072252930876,1.2999050705091346
-0.15089891222513888,-1.1559020319043094,0.4452587780614284,-0.6316673078364355,-0.26831058330817054,0.17088465695884883,-0.31287662188316423,-0.5857809788098138,-0.6105577406524727,-0.9656063921432944,-0.13115332110881506
-0.532835142037919,0.9155990108346939,-0.6485091866898801,-0.21250650363092594,-0.570292222604144,0.28345877661164054,0.30402644827330677,-1.4624911471206672,0.19457462521782254,0.11021057250640773,2.0575242190127554
-0.15089891222513888,1.0931562430694657,0.7870612670462122,0.22871539553276854,-0.7624623567015816,-1.3488659583538394,-0.6653926619725763,-1.132038852911204,-0.92022403521797,-0.2259822289466244,1.6366246920662995
0.1546500716250855,0.8564132667564366,-0.3067066977050961,-0.6537284027946203,0.39055844788304406,-0.8985694797426724,-1.564308564200577,-0.22160906274224526,0.7519739554357215,0.6481190548312584,1.2157251651198437
0.765748039325533,0.26455582597386434,1.197224253827953,-0.6096062128782509,1.159238984272795,0.9589034945283909,0.33927805228224794,1.1339197359537498,0.9377737321750194,3.0687072252930876,-0.6362327534445619
3.133752664164771,0.14618433781734977,0.6503402714522984,-0.6096062128782509,0.8572573449768213,-1.3488659583538394,-1.7229407822408123,1.4373963326767363,-0.8582907763048716,1.791174579771567,-1.057132280391018
-0.6092223880004748,2.6615784611432827,-2.1524401382229295,-0.6316673078364355,0.22584119008524062,-0.11055064217313045,-1.0884119100798706,-0.2553286846003507,1.619039580219118,-0.09150510836541155,0.8790055435626786
2.3698802045392107,0.3829273141303786,0.7187007692492553,-0.5875451179200661,4.288866882431065,-1.3488659583538394,-1.7581923862497535,1.6397140638253687,-0.23895818717387424,0.5808804945406519,-0.8887724696124361
-0.9147713718506992,-0.5048588470434797,0.0350957912796877,-0.2786897885054801,-0.7624623567015816,1.0151905543547868,1.1676907464923663,-1.4928388067929395,-0.4866912228262732,-1.3017991935963262,1.2157251651198437
-0.6092223880004748,-0.2089301266521936,-0.2383461999081393,-0.5654840229618815,-0.4879335937052421,0.2271717167852447,0.40978126030013035,-1.7120163488706621,-0.05315841043457366,-1.0328449524339007,1.8049845028448814
1.1476842691383131,1.152341987147723,-0.375067195502053,-0.5654840229618815,1.104333231673527,-1.2925788985274433,-1.4585537521737533,1.0327608703794338,0.2565078841309237,0.44640337395943913,-1.057132280391018
0.001875579699973319,-0.5048588470434797,0.855421764843169,0.4493263451146158,-0.8173681093008495,-0.27941182165231804,0.21589743825095375,-0.5183417350936029,-1.2918235886965683,-1.3017991935963262,0.45810601661622263
-1.6022565855137039,-0.5048588470434797,0.10345628907664453,-0.8743393523764675,-0.8173681093008495,0.9026164347019949,-0.013237987807164047,-1.7120163488706621,0.7519739554357215,-0.6966521509808691,0.7106457327840968
-0.6092223880004748,-1.0375305437477949,0.0350957912796877,-0.5875451179200661,-0.24085770700853654,0.6211811355700156,1.520206786581778,-0.2485847602287221,1.6809728391322163,-0.2259822289466244,-0.7204126588338543
-0.30367340415025107,3.3422145180432405,-1.7422771514411886,-0.6757894977528051,0.08857680858707076,-1.461440078006631,-1.8110697922631653,0.4662712231631952,1.866772615871514,0.7153576151218648,0.2897462058376409
4.050399615715443,0.14618433781734977,1.6073872406096938,-0.5434229280036967,0.7199929634786517,-0.27941182165231804,-0.8063990780083411,1.6734336856835115,-0.4866912228262732,1.925651700352779,-0.13115332110881506
-0.6856096339630313,-0.3273016148087082,-0.10162520431422599,0.669937294696463,4.261414006131431,1.690635272271537,0.6389166863582482,0.4258076769334612,-0.7963575173917705,-0.898367831852688,-1.057132280391018
-0.3800606501128069,-0.2089301266521936,0.0350957912796877,2.0818473720202855,-0.515386470004876,-1.3488659583538394,-0.6125152559591645,-0.1406819702827773,-0.5486244817393715,-1.3017991935963262,1.6366246920662995
-0.532835142037919,0.0869985937390925,-0.03326470651726914,1.872266969917531,-0.10359332551036686,-0.5608471207842973,-0.013237987807164047,0.3044170382442592,-0.17702492826077312,0.17744913279701416,0.37392611122693176
-0.8383841258881435,-0.6824160792782514,-0.3067066977050961,1.0449759089856037,-0.04868757291109892,2.478654109841079,0.35690385428671856,0.2706974163861538,-0.42475796391317205,-0.898367831852688,-0.2995131318873983
-0.571028765019197,-1.2150877759825665,0.7187007692492553,-0.8522782574182828,-0.1859519544092686,1.1840517338339742,0.26877484426436554,-1.1387827772827952,0.2565078841309237,1.0515504165748963,0.45810601661622263
-2.06058006128904,-0.9191590555912804,-0.716869684486837,-0.9074309948137447,-0.6526508515030457,3.322960007237017,0.7975489043984836,-0.4104389451476581,0.6900406965226205,-0.7638907112714755,-2.151471050451804
0.46019905547530926,0.9155990108346939,-0.10162520431422599,-0.6978505927109898,0.5003699530815799,-1.2362918387010475,-1.6171859702139886,0.4595272987915666,0.5042409197833226,0.17744913279701416,-0.13115332110881506
-0.4564478960753633,-1.1559020319043094,0.17181678687360138,0.008104445950921305,-0.04868757291109892,0.2271717167852447,0.19827163624648314,-0.11370627279630043,0.81390721434882,-0.7638907112714755,-0.8045925642231452
0.765748039325533,0.027812849660835207,0.10345628907664453,-0.5875451179200661,0.5278228293812139,-1.06743065922186,-1.1765409201022237,0.48987495846387646,0.2565078841309237,1.8584131400621733,0.37392611122693176
0.2310373175876413,0.4421130582086359,0.9237822626401259,0.8905482442783103,-0.7624623567015816,-0.5608471207842973,0.19827163624648314,0.49324692064967207,-0.672490999565571,-1.1673220730151137,-0.3836930372766892
-0.991158617813255,-0.6232303351999943,-0.10162520431422599,-0.6757894977528051,-0.6526508515030457,-0.11055064217313045,-0.38337982990104663,-0.771238899029431,0.9997069910881204,1.0515504165748963,0.2897462058376409
0.001875579699973319,-0.7416018233565087,1.197224253827953,-0.8964004473346523,-0.3232163359074385,0.2271717167852447,0.46265866631354213,-1.529930390836878,-1.1060238119572705,-1.3017991935963262,1.8049845028448814
0.46019905547530926,1.2707134753042375,-0.8535906800807505,-0.6757894977528051,0.6650872108793838,-0.7297083002634849,-0.10136699782951705,0.5606861643658829,0.566174178696421,0.042972012215801304,-0.8887724696124361
-0.6092223880004748,-0.3864873588869651,0.6503402714522984,0.3831430602400617,-0.3232163359074385,1.7469223320979328,1.8022196186533077,0.22348994578479123,-0.8582907763048716,-0.49493647010904973,-0.9729523750017269
-0.8383841258881435,-0.6232303351999943,0.0350957912796877,0.8684871493201256,-0.7075566041023137,0.6211811355700156,0.35690385428671856,-0.7408912393571212,0.13264136630472417,-1.8397076759211772,1.4682648812877177
2.140718466651542,1.4482707075390087,-0.03326470651726914,-0.6316673078364355,0.9121630975760892,-0.22312476182592217,-0.9121538900351647,1.6397140638253687,-0.3008914460869726,0.6481190548312584,-0.2995131318873983
-0.30367340415025107,0.3237415700521216,-0.16998570211118283,-0.49930073808732733,-0.3506692122070724,-0.1668377019995263,-0.29525081987869367,-1.3950519034044562,-0.672490999565571,-0.7638907112714755,0.5422859220055135
-0.30367340415025107,-0.3864873588869651,0.5136192758583852,-0.8081560675019134,-0.570292222604144,-0.8422824199162766,0.022013616201777154,-0.9229771973909054,0.2565078841309237,1.2532660974467156,0.9631854489519694
0.001875579699973319,-0.2089301266521936,-0.5117881910959666,-0.8081560675019134,0.006218179688169026,-0.7297083002634849,0.05726522021071835,-0.5857809788098138,-0.42475796391317205,-1.2345606333057202,-0.04697341571952417
-0.991158617813255,-1.0375305437477949,-0.10162520431422599,-0.8081560675019134,-0.4055749648063402,-0.27941182165231804,0.09251682421965955,-0.48462211323549753,2.7957714995680116,1.2532660974467156,-0.04697341571952417
-0.9147713718506992,-0.44567310296522245,-0.10162520431422599,2.125969561936655,-0.3506692122070724,-0.8422824199162766,0.5331618743314246,0.7157964249131903,-0.672490999565571,-0.024266548074805126,-0.21533322649810593
-0.532835142037919,-0.800787567434766,1.3339452494218664,2.7657413157240125,-0.3232163359074385,0.2271717167852447,0.19827163624648314,1.7273850806564652,-0.17702492826077312,-0.4276979098184437,-1.4780318073374736
3.5156888939775515,-0.6824160792782514,0.4452587780614284,1.3317701434420048,-0.6251979752034118,-0.8422824199162766,0.16302003223754197,1.7408729293997225,-1.8492229189144647,0.11021057250640773,-0.7204126588338543
-0.6092223880004748,-0.6232303351999943,-0.44342769329900983,3.339329784636815,0.7199929634786517,0.28345877661164054,0.7622973003895424,1.7611047025145707,-0.36282470500007374,-0.2259822289466244,-1.225492091169601
0.6129735474004214,-0.6232303351999943,0.3085377824675147,-0.7860949725437287,-0.26831058330817054,-0.7297083002634849,0.26877484426436554,0.08861145835236954,-0.17702492826077312,0.042972012215801304,-0.4678729426659801
-0.30367340415025107,-0.5048588470434797,0.10345628907664453,-0.7860949725437287,-0.26831058330817054,0.7900423150492033,0.9385553204342484,-0.5857809788098138,-0.672490999565571,-0.6294135906902626,-0.04697341571952417
-0.07451166626258313,-0.8599733115130231,0.6503402714522984,-0.6537284027946203,-0.07614044921073289,-0.33569888147871385,0.9209295184297778,0.08861145835236954,1.5571063213060168,0.5808804945406519,-0.04697341571952417
-0.4564478960753633,-0.9783447996695377,0.24017728467055785,-0.7860949725437287,-0.21340483070890257,1.0714776141811826,0.48028446831801275,-0.38346324766118123,1.2474400267405195,2.127367381224598,-0.2995131318873983
2.6754291883894337,0.027812849660835207,1.4706662450157801,-0.5434229280036967,0.3631055715834105,-1.4051530181802352,-1.7229407822408123,0.8978823829469745,-0.4866912228262732,0.7825961754124713,0.37392611122693176
2.9809781722396584,-0.2089301266521936,1.197224253827953,-0.521361833045512,1.021974602774625,-0.7859953600898807,-1.1765409201022237,1.3699570889605253,-0.672490999565571,3.270422906164907,0.037206489669766724
0.1546500716250855,-0.9191590555912804,-0.03326470651726914,2.0818473720202855,-0.3232163359074385,0.508607015917224,1.396826172550484,1.3699570889605253,-0.7963575173917705,-0.2259822289466244,-1.1413121857803101
0.46019905547530926,1.7737922999694238,-2.1524401382229295,0.09634882578366027,0.8023515923775533,-1.4051530181802352,-1.687689178231871,1.3699570889605253,1.0616402500012188,0.11021057250640773,-0.8045925642231452
-0.15089891222513888,-0.5048588470434797,0.9921427604370827,2.313488869081225,-0.54283934630451,1.7469223320979328,1.0090585284521307,1.3699570889605253,-1.7872896600013664,-1.2345606333057202,-1.4780318073374736
0.3838118095127535,-0.031372894417421755,1.8124687340005636,1.3317701434420048,-0.4879335937052421,0.6211811355700156,0.6565424883627188,1.1002001140956446,-1.0440905530441695,-0.29322078923723083,-1.646391618116057
0.001875579699973319,-1.0967162878260521,-0.16998570211118283,-0.8964004473346523,-0.7075566041023137,0.5648940757436198,0.16302003223754197,-1.671552802640928,-0.672490999565571,-0.898367831852688,1.2999050705091346
-0.30367340415025107,-0.6824160792782514,-0.16998570211118283,2.280397226643948,0.445464200482312,1.4654870329659535,1.044310132461072,1.3025178452442772,-1.0440905530441695,-0.8311292715620819,-1.562211712726766
-0.6856096339630313,0.14618433781734977,0.37689828026447153,-0.7860949725437287,-0.8997267381997514,-1.011143599395464,-0.6653926619725763,-1.9480537018774375,-1.7872896600013664,-0.9656063921432944,1.4682648812877177
-0.7619968799255871,0.20537008189560707,-0.9219511778777073,0.5155096299891702,1.049427479074259,-0.11055064217313045,1.4320777765594253,1.0765963787949633,1.866772615871514,1.186027537156109,-1.1413121857803101
0.30742456355019704,0.5900774184042791,0.855421764843169,2.0818473720202855,-0.3232163359074385,2.140931750882704,1.7317164106354255,1.3699570889605253,1.5571063213060168,-1.1673220730151137,-0.4678729426659801
-0.15089891222513888,0.4421130582086359,0.24017728467055785,-0.764033877585544,0.8572573449768213,-0.7859953600898807,-1.3175473361379884,0.5269665425077775,0.6900406965226205,0.11021057250640773,-1.1413121857803101
0.46019905547530926,-0.8599733115130231,-0.5117881910959666,-0.764033877585544,-0.8448209856004835,-0.22312476182592217,1.3263229645326016,-1.1927341722557863,-0.92022403521797,1.3877432180279283,1.2999050705091346
-0.6092223880004748,2.6319855891041537,-1.8789981470351023,-0.6316673078364355,0.11602968488670473,-1.06743065922186,-1.7053149802363416,0.45278337441993805,1.866772615871514,0.7825961754124713,-0.13115332110881506
-0.7619968799255871,-0.3864873588869651,1.7441082362036069,-0.8964004473346523,-0.3781220885067064,1.1277646740075784,-0.38337982990104663,-1.5164425420936207,-0.36282470500007374,-1.1673220730151137,0.7948256381733877
-0.4564478960753633,1.2707134753042375,-0.6485091866898801,0.846426054361941,-0.6251979752034118,-0.1668377019995263,0.33927805228224794,0.7461440845855002,-0.17702492826077312,-0.158743668656018,-1.225492091169601
-0.22728615818769465,1.3890849634607514,1.8124687340005636,0.6919983896546477,-0.6801037278026797,-0.05426358234673459,0.9738069244431895,-0.6026407897388665,0.318441143044022,-0.6294135906902626,1.3840849758984255
-1.6022565855137039,0.4421130582086359,-2.0840796404259723,-0.7860949725437287,-1.091896872297189,-0.27941182165231804,-0.20712180985634066,-1.732248121985548,0.9377737321750194,-1.1673220730151137,1.4682648812877177
0.3838118095127535,-0.2681158707304509,-0.5801486888929233,-0.6757894977528051,0.30819981898414256,-0.11055064217313045,0.42740706230460096,-0.24184083585709354,-0.7344242584786721,0.5808804945406519,-0.6362327534445619
3.3629144020524384,0.738041778599922,0.855421764843169,-0.764033877585544,2.476977046655224,0.3397458364380364,-1.1060377120843412,1.2890299965010574,0.9377737321750194,2.1946059415152046,-0.552052848055271
-0.4564478960753633,-1.0375305437477949,0.24017728467055785,-0.5434229280036967,-0.7350094804019477,0.17088465695884883,-0.6301410579636351,-1.037623911708479,-0.05315841043457366,1.2532660974467156,0.6264658273948059
4.050399615715443,-0.3864873588869651,1.539026742812737,-0.6096062128782509,0.6925400871790177,-1.011143599395464,-1.4938053561826945,1.7408729293997225,-0.7344242584786721,5.556533956045524,-0.6362327534445619
0.46019905547530926,-0.800787567434766,0.17181678687360138,1.5082589031074827,-0.4879335937052421,1.4091999731395577,0.46265866631354213,0.4595272987915666,-1.2918235886965683,-1.5035148744681455,-0.21533322649810593
1.1476842691383131,-0.09055863849567904,0.4452587780614284,-0.3889952632964037,0.17093543748597267,-1.123717719048256,-1.6700633762274004,0.04814791212263555,0.4423076608702215,1.3205046577373218,1.2157251651198437
-0.9147713718506992,-1.0375305437477949,-0.716869684486837,0.2066543005745839,-0.1859519544092686,-0.22312476182592217,0.35690385428671856,-0.2148651383706167,-0.92022403521797,0.042972012215801304,-0.6362327534445619
-0.22728615818769465,-0.2089301266521936,0.0350957912796877,-0.764033877585544,-0.570292222604144,0.2271717167852447,0.0043878141973065525,-1.300636962201731,-0.23895818717387424,-0.5621750303996562,0.7106457327840968
-0.6092223880004748,-0.6232303351999943,1.197224253827953,0.1625321106582144,-0.10359332551036686,-0.27941182165231804,0.11014262622413015,-0.11370627279630043,-1.3537568476096695,3.001468665002481,-0.04697341571952417
-0.532835142037919,-0.2681158707304509,-0.3067066977050961,-0.23456759858911058,-0.515386470004876,0.3960328962644323,-0.29525081987869367,-1.4422593740057814,-0.17702492826077312,0.44640337395943913,1.7208045974555906
-0.532835142037919,-1.2150877759825665,0.0350957912796877,-0.521361833045512,-0.54283934630451,-0.6734212404370891,-0.4362572359144585,-0.720659466242273,1.0616402500012188,1.3877432180279283,0.7948256381733877
0.5365863014378657,-0.2089301266521936,-0.6485091866898801,1.817114232522069,-0.24085770700853654,0.9026164347019949,1.7317164106354255,1.6464579881969974,1.4951730623929185,0.3791648136688327,-0.4678729426659801
1.6823949908762061,-0.5048588470434797,1.4706662450157801,-0.8522782574182828,-0.26831058330817054,-0.27941182165231804,-0.08374119582504645,-0.8218183318165891,0.008774848478524704,-1.7052305553399643,1.6366246920662995
-0.6092223880004748,-0.5048588470434797,0.24017728467055785,0.5816929148637242,-0.021234696611464945,0.8463293748755991,1.3615745685415428,0.24709368108547253,-0.42475796391317205,-0.2259822289466244,-0.8887724696124361
1.1476842691383131,0.4421130582086359,0.9237822626401259,-0.5875451179200661,0.41801132418267806,0.11459759713245299,-0.9650312960485764,0.5505702778084588,0.628107437609522,1.5894588988997476,1.2157251651198437
-0.30367340415025107,-0.44567310296522245,0.7187007692492553,0.4934485350309853,-0.07614044921073289,1.5780611526187454,1.520206786581778,0.3448805844739932,-0.672490999565571,-0.29322078923723083,-0.9729523750017269
-0.6856096339630313,-0.6824160792782514,-0.6485091866898801,-0.2897203359845724,-0.4879335937052421,0.3960328962644323,0.03963941820624775,-0.6195006006679192,0.008774848478524704,-0.2259822289466244,0.12138639505905761
-0.4564478960753633,-0.6824160792782514,-0.375067195502053,-0.8302171624600981,-0.3232163359074385,-0.7859953600898807,0.25114904225989493,-0.38346324766118123,0.81390721434882,0.44640337395943913,-0.4678729426659801
-0.30367340415025107,-0.8599733115130231,-0.3067066977050961,-0.8522782574182828,-0.6251979752034118,-0.6171341806106931,-0.8063990780083411,-1.4624911471206672,-0.5486244817393715,-1.1000835127245072,0.9631854489519694
0.46019905547530926,1.5074564516172662,-0.375067195502053,-0.6757894977528051,0.6376343345797498,0.05831053730605713,0.30402644827330677,0.5674300887375114,-0.11509166934767477,-0.09150510836541155,-0.552052848055271
-1.6786438314762595,-0.09055863849567904,-0.9219511778777073,-0.10220102884000232,-0.6801037278026797,0.5648940757436198,0.18064583424201255,-1.1455267016544237,-0.3008914460869726,-0.898367831852688,0.37392611122693176
-0.30367340415025107,-0.14974438257393632,-0.10162520431422599,-0.3889952632964037,-0.7624623567015816,-0.8422824199162766,-0.5948894539546938,-1.3242406975024124,0.628107437609522,0.6481190548312584,1.7208045974555906
-1.4494820935885917,0.5012988022868932,-1.4004746624564048,-0.8743393523764675,-0.7624623567015816,-1.3488659583538394,-1.1060377120843412,-1.2736612647152543,1.7429060980453146,-0.36045934952783726,0.5422859220055135
1.4532332529885377,-0.564044591121737,0.17181678687360138,-0.6757894977528051,0.39055844788304406,0.8463293748755991,-0.8240248800128116,1.063108530051706,1.3093732856536178,2.1946059415152046,-0.2995131318873983
-0.15089891222513888,-0.14974438257393632,0.17181678687360138,-0.8302171624600981,-0.4055749648063402,-0.5608471207842973,-0.7887732760038705,-1.1252949285395755,0.5042409197833226,0.7825961754124713,1.2157251651198437
0.5365863014378657,0.14618433781734977,-0.5801486888929233,-0.7199116876691746,0.5552757056808479,-0.3919859413051097,-1.1412893160932824,0.5944057862239883,0.318441143044022,0.9170732959936841,-1.057132280391018
0.30742456355019704,-0.14974438257393632,0.17181678687360138,2.931199527910398,-0.07614044921073289,0.7900423150492033,1.4673293805683663,2.111788769838882,-0.05315841043457366,0.11021057250640773,-1.3096719965588919
0.765748039325533,-0.6824160792782514,0.581979773655342,-0.8522782574182828,-0.8173681093008495,0.3397458364380364,0.12776842822860077,-0.8555379536746947,-0.672490999565571,-1.0328449524339007,0.12138639505905761
0.001875579699973319,0.14618433781734977,0.0350957912796877,-0.6757894977528051,0.1434825611863387,-0.8422824199162766,-1.5114311581871651,0.054891836494264115,0.008774848478524704,1.3205046577373218,0.6264658273948059
-0.6092223880004748,0.4421130582086359,2.906236698751872,1.7068087577311453,0.5278228293812139,1.0151905543547868,1.6788390046220136,1.1002001140956446,-0.672490999565571,0.31192625337822627,-1.3096719965588919
-0.6092223880004748,-0.9783447996695377,-0.03326470651726914,-0.764033877585544,-0.21340483070890257,0.3397458364380364,0.23352324025542434,-0.38346324766118123,2.3003054282632136,0.9170732959936841,-0.13115332110881506
0.765748039325533,1.7146065558911665,-1.4688351602533614,-0.6537284027946203,0.445464200482312,-0.27941182165231804,-0.9474054940441059,0.6213814837105026,0.38037440195712313,1.4549817783185348,0.2897462058376409
0.6893607933629772,-0.09055863849567904,0.855421764843169,-0.7860949725437287,-0.4055749648063402,-1.3488659583538394,-1.7934439902586947,0.2976731138726306,0.7519739554357215,0.5136419342500456,0.12138639505905761
-0.8383841258881435,-1.0375305437477949,-0.2383461999081393,-0.12426212379818696,-0.6526508515030457,0.9026164347019949,0.6389166863582482,-0.4171828695192867,1.2474400267405195,-0.29322078923723083,0.2897462058376409
-0.3800606501128069,-0.2089301266521936,-0.10162520431422599,-0.6537284027946203,-0.515386470004876,-0.6734212404370891,0.28640064626883616,-0.5857809788098138,0.81390721434882,0.6481190548312584,0.037206489669766724
2.751816434351991,3.223843029886726,-0.10162520431422599,-0.5434229280036967,2.0651839021607152,-1.2925788985274433,-0.9474054940441059,1.1204318872104928,-1.4776233654358661,4.346239870814609,-0.2995131318873983
-0.9147713718506992,0.0869985937390925,0.0350957912796877,-0.8743393523764675,-0.10359332551036686,-0.22312476182592217,1.044310132461072,-0.13393804591114872,0.9377737321750194,0.042972012215801304,-1.4780318073374736
0.46019905547530926,-0.800787567434766,1.197224253827953,-0.8191866149810058,-0.13104620181000085,-1.3488659583538394,-1.158915118097753,-1.1590145503976808,-0.4866912228262732,-1.7052305553399643,0.7106457327840968
-0.532835142037919,-0.44567310296522245,-0.8535906800807505,-0.1904454086727411,-0.2957634596078045,-1.3488659583538394,0.0043878141973065525,0.3246488113591449,0.13264136630472417,-1.2345606333057202,-1.646391618116057
-0.30367340415025107,-0.14974438257393632,0.0350957912796877,0.8023038644455713,-0.7624623567015816,0.05831053730605713,-0.15424440384292884,-1.037623911708479,-1.4156901065227678,-1.3017991935963262,1.4682648812877177
-0.8383841258881435,-0.564044591121737,-0.2383461999081393,1.089098098901973,-0.04868757291109892,1.4654870329659535,0.30402644827330677,-0.1811455165125113,-0.05315841043457366,-1.2345606333057202,0.2897462058376409
-0.4564478960753633,-0.44567310296522245,-0.16998570211118283,0.052226635867290795,-0.3232163359074385,1.5217740927923493,1.3263229645326016,0.25720956764289665,0.5042409197833226,1.7239360194809605,-0.6362327534445619
-0.6856096339630313,-0.9191590555912804,0.0350957912796877,-0.49930073808732733,-0.2957634596078045,-0.6734212404370891,-0.5948894539546938,-1.3849360168469946,-1.9111561778275659,-0.4276979098184437,0.41601606392157797
-0.22728615818769465,0.20537008189560707,-0.2383461999081393,0.7140594846128328,0.1434825611863387,-0.4482730011315056,0.9209295184297778,0.17628247518342866,-0.42475796391317205,1.2532660974467156,0.037206489669766724
-1.4494820935885917,-0.2681158707304509,-1.058672173471621,-0.1904454086727411,-0.7624623567015816,0.3960328962644323,-0.24237341386528186,-1.3613322815463134,0.4423076608702215,-1.1673220730151137,1.0473653543412618
0.1546500716250855,-0.9191590555912804,1.197224253827953,0.93467043419468,-0.7350094804019477,-0.22312476182592217,0.32165225027777733,-0.1811455165125113,-1.4776233654358661,-1.436276314177539,0.37392611122693176
-0.15089891222513888,0.9155990108346939,-0.44342769329900983,-0.6757894977528051,0.3631055715834105,-1.5177271378330268,-1.6171859702139886,0.5944057862239883,0.13264136630472417,0.6481190548312584,-1.1413121857803101
-0.4564478960753633,-1.0967162878260521,-0.10162520431422599,-0.764033877585544,-0.6251979752034118,-0.8422824199162766,-0.6301410579636351,-0.8555379536746947,0.9377737321750194,-0.6294135906902626,0.5422859220055135
1.3768460070259818,1.6258279397737807,-1.8789981470351023,-0.6978505927109898,2.4495241703555903,-0.1668377019995263,-0.41863143390998786,1.3025178452442772,-0.42475796391317205,1.1187889768655026,-0.9729523750017269
0.07826282566252908,-0.2681158707304509,-0.44342769329900983,-0.5654840229618815,-0.3232163359074385,0.11459759713245299,0.14539423023307135,-0.42055483170508223,-0.3008914460869726,0.042972012215801304,-0.21533322649810593
-0.9147713718506992,1.152341987147723,-1.7422771514411886,-0.7199116876691746,-0.1859519544092686,0.45231995609082815,-0.4362572359144585,-0.7341473149854926,0.4423076608702215,-0.2259822289466244,-0.004883463024877976
0.2310373175876413,-0.8599733115130231,1.0605032582340392,2.6113136510167188,-0.13104620181000085,1.1840517338339742,1.308697162528131,1.653201912568626,-0.8582907763048716,0.5808804945406519,-1.057132280391018
-1.0675458637758115,-0.09055863849567904,-0.7852301822837936,2.423794343872149,-0.26831058330817054,-0.22312476182592217,0.9209295184297778,1.0327608703794338,-0.8582907763048716,-0.49493647010904973,-1.3938519019481828
-0.15089891222513888,0.8564132667564366,1.197224253827953,0.11840992074184492,0.08857680858707076,-0.22312476182592217,0.12776842822860077,0.9653216266631854,0.6900406965226205,1.5222203386091413,-0.04697341571952417
-0.30367340415025107,-0.7416018233565087,-0.03326470651726914,0.4052041551982465,-0.54283934630451,0.17088465695884883,0.12776842822860077,-0.9364650461341626,-1.2918235886965683,-0.9656063921432944,1.1315452597305526
-1.1439331097383671,-0.5048588470434797,-0.3067066977050961,-0.21250650363092594,3.9594323668354576,2.4505105799278812,1.3351358655348369,-0.11370627279630043,0.2565078841309237,-1.0328449524339007,-0.9729523750017269
-0.15089891222513888,1.0931562430694657,-2.0157191426290155,-0.8964004473346523,-0.570292222604144,0.508607015917224,-0.11899279983398765,-0.5183417350936029,-0.17702492826077312,-1.436276314177539,-1.3096719965588919
0.1546500716250855,1.4482707075390087,-1.6055561558472748,-0.1463232187563716,0.8023515923775533,-1.3488659583538394,-1.4938053561826945,0.9653216266631854,0.9377737321750194,-0.2259822289466244,-1.3096719965588919
-0.532835142037919,-0.800787567434766,0.24017728467055785,0.14047101570002976,-0.3781220885067064,0.9589034945283909,1.4673293805683663,-0.2081212139989881,0.07070810739162582,-0.2259822289466244,-0.3836930372766892
-0.532835142037919,-0.3864873588869651,0.24017728467055785,1.0449759089856037,0.28074694268450856,1.7469223320979328,1.1676907464923663,0.8978823829469745,-0.4866912228262732,0.24468769308761984,-1.3096719965588919
-1.3730948476260352,1.0931562430694657,-1.058672173471621,-0.521361833045512,-0.570292222604144,0.2271717167852447,0.25114904225989493,-2.0154929455936483,-0.17702492826077312,-0.024266548074805126,2.225884029791337
-0.6856096339630313,0.3829273141303786,-0.9219511778777073,-0.3448730733800342,-0.8173681093008495,-0.3919859413051097,-0.08374119582504645,-1.4692350714922957,0.6900406965226205,0.042972012215801304,1.8891644082341736
-0.6092223880004748,-0.7416018233565087,-0.10162520431422599,1.3538312384001894,-0.2957634596078045,1.296625853486766,0.6212908843537776,0.08523949616653653,-0.11509166934767477,-1.3017991935963262,0.20556630044835
-0.991158617813255,0.0869985937390925,0.6503402714522984,-0.8302171624600981,-0.26831058330817054,0.8463293748755991,-0.17187020584739945,-0.9566968192490108,0.628107437609522,-0.158743668656018,0.037206489669766724
-0.07451166626258313,-0.9783447996695377,0.5136192758583852,2.247305584206671,-0.26831058330817054,0.8463293748755991,0.779923102394013,1.6599458369402544,0.6900406965226205,1.5894588988997476,-1.225492091169601
0.46019905547530926,-0.800787567434766,1.197224253827953,-0.8522782574182828,-0.570292222604144,-0.5608471207842973,-0.25999921586975244,-1.529930390836878,-1.1060238119572705,-1.7052305553399643,1.2999050705091346
0.001875579699973319,-0.44567310296522245,-0.03326470651726914,-0.8522782574182828,-0.7075566041023137,-0.1668377019995263,-0.5948894539546938,-1.8941023069044465,-1.22989032978347,-1.3690377538869325,1.8049845028448814
-0.30367340415025107,1.0339704989912084,0.0350957912796877,1.795053137563884,-0.3506692122070724,1.3529129133131619,1.8903486286756608,0.8978823829469745,0.2565078841309237,-0.2259822289466244,-0.8045925642231452
0.30742456355019704,-0.7416018233565087,0.17181678687360138,1.0229148140274185,-0.5977450989037778,-0.22312476182592217,0.515536072326954,0.6618450299402366,-0.92022403521797,-0.29322078923723083,-0.6362327534445619
0.1546500716250855,-0.3864873588869651,0.3085377824675147,-0.8743393523764675,-0.7899152330012155,0.6774681953964116,-0.15424440384292884,-1.7659677438436534,-1.4776233654358661,-0.9656063921432944,1.5524447866770086
-0.07451166626258313,-0.9783447996695377,0.0350957912796877,1.5744421879820367,-0.24085770700853654,0.3397458364380364,0.19827163624648314,0.7292842736564474,-1.9111561778275659,0.042972012215801304,-0.9729523750017269
0.46019905547530926,-0.44567310296522245,0.10345628907664453,-0.5875451179200661,-0.10359332551036686,0.3397458364380364,1.0795617364700132,-0.8555379536746947,-0.17702492826077312,0.11021057250640773,0.37392611122693176
0.2310373175876413,-0.800787567434766,2.496073711970132,1.2876479535256355,-0.3232163359074385,0.45231995609082815,0.33927805228224794,1.1002001140956446,-1.4156901065227678,-1.1673220730151137,-1.562211712726766
-0.3800606501128069,0.738041778599922,0.17181678687360138,0.846426054361941,-0.3781220885067064,0.05831053730605713,1.0266843304566013,0.6281254080820937,-0.05315841043457366,0.44640337395943913,-1.1413121857803101
-0.532835142037919,-0.6824160792782514,-0.7852301822837936,0.5375707249473548,-0.1859519544092686,0.7900423150492033,1.1500649444878956,0.16953855081183752,-0.3008914460869726,-0.36045934952783726,-0.8607125014299388
-0.22728615818769465,-0.800787567434766,-0.5117881910959666,-0.7199116876691746,-0.982085367098653,-0.7297083002634849,-0.5948894539546938,-1.5569060883233548,-0.4866912228262732,-0.49493647010904973,1.4682648812877177
0.9185225312506459,0.14618433781734977,0.7870612670462122,-0.6096062128782509,0.17093543748597267,-1.011143599395464,-1.6700633762274004,0.3246488113591449,-0.36282470500007374,1.8584131400621733,0.5422859220055135
-0.6092223880004748,-0.6824160792782514,-0.10162520431422599,0.4493263451146158,-0.54283934630451,1.8594964517507246,2.1547356587427196,0.22348994578479123,-1.0440905530441695,-1.3017991935963262,-1.1413121857803101
0.6893607933629772,-0.6232303351999943,0.4452587780614284,-0.16838431371455645,-0.3506692122070724,1.0714776141811826,1.0266843304566013,0.49324692064967207,0.875840473261921,1.3877432180279283,0.20556630044835
-0.3800606501128069,-1.333459264139081,0.3085377824675147,-0.6096062128782509,-0.4879335937052421,0.7337552552228074,0.19827163624648314,-0.757751050286174,-0.9821572941310711,0.9170732959936841,-0.3836930372766892
-0.22728615818769465,1.7146065558911665,-0.9903116756746639,-0.5875451179200661,5.057547418820815,-1.3488659583538394,-1.687689178231871,0.5269665425077775,1.0616402500012188,0.3791648136688327,-0.21533322649810593
-0.532835142037919,-0.800787567434766,-0.2383461999081393,-0.8081560675019134,-0.2957634596078045,-0.22312476182592217,-0.8416506820172822,-0.8589099158604901,1.2474400267405195,-0.36045934952783726,0.45810601661622263
-0.15089891222513888,-0.09055863849567904,-0.2383461999081393,0.14047101570002976,-0.6526508515030457,0.508607015917224,1.5907099945996606,-0.9364650461341626,-0.36282470500007374,0.7153576151218648,1.6366246920662995
-0.3800606501128069,-0.2089301266521936,-1.6055561558472748,-0.8302171624600981,-0.515386470004876,1.5780611526187454,0.5860392803448363,-0.7880987099584837,-0.3008914460869726,-0.49493647010904973,-0.4678729426659801
-1.1439331097383671,-0.7416018233565087,0.10345628907664453,-0.6978505927109898,-0.570292222604144,0.3960328962644323,-0.06611539382057585,-1.7153883110564578,0.19457462521782254,0.31192625337822627,1.5524447866770086
-0.6092223880004748,-0.5048588470434797,-0.375067195502053,-0.8743393523764675,-0.13104620181000085,-0.4482730011315056,1.0971875384744838,-0.5048538863503458,-0.8582907763048716,0.042972012215801304,-1.057132280391018
0.30742456355019704,0.027812849660835207,1.9491897295944773,-0.5434229280036967,0.445464200482312,-0.3919859413051097,-1.2294183261156355,0.6820768030550849,0.9377737321750194,1.7239360194809605,0.45810601661622263
0.001875579699973319,-0.031372894417421755,0.17181678687360138,1.6626865678147755,-0.24085770700853654,-1.2925788985274433,-1.2822957321290473,-0.11370627279630043,-0.23895818717387424,-0.898367831852688,0.9631854489519694
-0.6856096339630313,-0.564044591121737,-0.3067066977050961,0.33902087032369216,-0.07614044921073289,0.5648940757436198,0.779923102394013,-0.2553286846003507,-0.17702492826077312,-0.36045934952783726,-0.21533322649810593
-0.8383841258881435,-1.0967162878260521,-0.3067066977050961,1.6626865678147755,0.19838831378560665,1.8594964517507246,0.8504263104118953,1.6397140638253687,2.671904981741812,-0.6966521509808691,-1.3938519019481828
-0.07451166626258313,-0.9783447996695377,2.906236698751872,2.3245194165603174,-0.3506692122070724,0.7900423150492033,1.0971875384744838,1.707153307541617,0.9377737321750194,0.9170732959936841,-1.3096719965588919
0.07826282566252908,-0.7416018233565087,0.37689828026447153,2.0377251821039164,0.17093543748597267,1.0151905543547868,1.3615745685415428,1.1002001140956446,-2.0969559545668637,-1.0328449524339007,-1.3096719965588919
-0.3800606501128069,0.678856034521665,-0.5117881910959666,-0.7419727826273592,0.5552757056808479,-0.6734212404370891,-1.4056763461603414,0.08861145835236954,0.9997069910881204,0.44640337395943913,0.037206489669766724
0.6893607933629772,-0.564044591121737,0.4452587780614284,-0.2786897885054801,-0.15849907810963482,-0.6734212404370891,0.26877484426436554,-0.5857809788098138,-0.11509166934767477,-1.0328449524339007,0.7948256381733877
-1.0675458637758115,-0.6824160792782514,-0.03326470651726914,-0.12426212379818696,-0.2957634596078045,0.6774681953964116,0.18064583424201255,-0.43741464263413493,0.5042409197833226,0.7153576151218648,0.20556630044835
-0.3800606501128069,-0.800787567434766,0.37689828026447153,-0.5654840229618815,-0.6251979752034118,0.28345877661164054,-0.4362572359144585,-1.09157530668147,0.13264136630472417,-0.2259822289466244,0.37392611122693176
-1.0675458637758115,-0.3273016148087082,-0.716869684486837,-0.5434229280036967,-0.8722738619001174,-1.011143599395464,0.11014262622413015,-1.732248121985548,0.9997069910881204,1.7239360194809605,2.8993232729056673
-0.532835142037919,0.3237415700521216,-1.4688351602533614,-0.6757894977528051,0.5278228293812139,0.002023477479661268,-1.1765409201022237,0.33813666010236465,0.81390721434882,-0.36045934952783726,-0.9729523750017269
-0.07451166626258313,-0.8599733115130231,-0.03326470651726914,0.5155096299891702,-0.10359332551036686,0.11459759713245299,1.7140906086309549,0.4494114122341425,0.5042409197833226,0.3791648136688327,-0.13115332110881506
-0.4564478960753633,-0.800787567434766,1.9491897295944773,-0.8743393523764675,2.1475425310596172,1.7469223320979328,0.5331618743314246,-0.6195006006679192,-0.672490999565571,-0.9656063921432944,-1.057132280391018
-1.2967076016634793,-0.9191590555912804,-0.3067066977050961,-0.9184615422928369,-0.46048071740560814,1.24033879366037,-0.18949600785187004,-1.4422593740057814,1.6809728391322163,-0.9656063921432944,0.5422859220055135
-1.1439331097383671,0.678856034521665,0.9921427604370827,-0.8081560675019134,-0.46048071740560814,0.05831053730605713,0.9738069244431895,-0.4509024913773921,-0.6105577406524727,-0.4276979098184437,-1.4780318073374736
-1.1439331097383671,-0.8599733115130231,-0.5117881910959666,1.9274197073129928,-0.26831058330817054,0.7900423150492033,-0.030863789811634647,1.292401958686853,-1.6014898832620656,0.8498347357030777,-1.4780318073374736
-0.3800606501128069,1.152341987147723,-0.2383461999081393,0.07428773082547563,0.08857680858707076,-0.5045600609579014,-0.15424440384292884,0.12233108021047497,0.2565078841309237,-1.1000835127245072,-1.3096719965588919
0.46019905547530926,-0.5048588470434797,0.855421764843169,-0.8302171624600981,-0.54283934630451,0.7337552552228074,0.32165225027777733,-0.04626702908008959,-0.3008914460869726,0.7825961754124713,-0.4678729426659801
-1.1439331097383671,-0.564044591121737,-0.716869684486837,-0.7860949725437287,-0.3506692122070724,-0.5045600609579014,-0.10136699782951705,-1.051111760451736,0.4423076608702215,0.3791648136688327,0.37392611122693176
-1.1439331097383671,1.5074564516172662,-2.1524401382229295,-0.8081560675019134,0.17093543748597267,-1.06743065922186,-1.687689178231871,-0.8858856133470044,1.371306544566719,0.17744913279701416,1.3840849758984255
2.0643312206889863,0.3237415700521216,1.4706662450157801,0.361081965281877,1.104333231673527,-1.3488659583538394,-1.6700633762274004,1.3699570889605253,0.2565078841309237,1.925651700352779,0.9631854489519694
-0.07451166626258313,0.5012988022868932,-0.9903116756746639,-0.7199116876691746,0.6925400871790177,-0.1668377019995263,-1.1060377120843412,0.6078936349672455,1.619039580219118,0.7153576151218648,-0.13115332110881506
0.9949097772132016,1.2707134753042375,2.906236698751872,2.820894053119474,-0.15849907810963482,1.1840517338339742,2.2781162727740143,2.0106299042645657,-1.4776233654358661,1.1187889768655026,-1.1413121857803101
-0.22728615818769465,-0.7416018233565087,-0.2383461999081393,0.6037540098219089,-0.1859519544092686,0.7337552552228074,0.03963941820624775,-0.43067071826250636,-0.05315841043457366,0.44640337395943913,0.7948256381733877
0.1546500716250855,1.2115277312259802,-0.8535906800807505,-0.7199116876691746,0.6925400871790177,-0.8422824199162766,-1.4056763461603414,0.6787048408692893,1.619039580219118,0.9843118562842905,-0.04697341571952417
-0.15089891222513888,-0.14974438257393632,-0.16998570211118283,0.5596318199055395,-0.8722738619001174,0.28345877661164054,0.18064583424201255,-0.9836725167355251,-0.4866912228262732,0.7825961754124713,1.8891644082341736
-0.991158617813255,-0.6232303351999943,0.17181678687360138,-0.6757894977528051,-0.54283934630451,0.5648940757436198,-0.10136699782951705,-1.7052724244990336,-0.23895818717387424,-0.2259822289466244,1.4682648812877177
-0.4564478960753633,-0.7416018233565087,0.37689828026447153,-0.764033877585544,-0.46048071740560814,0.05831053730605713,-0.22474761186081124,-1.499582731164568,-0.4866912228262732,0.8498347357030777,1.2157251651198437
0.9949097772132016,-0.3864873588869651,1.6757477384066508,-0.7199116876691746,0.9670688501753572,0.28345877661164054,-0.18949600785187004,0.7967235173726583,0.4423076608702215,1.4549817783185348,-0.04697341571952417
0.5365863014378657,-0.9783447996695377,1.197224253827953,0.030165540909106146,-0.15849907810963482,0.3397458364380364,0.7622973003895424,0.25720956764289665,-0.3008914460869726,-0.36045934952783726,0.037206489669766724
-1.0675458637758115,-0.5048588470434797,-0.5117881910959666,0.9126093392364949,-0.3506692122070724,1.4091999731395577,0.6741682903671894,0.5269665425077775,0.5042409197833226,-1.0328449524339007,-0.9729523750017269
-0.4564478960753633,-0.44567310296522245,0.6503402714522984,-0.8302171624600981,-0.13104620181000085,-0.7859953600898807,0.49791027032248336,0.1897703239266858,1.1855067678274183,-0.4276979098184437,-0.4678729426659801
0.6129735474004214,-0.6824160792782514,-0.2383461999081393,-0.521361833045512,-0.24085770700853654,1.0714776141811826,0.9033037164253072,0.22348994578479123,0.19457462521782254,1.2532660974467156,-0.8887724696124361
1.5296204989510933,-1.2150877759825665,0.37689828026447153,-0.8743393523764675,-0.6251979752034118,0.3397458364380364,-0.5243862459368115,-1.0713435335665842,-1.1060238119572705,0.11021057250640773,0.8790055435626786
0.46019905547530926,-0.44567310296522245,-0.2383461999081393,-0.7199116876691746,-0.1859519544092686,-0.5045600609579014,0.23352324025542434,-0.38346324766118123,-0.4866912228262732,-0.6294135906902626,-0.552052848055271
-0.07451166626258313,-1.2150877759825665,0.24017728467055785,-0.8081560675019134,-0.4879335937052421,-0.33569888147871385,0.25114904225989493,-0.8150744074449606,-1.6014898832620656,0.9843118562842905,-0.13115332110881506
2.3698802045392107,-0.44567310296522245,-0.5117881910959666,-0.6537284027946203,0.41801132418267806,-0.8422824199162766,-1.423302148164812,0.35836843321725037,-0.05315841043457366,0.8498347357030777,1.8891644082341736
1.9879439747264307,-1.0967162878260521,0.9921427604370827,-0.7199116876691746,-0.2957634596078045,-0.3919859413051097,0.28640064626883616,0.4494114122341425,-1.1679570708703688,0.9170732959936841,-0.8045925642231452
-0.8383841258881435,-0.7416018233565087,-0.2383461999081393,2.5340998186630728,0.06112393228743678,1.3529129133131619,0.3745296562911892,0.7124244627273947,-0.17702492826077312,-1.0328449524339007,-0.04697341571952417
1.3768460070259818,-0.6232303351999943,1.2655847516249097,-0.8522782574182828,-0.24085770700853654,-0.22312476182592217,-0.11899279983398765,-0.9229771973909054,-0.11509166934767477,-1.3017991935963262,1.5524447866770086
-1.7550310774388154,-0.0017800223782934374,0.17181678687360138,-0.8964004473346523,0.30819981898414256,0.11459759713245299,0.515536072326954,-1.0645996091949557,0.07070810739162582,-0.898367831852688,-0.3836930372766892
-0.22728615818769465,0.027812849660835207,0.5136192758583852,-0.5875451179200661,-0.24085770700853654,-0.27941182165231804,0.7622973003895424,-1.0814594201240084,-0.17702492826077312,0.042972012215801304,0.45810601661622263
1.4532332529885377,2.4840212289085106,-1.8789981470351023,-0.764033877585544,0.5827285819804818,-1.461440078006631,-1.7581923862497535,1.1676393578118553,0.38037440195712313,0.042972012215801304,-0.7204126588338543
0.07826282566252908,-0.7416018233565087,1.197224253827953,0.9567315291528646,-0.6251979752034118,-0.05426358234673459,0.35690385428671856,-0.2148651383706167,-1.4776233654358661,-1.436276314177539,0.37392611122693176
0.765748039325533,0.3237415700521216,0.855421764843169,-0.49930073808732733,0.8847102212764552,-1.06743065922186,-1.2470441281201061,0.9990412485213283,1.866772615871514,0.5136419342500456,-0.04697341571952417
0.001875579699973319,-0.44567310296522245,-0.2383461999081393,2.2362750367275788,-0.2957634596078045,-1.3488659583538394,-1.2822957321290473,0.7124244627273947,-0.36282470500007374,-0.9656063921432944,0.2897462058376409
0.46019905547530926,0.5012988022868932,0.0350957912796877,-0.49930073808732733,0.6376343345797498,-0.05426358234673459,-0.982657098053047,0.9653216266631854,0.5042409197833226,0.7153576151218648,-0.21533322649810593
0.765748039325533,-1.0375305437477949,0.0350957912796877,-0.7860949725437287,-0.1859519544092686,-0.7297083002634849,-0.22474761186081124,-0.1811455165125113,-0.5486244817393715,0.31192625337822627,-0.8887724696124361
-0.15089891222513888,-0.5048588470434797,-0.375067195502053,1.2655868585674508,-0.4879335937052421,0.3960328962644323,1.2381939545102485,1.1238038493963258,1.4951730623929185,0.31192625337822627,-0.21533322649810593
-0.4564478960753633,-0.9191590555912804,-0.2383461999081393,-0.8743393523764675,-0.3506692122070724,0.45231995609082815,-0.24237341386528186,-1.3950519034044562,-0.05315841043457366,1.0515504165748963,0.5422859220055135
0.001875579699973319,-0.14974438257393632,-0.5117881910959666,0.11840992074184492,-0.6526508515030457,-0.3919859413051097,0.11014262622413015,-0.40369502077602953,-1.9111561778275659,0.8498347357030777,-0.21533322649810593
0.07826282566252908,-0.5048588470434797,0.0350957912796877,-0.8522782574182828,-0.43302784110597414,-0.05426358234673459,-0.34812822589210546,-1.6041135589247173,-0.9821572941310711,-0.5621750303996562,1.2157251651198437
0.9949097772132016,-0.564044591121737,-0.3067066977050961,-0.08013993388181748,-0.7075566041023137,0.05831053730605713,-0.38337982990104663,-0.7880987099584837,-1.3537568476096695,-1.3690377538869325,1.2157251651198437
2.217105712614098,0.14618433781734977,0.17181678687360138,-0.5875451179200661,0.7748987160779197,-1.4051530181802352,-1.7053149802363416,0.773119782071977,-0.36282470500007374,0.7825961754124713,0.037206489669766724
-0.7619968799255871,-0.564044591121737,1.539026742812737,0.42726525015643113,-0.2957634596078045,1.5780611526187454,1.0971875384744838,0.0009404415212729803,-0.23895818717387424,1.1187889768655026,-0.13115332110881506
-0.6092223880004748,-0.7416018233565087,0.0350957912796877,0.6258151047800937,-0.7624623567015816,0.2271717167852447,0.18064583424201255,0.08861145835236954,1.0616402500012188,-0.9656063921432944,-0.2995131318873983
-0.15089891222513888,-0.8599733115130231,0.17181678687360138,0.14047101570002976,-0.5977450989037778,0.11459759713245299,-0.5420120479412821,-0.5857809788098138,-0.23895818717387424,-0.49493647010904973,0.7948256381733877
3.2865271560898828,0.6196702904434077,1.2655847516249097,-0.4551785481709578,0.5827285819804818,-0.6171341806106931,-1.1765409201022237,1.9431906605483549,0.19457462521782254,3.8755699487803645,0.37392611122693176
-0.4564478960753633,-1.0967162878260521,1.7441082362036069,-0.8743393523764675,2.0102781495614472,1.5780611526187454,0.46265866631354213,-0.6195006006679192,-0.672490999565571,-0.9656063921432944,-1.057132280391018
-1.0675458637758115,-1.1559020319043094,0.0350957912796877,-0.8522782574182828,-0.54283934630451,-0.8985694797426724,0.09251682421965955,-1.0679715713807887,-0.23895818717387424,-0.2259822289466244,-0.2995131318873983
-0.8383841258881435,-1.0375305437477949,-0.3067066977050961,-0.7860949725437287,-0.021234696611464945,0.8463293748755991,0.3745296562911892,-0.720659466242273,-0.17702492826077312,-0.6966521509808691,-0.2995131318873983
-0.07451166626258313,-1.5110164963738528,-0.10162520431422599,0.2507764904909534,-0.6801037278026797,-0.33569888147871385,0.35690385428671856,-0.5183417350936029,-1.4776233654358661,-0.9656063921432944,0.2897462058376409
0.07826282566252908,-0.6824160792782514,0.6503402714522984,2.10390846697847,-0.24085770700853654,2.4223670500146834,1.925600232684602,1.3800729755179495,-0.42475796391317205,1.186027537156109,-0.9729523750017269
-0.30367340415025107,-0.14974438257393632,0.17181678687360138,-0.8522782574182828,-0.3506692122070724,-0.8985694797426724,-0.8240248800128116,-0.8892575755328,-1.1060238119572705,-0.4276979098184437,0.037206489669766724
-0.6092223880004748,-0.14974438257393632,0.24017728467055785,-0.05807883892363283,-0.7350094804019477,0.2271717167852447,-0.22474761186081124,-1.1252949285395755,0.81390721434882,0.44640337395943913,1.6366246920662995
1.2240715151008703,1.5074564516172662,-0.16998570211118283,-0.6316673078364355,1.131786107973161,-1.4051530181802352,-1.7405665842452829,1.4373963326767363,0.81390721434882,-0.29322078923723083,-1.225492091169601
-0.22728615818769465,2.3952426127911246,-1.2637536668624911,0.27283758544913805,-0.570292222604144,-0.6171341806106931,-1.1236635140888118,-0.47787818886386896,-0.8582907763048716,-1.9069462362117837,0.45810601661622263
-0.6092223880004748,-0.3864873588869651,-0.5801486888929233,0.2066543005745839,-0.15849907810963482,1.1277646740075784,0.8504263104118953,-0.1811455165125113,-0.4866912228262732,-0.09150510836541155,-0.2995131318873983
-0.6856096339630313,-0.9191590555912804,-0.2383461999081393,-0.7199116876691746,-0.9546324907990192,-0.11055064217313045,0.779923102394013,-1.2938930378301026,-0.17702492826077312,0.7153576151218648,0.7106457327840968
-1.2967076016634793,-1.1559020319043094,0.0350957912796877,1.9715418972293621,-0.7075566041023137,-0.7859953600898807,-0.25999921586975244,-0.05638291563751373,0.19457462521782254,-1.0328449524339007,0.7948256381733877
1.300458761063426,-0.800787567434766,0.17181678687360138,0.4493263451146158,-0.54283934630451,0.17088465695884883,0.6389166863582482,0.5606861643658829,-0.7963575173917705,-0.5621750303996562,-0.7204126588338543
-0.9147713718506992,-0.5048588470434797,-0.16998570211118283,-0.43311745321277306,-0.43302784110597414,0.3960328962644323,0.5331618743314246,-1.7187602732422909,-0.05315841043457366,-0.9656063921432944,1.8891644082341736
1.3768460070259818,0.678856034521665,-0.5801486888929233,-0.49930073808732733,0.9670688501753572,-0.11055064217313045,-0.17187020584739945,1.2687982233861717,-0.7963575173917705,0.17744913279701416,-1.1413121857803101
-0.9147713718506992,-1.2742735200608237,-0.2383461999081393,0.14047101570002976,-0.515386470004876,1.4654870329659535,1.3351358655348369,0.08861145835236954,2.2383721693501126,-0.6966521509808691,0.037206489669766724
0.765748039325533,-0.5048588470434797,0.855421764843169,-0.8302171624600981,-0.2957634596078045,-1.2925788985274433,-0.7887732760038705,-0.04626702908008959,-0.5486244817393715,0.5808804945406519,-0.2995131318873983
0.07826282566252908,0.5012988022868932,-0.5117881910959666,-0.5654840229618815,0.5827285819804818,-0.1668377019995263,-0.8240248800128116,0.655101105568608,2.3003054282632136,0.3791648136688327,0.45810601661622263
-0.6856096339630313,-0.44567310296522245,-0.9219511778777073,0.5816929148637242,-0.24085770700853654,0.8463293748755991,1.2734455585191897,0.5606861643658829,0.008774848478524704,-0.4276979098184437,-1.3096719965588919
-0.30367340415025107,-0.5048588470434797,-0.16998570211118283,2.6223441984958114,-0.021234696611464945,1.0151905543547868,1.1500649444878956,1.7745925512578278,1.371306544566719,-0.898367831852688,-0.8045925642231452
0.765748039325533,-0.7416018233565087,1.197224253827953,1.000853719069234,-0.54283934630451,1.296625853486766,0.7094198943761305,0.1897703239266858,-1.2918235886965683,-1.3690377538869325,0.037206489669766724
0.9949097772132016,-0.031372894417421755,0.581979773655342,-0.08013993388181748,-0.04868757291109892,-1.5177271378330268,-1.8463213962721066,0.9585777022915942,0.9377737321750194,0.8498347357030777,0.8790055435626786
-0.07451166626258313,0.14618433781734977,0.0350957912796877,-0.8081560675019134,-0.54283934630451,-0.1668377019995263,0.21589743825095375,-0.9229771973909054,-0.23895818717387424,0.5808804945406519,1.2157251651198437
0.30742456355019704,-0.3273016148087082,-0.16998570211118283,-0.1463232187563716,-0.15849907810963482,-0.22312476182592217,0.5684134783403657,-0.2148651383706167,-0.42475796391317205,-0.9656063921432944,-0.2995131318873983
-0.532835142037919,-0.8599733115130231,1.2655847516249097,2.876046790514936,-0.07614044921073289,1.1277646740075784,1.8903486286756608,1.6430860260112017,-1.7872896600013664,0.7153576151218648,-1.4780318073374736
-1.0675458637758115,-0.4160802309260938,-0.10162520431422599,0.07428773082547563,-0.3781220885067064,0.6211811355700156,0.6212908843537776,-0.6532202225260246,0.628107437609522,-0.7638907112714755,0.20556630044835
-0.3800606501128069,1.6258279397737807,-0.5117881910959666,-0.8743393523764675,-0.4879335937052421,-1.3488659583538394,-0.9121538900351647,-0.38346324766118123,1.12357350891432,-1.436276314177539,-0.13115332110881506
0.9185225312506459,0.26455582597386434,-1.4688351602533614,-0.7419727826273592,0.5003699530815799,-1.3488659583538394,-1.564308564200577,0.4291796391192568,-0.8582907763048716,-0.6966521509808691,-0.7204126588338543
0.3838118095127535,-0.5048588470434797,0.17181678687360138,0.29489868040732287,-0.1859519544092686,0.3397458364380364,0.8680521124163659,-0.28230438208682757,-0.23895818717387424,1.1187889768655026,0.7948256381733877
1.6823949908762061,1.596235067734652,-0.2383461999081393,-0.41105635825458836,0.8298044686771873,-0.6734212404370891,-0.7358958699904586,1.875751416832144,0.5042409197833226,-0.024266548074805126,-0.7204126588338543
0.9949097772132016,-0.6232303351999943,1.0605032582340392,2.2362750367275788,0.006218179688169026,0.5648940757436198,2.1194840547337788,2.0106299042645657,-1.2918235886965683,0.8498347357030777,-1.3096719965588919
0.001875579699973319,1.7146065558911665,-1.6739166536442318,-0.5434229280036967,0.5552757056808479,-0.7859953600898807,-0.48913464192787026,0.9922973241496997,1.7429060980453146,0.042972012215801304,-0.7204126588338543
-1.1439331097383671,0.3237415700521216,0.24017728467055785,0.008104445950921305,-0.8448209856004835,-0.7297083002634849,-0.013237987807164047,-1.3545883571747221,-0.3008914460869726,0.9170732959936841,1.5524447866770086
-0.07451166626258313,-0.9783447996695377,0.7187007692492553,-0.8081560675019134,-0.3232163359074385,0.9589034945283909,0.7622973003895424,-0.9904164411071162,-1.7253564010882652,-1.5035148744681455,-0.04697341571952417
-0.22728615818769465,-0.9191590555912804,0.10345628907664453,-0.764033877585544,-0.3781220885067064,1.8594964517507246,0.6212908843537776,-0.68693984438413,1.3093732856536178,-0.09150510836541155,0.20556630044835
-0.07451166626258313,-0.09055863849567904,-0.10162520431422599,-0.3889952632964037,-0.6251979752034118,0.002023477479661268,-0.20712180985634066,-1.1252949285395755,-0.92022403521797,-1.5035148744681455,1.4682648812877177
-0.8383841258881435,-1.0967162878260521,0.37689828026447153,-0.8743393523764675,-0.7075566041023137,0.3960328962644323,-0.29525081987869367,-0.7880987099584837,1.0616402500012188,0.31192625337822627,-0.04697341571952417
0.1546500716250855,-0.3864873588869651,-0.44342769329900983,1.5082589031074827,-0.10359332551036686,-0.27941182165231804,0.6036650823493069,1.0327608703794338,-0.7963575173917705,0.5808804945406519,-1.1413121857803101
0.30742456355019704,0.3829273141303786,1.197224253827953,-0.6757894977528051,0.8572573449768213,-0.7859953600898807,-1.2470441281201061,1.1676393578118553,1.5571063213060168,0.7153576151218648,-1.225492091169601
0.1546500716250855,-0.564044591121737,1.197224253827953,-0.8743393523764675,-0.4055749648063402,0.28345877661164054,0.7446714983850717,-0.9566968192490108,-0.6105577406524727,0.11021057250640773,0.6264658273948059
-0.4564478960753633,-0.14974438257393632,0.10345628907664453,-0.5654840229618815,-0.13104620181000085,0.5648940757436198,1.6964648066264842,-0.4643903401206118,-0.4866912228262732,0.44640337395943913,-0.4678729426659801
-0.3800606501128069,-0.8599733115130231,0.37689828026447153,-0.7530033301064516,-0.8722738619001174,0.6774681953964116,-0.18949600785187004,-1.4557472227490384,-0.7344242584786721,-0.5621750303996562,0.7106457327840968
-0.30367340415025107,-0.800787567434766,2.085910725188391,0.29489868040732287,-0.43302784110597414,-1.2925788985274433,-0.013237987807164047,-0.32276792831656154,-1.6634231421751668,0.3791648136688327,-0.2995131318873983
-1.3730948476260352,1.3890849634607514,-1.6055561558472748,-0.6978505927109898,0.06112393228743678,-0.5608471207842973,-1.4585537521737533,0.10209930709558925,1.6809728391322163,0.7153576151218648,-0.2995131318873983
-0.6092223880004748,0.3237415700521216,-0.44342769329900983,-0.1904454086727411,-0.6801037278026797,-0.8422824199162766,-0.40100563190551725,-1.570393937066612,0.19457462521782254,-0.09150510836541155,2.1417041244020463
1.5296204989510933,1.2707134753042375,-0.9219511778777073,-0.764033877585544,0.5827285819804818,-1.123717719048256,-1.6348117722184592,0.4123198281902041,-0.4866912228262732,-0.29322078923723083,-0.552052848055271
0.07826282566252908,-1.0375305437477949,0.3085377824675147,0.6919983896546477,-0.7899152330012155,0.7900423150492033,-0.048489591816105244,-0.6127566762962906,-0.5486244817393715,-0.8311292715620819,1.5524447866770086
0.2310373175876413,0.8564132667564366,-0.8535906800807505,-0.6978505927109898,0.5278228293812139,-1.123717719048256,-1.2294183261156355,0.39208805507535577,0.9997069910881204,0.042972012215801304,-0.7204126588338543
-0.8383841258881435,0.20537008189560707,-1.1953931690655344,-0.25662869354729534,0.08857680858707076,-0.1668377019995263,-0.013237987807164047,-0.3699753989179241,-0.9821572941310711,-1.3017991935963262,-1.1413121857803101
-0.7619968799255871,-0.8599733115130231,-0.2383461999081393,-0.8743393523764675,-0.4879335937052421,-0.33569888147871385,-0.6301410579636351,-1.5636500126949833,0.81390721434882,-0.4276979098184437,1.2999050705091346
0.07826282566252908,-0.7416018233565087,-0.375067195502053,-0.7860949725437287,-0.46048071740560814,0.11459759713245299,1.0266843304566013,-0.8757697267895429,0.2565078841309237,-0.36045934952783726,0.5422859220055135
0.6129735474004214,-0.44567310296522245,-0.44342769329900983,3.0966577400967834,-0.3232163359074385,1.1277646740075784,1.661213202617543,2.014001866450399,-1.1060238119572705,-0.2259822289466244,-1.1413121857803101
-0.532835142037919,0.027812849660835207,0.4452587780614284,0.5155096299891702,-0.570292222604144,-0.5608471207842973,1.4497035785638959,0.8709066854604977,1.4951730623929185,-0.36045934952783726,-1.225492091169601
0.1546500716250855,1.9809424042433244,-1.058672173471621,-0.7199116876691746,0.5827285819804818,-1.011143599395464,-1.3175473361379884,1.066480492237539,1.6809728391322163,1.1187889768655026,-0.552052848055271
-0.4564478960753633,-0.09055863849567904,-0.03326470651726914,-0.8302171624600981,-1.009538243398287,-0.05426358234673459,-0.4362572359144585,-1.411911714333509,0.19457462521782254,-0.6294135906902626,1.5524447866770086
0.5365863014378657,-0.9191590555912804,-0.375067195502053,-0.6537284027946203,-0.4879335937052421,-1.2362918387010475,0.515536072326954,-0.11370627279630043,-1.1060238119572705,1.3877432180279283,-0.6362327534445619
-0.9147713718506992,-1.0967162878260521,0.37689828026447153,-0.7860949725437287,-0.8722738619001174,0.7337552552228074,0.05726522021071835,-0.5857809788098138,1.4332398034798173,-0.158743668656018,-0.7204126588338543
0.30742456355019704,-0.9783447996695377,0.3085377824675147,-0.5875451179200661,-0.21340483070890257,0.45231995609082815,0.16302003223754197,0.49324692064967207,2.3003054282632136,-0.49493647010904973,-0.21533322649810593
-0.8383841258881435,-1.0375305437477949,-0.2383461999081393,-0.5654840229618815,-0.7899152330012155,-0.4482730011315056,-0.27762501787422306,-1.287149113458474,-0.42475796391317205,-1.1000835127245072,0.45810601661622263
0.001875579699973319,-0.2681158707304509,-0.10162520431422599,0.669937294696463,-0.1859519544092686,0.5648940757436198,1.308697162528131,0.6685889543118277,-0.4866912228262732,-0.29322078923723083,-1.225492091169601
1.3768460070259818,-0.5048588470434797,0.17181678687360138,0.361081965281877,-0.7624623567015816,-0.5045600609579014,0.8504263104118953,0.14593481551115625,-0.92022403521797,-0.2259822289466244,0.037206489669766724
-0.22728615818769465,-0.7416018233565087,1.197224253827953,0.42726525015643113,0.17093543748597267,1.1277646740075784,0.956181122438719,0.39208805507535577,1.928705874784615,-0.2259822289466244,-0.21533322649810593
0.2310373175876413,-0.9191590555912804,1.197224253827953,-0.764033877585544,-0.26831058330817054,0.6774681953964116,0.46265866631354213,-0.4509024913773921,1.0616402500012188,-0.4276979098184437,0.12138639505905761
-1.1439331097383671,-0.564044591121737,0.0350957912796877,1.5744421879820367,-0.43302784110597414,0.7337552552228074,0.23352324025542434,0.23697779452804837,0.008774848478524704,-0.024266548074805126,-0.13115332110881506
0.30742456355019704,-0.3273016148087082,1.197224253827953,1.000853719069234,-0.7350094804019477,0.8463293748755991,1.4673293805683663,-0.2485847602287221,-0.6105577406524727,-1.0328449524339007,1.4682648812877177
-0.6092223880004748,-0.5048588470434797,-0.10162520431422599,-0.6316673078364355,-0.8722738619001174,0.17088465695884883,0.35690385428671856,-0.8555379536746947,-0.11509166934767477,-0.4276979098184437,0.037206489669766724
-0.22728615818769465,0.3237415700521216,-0.9903116756746639,1.72886985268933,-0.6526508515030457,1.6343482124451412,1.2734455585191897,1.012529097264548,-0.92022403521797,-0.29322078923723083,-0.9729523750017269
0.1546500716250855,0.8564132667564366,-0.8535906800807505,-0.4551785481709578,0.5552757056808479,-0.7859953600898807,-1.3527989401469296,0.695564651798342,0.875840473261921,-0.158743668656018,-0.04697341571952417
0.765748039325533,0.5012988022868932,-0.16998570211118283,-0.764033877585544,0.6650872108793838,-0.1668377019995263,-1.211792524111165,0.5033628072070961,0.13264136630472417,0.042972012215801304,-0.21533322649810593
-1.2203203557009237,-0.2089301266521936,3.1796786899396996,1.949480802271177,0.472917076781946,-0.3919859413051097,-0.38337982990104663,0.7528880089571287,0.9997069910881204,-0.36045934952783726,-0.04697341571952417
-0.22728615818769465,-1.0967162878260521,0.24017728467055785,-0.8302171624600981,-0.3781220885067064,-0.5045600609579014,1.2029423505013073,-0.6195006006679192,0.13264136630472417,0.5808804945406519,0.20556630044835
0.30742456355019704,-1.4518307522955956,0.10345628907664453,-0.8964004473346523,-0.7075566041023137,0.17088465695884883,-0.3657540278965761,-1.2129659453706345,-1.0440905530441695,0.9843118562842905,0.5422859220055135
0.1546500716250855,-0.14974438257393632,1.6073872406096938,2.5451303661421654,-0.021234696611464945,1.296625853486766,2.189987262751661,2.415265366561906,-1.6634231421751668,0.31192625337822627,-1.562211712726766
1.2240715151008703,0.26455582597386434,0.17181678687360138,0.18459320561639925,-0.04868757291109892,0.17088465695884883,0.25114904225989493,-0.6195006006679192,-1.7253564010882652,-0.158743668656018,1.0473653543412618
0.07826282566252908,0.3829273141303786,-0.16998570211118283,-0.7199116876691746,-0.6801037278026797,-0.22312476182592217,-0.7006442659815174,-1.9042181934618705,-1.6634231421751668,-1.2345606333057202,2.0575242190127554
0.001875579699973319,-0.9191590555912804,-0.3067066977050961,1.3538312384001894,0.11602968488670473,0.9026164347019949,0.6212908843537776,1.0732244166091678,-1.4776233654358661,0.3791648136688327,-1.057132280391018
-0.6856096339630313,-1.0375305437477949,0.0350957912796877,-0.8964004473346523,-0.46048071740560814,0.508607015917224,0.07489102221518895,-1.9143340800193323,0.5042409197833226,-0.898367831852688,2.1417041244020463
2.4462674505017667,-0.6232303351999943,0.9921427604370827,-0.7199116876691746,0.5003699530815799,-1.3488659583538394,-1.6348117722184592,1.0327608703794338,0.13264136630472417,3.270422906164907,0.20556630044835
-0.6092223880004748,-1.0967162878260521,-0.2383461999081393,-0.6316673078364355,-0.4055749648063402,0.17088465695884883,-0.3657540278965761,-1.0578556848233647,0.5042409197833226,-0.6966521509808691,0.45810601661622263
2.3698802045392107,1.4482707075390087,0.7187007692492553,-0.49930073808732733,0.9121630975760892,0.28345877661164054,-0.718270067985988,1.504835576392947,0.318441143044022,1.1187889768655026,-0.8887724696124361
2.3698802045392107,0.9155990108346939,0.7187007692492553,-0.6757894977528051,0.3356526952837765,-0.5045600609579014,-1.1060377120843412,1.2350786015280661,-0.42475796391317205,1.2532660974467156,0.7948256381733877
-0.4564478960753633,-0.14974438257393632,1.0605032582340392,2.3245194165603174,0.17093543748597267,-0.1668377019995263,1.044310132461072,1.4104206351902593,-0.3008914460869726,0.17744913279701416,-1.3096719965588919
0.001875579699973319,-0.6232303351999943,0.581979773655342,2.820894053119474,-0.21340483070890257,1.1277646740075784,1.255819756514719,1.8420317949740388,0.6900406965226205,-0.7638907112714755,-0.8045925642231452
-1.1439331097383671,-1.0967162878260521,0.0350957912796877,-0.8522782574182828,-0.570292222604144,-1.2925788985274433,-0.4362572359144585,-1.1556425882118477,0.19457462521782254,-0.36045934952783726,0.37392611122693176
0.07826282566252908,-0.7416018233565087,0.6503402714522984,2.280397226643948,-0.1859519544092686,1.4091999731395577,1.3615745685415428,1.8420317949740388,0.566174178696421,0.3791648136688327,-1.3938519019481828
-0.6092223880004748,-0.5048588470434797,0.7870612670462122,1.6626865678147755,-0.6526508515030457,1.9157835115771207,2.0489808467158963,0.9653216266631854,-0.92022403521797,-1.0328449524339007,-1.3938519019481828
-0.4564478960753633,3.312621646004112,-0.8535906800807505,-0.9405226372510218,-0.24085770700853654,-0.7297083002634849,1.5907099945996606,-0.38346324766118123,0.6900406965226205,0.17744913279701416,-0.4678729426659801
-0.532835142037919,0.3829273141303786,-0.5117881910959666,1.9715418972293621,-0.24085770700853654,-0.33569888147871385,-0.013237987807164047,1.2350786015280661,1.3093732856536178,-0.024266548074805126,-0.6362327534445619
-0.30367340415025107,-0.44567310296522245,1.197224253827953,-0.8522782574182828,-0.3506692122070724,0.28345877661164054,0.21589743825095375,-1.529930390836878,-0.6105577406524727,-0.36045934952783726,1.2999050705091346
-0.30367340415025107,-0.7416018233565087,0.3085377824675147,-0.8522782574182828,-0.13104620181000085,0.45231995609082815,0.23352324025542434,-0.4171828695192867,-1.1679570708703688,0.042972012215801304,-1.1413121857803101
0.5365863014378657,-0.8599733115130231,0.17181678687360138,-0.8522782574182828,-0.46048071740560814,-0.05426358234673459,0.07489102221518895,-0.4509024913773921,-0.5486244817393715,-0.8311292715620819,0.037206489669766724
-0.30367340415025107,-0.7416018233565087,0.6503402714522984,0.361081965281877,-0.6251979752034118,0.508607015917224,0.03963941820624775,-0.7037996553131828,-0.3008914460869726,-0.49493647010904973,0.7948256381733877
2.217105712614098,-0.44567310296522245,1.539026742812737,-0.6096062128782509,0.22584119008524062,-1.2925788985274433,-1.5466827621961063,0.2605815298287297,-0.36282470500007374,-0.024266548074805126,1.6366246920662995
-0.7619968799255871,-0.2681158707304509,0.0350957912796877,-0.7419727826273592,-0.6801037278026797,0.002023477479661268,0.28640064626883616,-1.1590145503976808,0.318441143044022,-0.8311292715620819,0.5422859220055135
-0.4564478960753633,2.2472782525954815,-1.5371956580503183,0.09634882578366027,1.6533907576662061,-1.1800047788746517,-1.7053149802363416,0.6787048408692893,0.7519739554357215,-0.29322078923723083,0.20556630044835
1.758782236838762,1.4482707075390087,0.855421764843169,-0.6096062128782509,0.39055844788304406,-0.5045600609579014,-0.8063990780083411,1.5722748201091579,1.4332398034798173,0.6481190548312584,-0.8887724696124361
-0.8383841258881435,-0.3864873588869651,-0.5117881910959666,3.2841770472413527,0.472917076781946,0.11459759713245299,1.0619359344655426,1.5790187444807864,-0.23895818717387424,-0.6294135906902626,-1.057132280391018
0.1546500716250855,-0.3864873588869651,1.197224253827953,-0.7860949725437287,-0.6251979752034118,-0.5608471207842973,0.21589743825095375,-0.9229771973909054,-1.5395566243489673,-0.9656063921432944,0.037206489669766724
0.6893607933629772,-0.3864873588869651,1.197224253827953,-0.8964004473346523,-0.46048071740560814,0.11459759713245299,0.6036650823493069,-0.31602400394493296,-0.6105577406524727,-0.8311292715620819,-0.4678729426659801
-1.2203203557009237,-0.3864873588869651,-0.2383461999081393,-0.1904454086727411,-0.3506692122070724,1.24033879366037,0.779923102394013,-0.8555379536746947,0.7519739554357215,-0.6294135906902626,0.12138639505905761
0.30742456355019704,-0.2681158707304509,0.581979773655342,-0.6316673078364355,-0.07614044921073289,-0.05426358234673459,1.0795617364700132,-0.029407218151036876,-0.23895818717387424,-0.024266548074805126,-0.6362327534445619
-0.6092223880004748,-0.6232303351999943,-0.375067195502053,0.6919983896546477,-0.07614044921073289,0.9589034945283909,1.2029423505013073,0.28418526512941095,-0.672490999565571,-0.2259822289466244,-0.8887724696124361
0.5365863014378657,-0.14974438257393632,1.3339452494218664,-0.7199116876691746,7.80283504878421,-0.7297083002634849,-1.0179087020619884,0.7967235173726583,-1.1679570708703688,3.6738542679085455,-1.1413121857803101
-1.4494820935885917,-1.0671234157869234,-0.5117881910959666,-0.8743393523764675,-0.15849907810963482,-0.27941182165231804,-0.15424440384292884,-0.68693984438413,0.566174178696421,-0.4276979098184437,-1.225492091169601
1.758782236838762,0.678856034521665,-0.5117881910959666,-0.521361833045512,0.9670688501753572,-0.8985694797426724,-1.2294183261156355,1.1676393578118553,-0.672490999565571,1.3877432180279283,-0.4678729426659801
-0.30367340415025107,-0.2681158707304509,-0.375067195502053,3.3613908795949996,-0.54283934630451,0.8463293748755991,0.6389166863582482,0.9214861182476558,-1.1679570708703688,-1.0328449524339007,1.4682648812877177
-0.30367340415025107,-1.3926450082173383,0.7187007692492553,-0.8743393523764675,-0.4055749648063402,1.1840517338339742,0.32165225027777733,-1.3309846218740409,-0.3008914460869726,1.3877432180279283,0.6264658273948059
0.46019905547530926,-0.14974438257393632,0.855421764843169,-0.521361833045512,1.2965033657709644,-1.2362918387010475,-1.7053149802363416,0.9383459291767086,0.628107437609522,1.656697459190354,0.37392611122693176
0.30742456355019704,0.7972275226781793,0.37689828026447153,-0.8522782574182828,-0.6251979752034118,-1.4051530181802352,-1.0002829000575177,-0.6667080712692818,-1.1060238119572705,0.042972012215801304,-0.13115332110881506
-0.30367340415025107,1.3298992193824941,-2.1524401382229295,-0.5654840229618815,0.41801132418267806,0.11459759713245299,-0.8769022860262234,0.12570304239627053,1.2474400267405195,0.17744913279701416,0.5422859220055135
0.001875579699973319,-0.44567310296522245,0.9921427604370827,3.0194439077431365,-0.13104620181000085,0.8463293748755991,2.4896258968276612,1.8420317949740388,-1.1679570708703688,-0.09150510836541155,-1.3938519019481828
-0.6856096339630313,-0.800787567434766,-0.03326470651726914,-0.8522782574182828,-0.3781220885067064,0.002023477479661268,0.05726522021071835,-0.9971603654787449,1.619039580219118,0.9843118562842905,0.37392611122693176
-0.532835142037919,-0.3864873588869651,-0.2383461999081393,0.758181674529202,-0.26831058330817054,1.3529129133131619,1.6964648066264842,0.5606861643658829,-0.8582907763048716,0.042972012215801304,-1.3938519019481828
-0.4564478960753633,-0.564044591121737,0.0350957912796877,0.11840992074184492,-0.4879335937052421,-0.8422824199162766,-0.8063990780083411,-0.9803005545496921,-1.6634231421751668,-0.09150510836541155,0.45810601661622263
-0.30367340415025107,-0.3864873588869651,0.581979773655342,3.73642949388414,-0.24085770700853654,1.0151905543547868,0.9385553204342484,2.1792280135550928,-1.8492229189144647,-0.2259822289466244,-1.562211712726766
-0.22728615818769465,0.3237415700521216,-0.10162520431422599,1.221464668651081,-0.6526508515030457,-0.33569888147871385,-0.47150883992339965,-0.6363604115969719,-0.4866912228262732,-0.5621750303996562,1.8891644082341736
0.765748039325533,0.4421130582086359,1.197224253827953,-0.5434229280036967,0.7474458397782857,0.11459759713245299,-1.0355345040664587,1.4373963326767363,0.6900406965226205,1.4549817783185348,-1.562211712726766
-0.991158617813255,0.027812849660835207,1.0605032582340392,-0.6316673078364355,1.4612206235687681,-0.8985694797426724,0.42740706230460096,-0.4509024913773921,-0.8582907763048716,-0.2259822289466244,-1.225492091169601
0.07826282566252908,-0.8599733115130231,0.5136192758583852,-0.6096062128782509,-0.24085770700853654,-0.33569888147871385,-0.47150883992339965,-1.3815640546611991,-1.7872896600013664,-1.2345606333057202,1.2157251651198437
-1.1439331097383671,-0.564044591121737,-0.3067066977050961,1.2655868585674508,-0.1859519544092686,1.5780611526187454,0.03963941820624775,0.4662712231631952,-0.7963575173917705,-0.2259822289466244,-0.6362327534445619
-0.991158617813255,-0.9783447996695377,-0.16998570211118283,-0.10220102884000232,-0.6801037278026797,2.140931750882704,0.40978126030013035,-0.9937884032929493,-0.11509166934767477,-1.0328449524339007,0.6264658273948059
0.07826282566252908,-0.8303804394738946,-0.03326470651726914,-0.7419727826273592,0.08857680858707076,0.2271717167852447,-0.06611539382057585,0.5944057862239883,3.0435045352204106,1.0515504165748963,-0.04697341571952417
-0.3800606501128069,-0.2681158707304509,0.855421764843169,2.9642911703476744,0.006218179688169026,1.9720705714035165,1.9432260346890726,1.69366545879836,-0.7344242584786721,-0.024266548074805126,-1.225492091169601
-0.30367340415025107,-0.44567310296522245,0.0350957912796877,-0.7860949725437287,-0.3506692122070724,-0.6171341806106931,0.49791027032248336,-0.8218183318165891,-0.7963575173917705,-0.6966521509808691,-0.552052848055271
2.599041942426878,0.5604845463651504,2.496073711970132,-0.21250650363092594,1.5710321287673041,-1.3488659583538394,-1.5819343662050473,0.8304431392307637,-1.0440905530441695,0.8498347357030777,2.3942438405699207
-0.22728615818769465,-0.9191590555912804,0.24017728467055785,-0.01395664900726334,0.28074694268450856,0.11459759713245299,0.6389166863582482,0.15605070206858038,0.81390721434882,-0.36045934952783726,-0.6362327534445619
-0.22728615818769465,0.20537008189560707,0.0350957912796877,0.758181674529202,-0.3506692122070724,0.3397458364380364,0.6741682903671894,-0.4509024913773921,0.9377737321750194,-1.2345606333057202,1.2157251651198437
-0.4564478960753633,-0.09055863849567904,0.581979773655342,-0.5323923805246044,-0.43302784110597414,0.28345877661164054,-0.48913464192787026,-1.8131752144449784,-0.7344242584786721,-0.9656063921432944,2.31006393518063
0.1546500716250855,-0.3273016148087082,1.128863756030996,1.7068087577311453,-0.54283934630451,1.7750658620111308,1.2029423505013073,1.1946150552983321,-1.2918235886965683,-1.3017991935963262,-1.4780318073374736
-0.8383841258881435,2.188092508517224,-1.4688351602533614,-0.5434229280036967,-0.10359332551036686,-0.9548565395690684,-1.5290569601916357,-0.3092800795733418,2.114505651523913,-0.2259822289466244,1.1315452597305526
0.001875579699973319,-0.6232303351999943,0.3085377824675147,-0.6757894977528051,-0.7624623567015816,-0.5045600609579014,-0.8945280880306941,-1.2736612647152543,-0.6105577406524727,0.6481190548312584,1.6366246920662995
0.6129735474004214,-0.6232303351999943,1.128863756030996,0.3831430602400617,-0.26831058330817054,-0.9548565395690684,0.35690385428671856,0.5471983156226632,0.008774848478524704,1.1187889768655026,-0.4678729426659801
0.30742456355019704,0.9155990108346939,-0.16998570211118283,-0.6096062128782509,0.8023515923775533,-1.4051530181802352,-1.7581923862497535,0.16279462644020895,0.566174178696421,0.5808804945406519,0.7948256381733877
-0.532835142037919,-1.1559020319043094,0.0350957912796877,-0.8302171624600981,-0.570292222604144,-0.6171341806106931,-0.6653926619725763,-1.6513210295260798,-0.3008914460869726,-0.8311292715620819,1.4682648812877177
0.9949097772132016,0.738041778599922,-0.3067066977050961,-0.6978505927109898,0.033671055987803,-0.6734212404370891,-1.335173138142459,0.21674602141316265,-0.42475796391317205,2.127367381224598,0.45810601661622263
1.6823949908762061,-0.44567310296522245,1.4706662450157801,-0.5875451179200661,0.472917076781946,-1.3488659583538394,-1.687689178231871,0.5606861643658829,-0.17702492826077312,4.010047069361576,1.2157251651198437
-1.0675458637758115,-0.564044591121737,-0.2383461999081393,1.3317701434420048,-0.021234696611464945,0.8463293748755991,1.0795617364700132,1.015901059450381,1.1855067678274183,-0.6966521509808691,-0.8887724696124361
0.07826282566252908,-0.3864873588869651,0.24017728467055785,-0.764033877585544,-0.07614044921073289,0.05831053730605713,0.6036650823493069,-0.929721121762534,-0.3008914460869726,-0.4276979098184437,0.12138639505905761
-0.7619968799255871,-0.9191590555912804,0.4452587780614284,0.008104445950921305,-1.036991119697921,-0.4482730011315056,-0.5596378499457526,-1.661436916083504,-1.1060238119572705,-1.1673220730151137,1.6366246920662995
2.4462674505017667,1.3594920914216229,2.017550227391434,-0.5434229280036967,0.5278228293812139,-1.06743065922186,-1.5819343662050473,1.8420317949740388,-0.42475796391317205,1.0515504165748963,-1.3096719965588919
-0.4564478960753633,-0.5048588470434797,-0.16998570211118283,-0.8081560675019134,-0.4879335937052421,-0.9548565395690684,-0.8240248800128116,-1.0241360629652216,-1.1060238119572705,-0.29322078923723083,0.2897462058376409
-0.9147713718506992,1.921756660165067,-1.6739166536442318,-0.8522782574182828,0.08857680858707076,-1.1800047788746517,-0.10136699782951705,-0.48462211323549753,-0.7344242584786721,-1.2345606333057202,-1.562211712726766
-0.4564478960753633,0.26455582597386434,0.5136192758583852,1.5082589031074827,0.006218179688169026,1.1840517338339742,1.8903486286756608,1.3396094292882155,0.19457462521782254,-0.158743668656018,-1.3938519019481828
1.4532332529885377,0.9155990108346939,-0.10162520431422599,-0.6978505927109898,0.22584119008524062,-1.2362918387010475,-1.7053149802363416,1.0799683409807588,0.566174178696421,1.186027537156109,-0.04697341571952417
0.46019905547530926,0.26455582597386434,0.7187007692492553,-0.6757894977528051,0.8023515923775533,-1.1800047788746517,-1.6348117722184592,0.24372171889967695,0.9997069910881204,0.8498347357030777,0.8790055435626786
0.001875579699973319,-1.2742735200608237,0.9921427604370827,-0.8302171624600981,-0.3506692122070724,1.0151905543547868,-0.048489591816105244,-1.1016911932388942,-1.6014898832620656,-0.5621750303996562,0.45810601661622263
1.9879439747264307,0.0869985937390925,0.9921427604370827,1.1994035736928965,-0.515386470004876,-1.461440078006631,-0.5420120479412821,0.35836843321725037,-2.0969559545668637,-1.570753434758752,-0.3836930372766892
0.07826282566252908,-0.14974438257393632,-0.16998570211118283,-0.7860949725437287,-0.515386470004876,0.11459759713245299,0.5331618743314246,-0.5318295838368601,-0.17702492826077312,0.11021057250640773,0.20556630044835
0.6893607933629772,0.3237415700521216,0.0350957912796877,0.6258151047800937,-0.7075566041023137,-0.3919859413051097,0.07489102221518895,-0.9364650461341626,-1.1060238119572705,-0.49493647010904973,2.31006393518063
-0.4564478960753633,-0.031372894417421755,0.581979773655342,0.669937294696463,-0.2957634596078045,2.140931750882704,0.9914327264476601,0.1358189289537321,-0.4866912228262732,-0.2259822289466244,-0.8466825169177898
0.07826282566252908,-0.44567310296522245,0.37689828026447153,1.0229148140274185,-0.4055749648063402,0.3397458364380364,0.28640064626883616,1.1339197359537498,1.5571063213060168,1.4549817783185348,-0.552052848055271
0.5365863014378657,1.0931562430694657,-0.5117881910959666,-0.6757894977528051,0.41801132418267806,-0.8422824199162766,-0.15424440384292884,0.49324692064967207,0.2565078841309237,0.042972012215801304,-0.9729523750017269
-0.6856096339630313,-0.9191590555912804,-0.16998570211118283,0.09634882578366027,-0.4055749648063402,0.7900423150492033,1.3263229645326016,-0.5048538863503458,-0.23895818717387424,-0.4276979098184437,-0.21533322649810593
-0.30367340415025107,-0.44567310296522245,-0.10162520431422599,1.7509309476475146,-0.26831058330817054,2.1972188107090997,0.8151747064029542,0.8473029501598164,-0.42475796391317205,-0.2259822289466244,-0.8045925642231452
1.4532332529885377,2.543206972986768,-0.6485091866898801,-0.6316673078364355,0.6101814582801158,-1.011143599395464,-1.158915118097753,1.0327608703794338,-0.3008914460869726,-0.158743668656018,-0.8045925642231452
-0.30367340415025107,-1.0967162878260521,0.581979773655342,-0.6096062128782509,-0.54283934630451,-0.6734212404370891,-0.20712180985634066,-0.7543790881003783,1.619039580219118,-0.7638907112714755,0.7106457327840968
-0.30367340415025107,-0.8599733115130231,-0.2383461999081393,1.6626865678147755,-0.24085770700853654,1.3529129133131619,0.39215545829565973,0.3448805844739932,-0.23895818717387424,-1.1000835127245072,0.12138639505905761
-0.22728615818769465,-0.9191590555912804,0.10345628907664453,-0.764033877585544,-0.4879335937052421,-0.1668377019995263,-0.27762501787422306,-1.5973696345530888,-0.8582907763048716,-0.49493647010904973,1.4682648812877177
0.9185225312506459,-1.0375305437477949,-0.03326470651726914,0.07428773082547563,-0.13104620181000085,0.9589034945283909,0.6389166863582482,0.25720956764289665,0.07070810739162582,-1.0328449524339007,-0.6362327534445619
0.07826282566252908,-1.1559020319043094,0.581979773655342,-0.6757894977528051,-0.1859519544092686,-0.33569888147871385,-0.38337982990104663,-0.4509024913773921,-0.5486244817393715,-0.5621750303996562,-0.04697341571952417
-0.9147713718506992,0.4421130582086359,0.6503402714522984,1.6185643778984062,-0.6801037278026797,1.1277646740075784,1.1500649444878956,0.5674300887375114,-0.5486244817393715,0.44640337395943913,-0.7204126588338543
-1.2967076016634793,0.17577720985647843,0.4452587780614284,-0.7419727826273592,-0.570292222604144,-0.7297083002634849,-0.27762501787422306,-1.051111760451736,0.38037440195712313,-0.9656063921432944,-0.04697341571952417
-0.15089891222513888,0.9155990108346939,-1.1953931690655344,-0.7199116876691746,0.5827285819804818,-1.123717719048256,-1.599560168209518,0.614637559338874,1.866772615871514,0.5136419342500456,-0.13115332110881506
-0.532835142037919,-0.6824160792782514,0.5136192758583852,-0.6978505927109898,-0.570292222604144,0.6211811355700156,-0.27762501787422306,-1.529930390836878,-0.23895818717387424,-0.6966521509808691,1.1315452597305526
-0.9147713718506992,-0.14974438257393632,-1.3321141646594479,0.18459320561639925,-0.43302784110597414,0.2271717167852447,1.3439487665370722,-0.04626702908008959,-0.42475796391317205,1.2532660974467156,-0.4678729426659801
-0.07451166626258313,0.20537008189560707,0.581979773655342,-0.6316673078364355,-0.4055749648063402,1.3529129133131619,1.5378325885862487,-0.9330930839483296,-1.22989032978347,-0.2259822289466244,0.7106457327840968
-0.4564478960753633,0.14618433781734977,-1.6739166536442318,-0.8081560675019134,-0.24085770700853654,1.5780611526187454,0.5331618743314246,-0.7880987099584837,-0.36282470500007374,-1.0328449524339007,-0.4678729426659801
0.30742456355019704,1.0339704989912084,1.197224253827953,1.9715418972293621,-0.6251979752034118,0.3960328962644323,0.7446714983850717,0.4258076769334612,-0.5486244817393715,-1.0328449524339007,1.0473653543412618
2.5226546964643224,-0.5048588470434797,1.0605032582340392,-0.6978505927109898,0.5827285819804818,-1.3488659583538394,-1.5819343662050473,1.0327608703794338,-0.3008914460869726,3.4049000267461196,0.2897462058376409
0.1546500716250855,2.602392717065025,-0.8535906800807505,0.030165540909106146,1.021974602774625,-0.6171341806106931,-0.27762501787422306,0.8742786476462933,-0.42475796391317205,-0.09150510836541155,-0.8326525324056424
0.5365863014378657,-0.3273016148087082,-0.03326470651726914,0.5044790825100776,-0.6251979752034118,0.3960328962644323,0.7094198943761305,-0.2485847602287221,-1.0440905530441695,-1.5035148744681455,0.20556630044835
1.3768460070259818,0.26455582597386434,0.581979773655342,-0.8302171624600981,-0.3506692122070724,-0.27941182165231804,-1.1236635140888118,0.08186753398074097,-0.17702492826077312,1.9928902606433856,0.2897462058376409
0.30742456355019704,2.6319855891041537,-0.716869684486837,-0.6096062128782509,0.8298044686771873,-0.5045600609579014,-0.8063990780083411,0.3246488113591449,-0.672490999565571,-0.6294135906902626,-1.1413121857803101
2.9809781722396584,-0.9783447996695377,1.128863756030996,-0.7860949725437287,0.30819981898414256,-1.2925788985274433,-1.7405665842452829,0.9316020048050799,-0.05315841043457366,0.7153576151218648,-0.3836930372766892
2.140718466651542,2.040128148321581,-1.4004746624564048,-0.8081560675019134,0.7474458397782857,-1.2362918387010475,-1.5819343662050473,0.41906375256183265,-2.1588892134799647,-0.4276979098184437,-0.7204126588338543
-0.3800606501128069,-0.2681158707304509,0.9237822626401259,1.221464668651081,-0.6801037278026797,1.4654870329659535,1.7317164106354255,0.8304431392307637,-0.05315841043457366,0.3791648136688327,-0.8887724696124361
-0.30367340415025107,-0.6232303351999943,-0.16998570211118283,-0.6757894977528051,-0.3506692122070724,-0.8422824199162766,-0.31287662188316423,-0.7476351637287497,0.008774848478524704,0.7153576151218648,-0.13115332110881506
-0.15089891222513888,-0.14974438257393632,-0.16998570211118283,-0.03601774396544798,-0.570292222604144,0.6211811355700156,0.6389166863582482,-0.9634407436206395,0.9377737321750194,-0.6966521509808691,1.3840849758984255
-0.7619968799255871,-0.2681158707304509,-0.03326470651726914,-0.8522782574182828,-0.24085770700853654,-0.6171341806106931,0.19827163624648314,-1.5333023530226735,0.566174178696421,0.042972012215801304,1.7208045974555906
-0.07451166626258313,-0.031372894417421755,-1.1270326712685776,-0.8522782574182828,-0.10359332551036686,1.7469223320979328,1.2205681525057779,-0.31602400394493296,-0.8582907763048716,-0.6966521509808691,-1.1413121857803101
-0.6856096339630313,-0.564044591121737,-0.6485091866898801,-0.3889952632964037,-0.24085770700853654,0.6211811355700156,0.8328005084074248,-0.6667080712692818,-0.42475796391317205,-0.2259822289466244,-0.04697341571952417
2.6754291883894337,-0.7416018233565087,1.6757477384066508,0.6919983896546477,-0.3506692122070724,0.3960328962644323,1.1853165484968367,1.1676393578118553,-2.220822472393063,0.9843118562842905,-0.8887724696124361
-1.2203203557009237,0.26455582597386434,-0.5117881910959666,-0.08013993388181748,-0.6251979752034118,-0.1668377019995263,-0.6477668599681057,-1.3276126596882079,0.318441143044022,-1.1673220730151137,1.8049845028448814
0.001875579699973319,-0.09055863849567904,0.17181678687360138,-0.6757894977528051,-0.3506692122070724,1.7469223320979328,1.0090585284521307,-1.7086443866848666,0.13264136630472417,-0.024266548074805126,2.31006393518063
1.758782236838762,0.14618433781734977,1.4023057472188234,-0.6757894977528051,0.6925400871790177,-1.3488659583538394,-1.5466827621961063,1.1676393578118553,-0.3008914460869726,-0.158743668656018,-0.8887724696124361
-0.8383841258881435,-0.44567310296522245,-0.10162520431422599,2.5671914611003492,-0.4879335937052421,1.0714776141811826,1.0266843304566013,1.7914523621868805,1.0616402500012188,-0.5621750303996562,-0.9729523750017269
-1.0675458637758115,-0.3273016148087082,-1.1270326712685776,-0.8743393523764675,-0.7624623567015816,-1.011143599395464,-0.5420120479412821,-1.5973696345530888,0.4423076608702215,-0.898367831852688,0.7106457327840968
-0.30367340415025107,1.3298992193824941,-0.16998570211118283,-0.6316673078364355,-0.46048071740560814,-0.8422824199162766,-0.6477668599681057,-0.2485847602287221,0.566174178696421,1.3877432180279283,-0.2995131318873983
0.765748039325533,-0.14974438257393632,-0.375067195502053,-0.6537284027946203,0.1434825611863387,-0.22312476182592217,-0.47150883992339965,-1.6176014076679746,-0.7963575173917705,-0.4276979098184437,1.8891644082341736
-0.30367340415025107,-1.0967162878260521,0.3085377824675147,-0.8302171624600981,-0.6251979752034118,0.11459759713245299,-0.27762501787422306,-1.3343565840598366,-1.2918235886965683,0.31192625337822627,0.6264658273948059
-0.3800606501128069,-1.0967162878260521,2.2226317207823048,-0.6537284027946203,0.06112393228743678,-0.33569888147871385,-1.0884119100798706,0.1358189289537321,0.6900406965226205,1.186027537156109,0.5422859220055135
0.001875579699973319,-0.44567310296522245,0.7187007692492553,-0.764033877585544,-0.1859519544092686,0.28345877661164054,0.3745296562911892,-0.8555379536746947,-1.7872896600013664,-0.49493647010904973,0.37392611122693176
0.9185225312506459,1.0339704989912084,-0.6485091866898801,-0.521361833045512,0.7474458397782857,-1.461440078006631,-1.687689178231871,0.7697478198861815,0.19457462521782254,0.24468769308761984,-0.552052848055271
-0.15089891222513888,-0.3864873588869651,0.5136192758583852,0.8023038644455713,-0.15849907810963482,0.11459759713245299,0.48028446831801275,0.5269665425077775,0.9377737321750194,-0.024266548074805126,-0.04697341571952417
0.2310373175876413,0.4421130582086359,-0.8535906800807505,0.4052041551982465,-0.43302784110597414,1.8032093919243288,0.6389166863582482,0.18302639955505723,0.008774848478524704,-1.1000835127245072,-0.4678729426659801
1.300458761063426,-0.3273016148087082,0.24017728467055785,-0.6978505927109898,0.28074694268450856,-0.27941182165231804,-1.0002829000575177,0.8304431392307637,-0.3008914460869726,5.556533956045524,-0.21533322649810593
1.5296204989510933,1.152341987147723,-0.03326470651726914,-0.6096062128782509,1.5161263761680361,-1.06743065922186,-1.335173138142459,0.8270711770449681,0.07070810739162582,0.17744913279701416,0.2897462058376409
-0.07451166626258313,0.26455582597386434,-1.3321141646594479,-0.6537284027946203,0.22584119008524062,-0.8985694797426724,-1.5819343662050473,-0.6801959200125389,0.4423076608702215,-0.024266548074805126,2.31006393518063
-0.6092223880004748,-0.6824160792782514,0.0350957912796877,-0.6978505927109898,-0.515386470004876,0.5648940757436198,0.07489102221518895,-1.2804051890868828,0.566174178696421,-0.024266548074805126,1.0473653543412618
0.1546500716250855,-0.031372894417421755,-0.2383461999081393,1.552381093023852,-0.21340483070890257,0.05831053730605713,0.6212908843537776,0.7528880089571287,-0.05315841043457366,-0.29322078923723083,-0.21533322649810593
0.6893607933629772,-0.564044591121737,0.17181678687360138,1.1111591938601575,-0.1859519544092686,0.002023477479661268,0.12776842822860077,0.9113702316902317,-0.36282470500007374,-0.29322078923723083,-0.3836930372766892
4.661497583415892,-0.031372894417421755,1.4023057472188234,-0.41105635825458836,1.021974602774625,-0.7297083002634849,-1.0707861080754,2.3141065009875894,-1.1060238119572705,1.8584131400621733,-0.8887724696124361
1.6060077449136505,0.7972275226781793,-0.16998570211118283,-0.6537284027946203,1.9279195206625455,-1.3488659583538394,-1.7229407822408123,0.7630038955145528,-0.05315841043457366,1.2532660974467156,0.5422859220055135
-0.07451166626258313,-0.2089301266521936,0.4452587780614284,-0.8522782574182828,-0.570292222604144,-1.123717719048256,0.18064583424201255,-0.720659466242273,-0.5486244817393715,-0.6294135906902626,-0.552052848055271
0.1546500716250855,-0.9783447996695377,-0.16998570211118283,-0.8081560675019134,-0.4055749648063402,0.2271717167852447,-0.22474761186081124,-0.2350969114855024,1.928705874784615,0.44640337395943913,-0.04697341571952417
2.5226546964643224,-0.6232303351999943,1.0605032582340392,-0.6537284027946203,0.2532940663848746,-1.3488659583538394,-1.5819343662050473,1.1002001140956446,-0.4866912228262732,2.4635601826776306,0.37392611122693176
0.07826282566252908,-0.3864873588869651,0.7870612670462122,-0.7419727826273592,0.6376343345797498,-0.5045600609579014,0.16302003223754197,-1.3613322815463134,-0.23895818717387424,-0.7638907112714755,1.8891644082341736
-0.8383841258881435,-0.14974438257393632,-0.2383461999081393,0.33902087032369216,-0.982085367098653,-0.05426358234673459,0.32165225027777733,-0.8960014999044286,-0.4866912228262732,-1.1673220730151137,0.7527356854787415
0.46019905547530926,-0.3864873588869651,0.0350957912796877,0.8684871493201256,-0.570292222604144,0.2271717167852447,0.022013616201777154,0.22348994578479123,-0.36282470500007374,-0.9656063921432944,-0.21533322649810593
-0.30367340415025107,-0.09055863849567904,-0.03326470651726914,0.5155096299891702,-0.3232163359074385,0.2271717167852447,0.515536072326954,-0.7678669368435981,-1.0440905530441695,0.11021057250640773,1.3840849758984255
-1.4494820935885917,0.0869985937390925,-0.3067066977050961,0.27283758544913805,-0.7899152330012155,0.5648940757436198,0.32165225027777733,-0.9027454242760572,0.875840473261921,-0.898367831852688,0.8790055435626786
-0.22728615818769465,-0.6232303351999943,0.37689828026447153,0.22871539553276854,-0.8173681093008495,0.45231995609082815,-0.030863789811634647,-1.2399416428571488,-0.23895818717387424,-1.3017991935963262,1.5524447866770086
-0.3800606501128069,-0.6824160792782514,-0.03326470651726914,-0.6537284027946203,-0.2957634596078045,0.002023477479661268,-0.31287662188316423,-0.6532202225260246,0.628107437609522,0.7153576151218648,0.12138639505905761
1.3768460070259818,0.3237415700521216,0.7870612670462122,-0.5875451179200661,0.30819981898414256,-0.05426358234673459,-1.1941667221066943,-0.07998665093819501,-0.17702492826077312,0.44640337395943913,1.3840849758984255
1.0712970231757575,-0.4752659750043511,0.3085377824675147,-0.8522782574182828,-0.6251979752034118,-0.8422824199162766,-0.5948894539546938,-1.09157530668147,-1.7253564010882652,-1.1673220730151137,0.7106457327840968
-0.9147713718506992,-0.3864873588869651,-0.16998570211118283,3.1407799300131525,-0.15849907810963482,0.3397458364380364,1.0619359344655426,1.5419271604368854,-0.5486244817393715,-0.2259822289466244,-1.3096719965588919
-0.3800606501128069,0.9747847549129511,-0.5117881910959666,-0.6537284027946203,-0.3781220885067064,-0.8985694797426724,0.7270456963806011,-1.3950519034044562,-0.05315841043457366,0.44640337395943913,2.0575242190127554
1.758782236838762,3.0462857976519544,-0.375067195502053,-0.6978505927109898,0.6101814582801158,-0.9548565395690684,-1.5114311581871651,0.8709066854604977,0.13264136630472417,0.5808804945406519,-0.4678729426659801
-0.532835142037919,-0.7416018233565087,-0.8535906800807505,-0.8743393523764675,0.19838831378560665,0.3397458364380364,1.3615745685415428,-0.528457621651027,-1.1060238119572705,-0.2259822289466244,-0.8887724696124361
-0.532835142037919,-0.800787567434766,0.581979773655342,0.4934485350309853,-0.43302784110597414,1.0714776141811826,0.022013616201777154,-0.6262445250395478,-0.11509166934767477,-0.6966521509808691,0.37392611122693176
0.07826282566252908,-0.3864873588869651,0.3085377824675147,1.6847476627729603,-0.46048071740560814,0.45231995609082815,0.46265866631354213,1.1676393578118553,0.4423076608702215,1.7239360194809605,-0.8045925642231452
4.661497583415892,0.5012988022868932,1.8124687340005636,-0.6978505927109898,0.3631055715834105,-0.8422824199162766,-1.299921534133518,1.9769102824064604,-1.0440905530441695,-0.29322078923723083,-1.3096719965588919
0.5365863014378657,-1.0967162878260521,-0.10162520431422599,-0.05807883892363283,-0.54283934630451,0.3960328962644323,1.0090585284521307,0.7292842736564474,1.4951730623929185,-0.6294135906902626,-1.3096719965588919
-0.9147713718506992,1.241120603265109,-0.375067195502053,-0.12426212379818696,-0.10359332551036686,-0.7297083002634849,0.21589743825095375,-0.07998665093819501,0.07070810739162582,-0.49493647010904973,-1.225492091169601
-0.991158617813255,-0.7416018233565087,0.4452587780614284,-0.8302171624600981,-0.2957634596078045,-0.33569888147871385,-0.41863143390998786,-0.7476351637287497,-0.17702492826077312,-0.4276979098184437,-0.4678729426659801
-0.30367340415025107,-1.0967162878260521,-0.9219511778777073,-0.7199116876691746,-0.2957634596078045,0.05831053730605713,0.0043878141973065525,-0.7678669368435981,0.2565078841309237,0.11021057250640773,0.20556630044835
-0.7619968799255871,-0.9191590555912804,-0.16998570211118283,-0.16838431371455645,-0.3232163359074385,0.17088465695884883,0.21589743825095375,0.6888207274267134,-0.3008914460869726,-0.7638907112714755,-1.057132280391018
0.1546500716250855,-0.44567310296522245,1.128863756030996,-0.8743393523764675,-0.26831058330817054,-0.7297083002634849,0.32165225027777733,-1.0578556848233647,-0.23895818717387424,-0.29322078923723083,0.8790055435626786
-0.3800606501128069,0.5012988022868932,-0.5801486888929233,-0.01395664900726334,2.751505809651564,1.0714776141811826,0.5507876763358952,0.05826379868005969,-0.36282470500007374,-0.29322078923723083,-0.9729523750017269
0.001875579699973319,-1.2150877759825665,0.24017728467055785,-0.8522782574182828,-0.570292222604144,-0.8422824199162766,-0.718270067985988,-0.2485847602287221,1.4332398034798173,-0.9656063921432944,-0.552052848055271
-0.7619968799255871,-0.2681158707304509,-0.03326470651726914,-0.764033877585544,-0.5977450989037778,0.5648940757436198,-0.13661860183845825,-1.819919138816607,0.19457462521782254,-0.9656063921432944,1.9733443136234645
-0.6092223880004748,-0.6232303351999943,-0.2383461999081393,1.4200145232747436,-0.1859519544092686,0.2271717167852447,0.8680521124163659,0.7967235173726583,0.5042409197833226,-0.5621750303996562,-0.8887724696124361
-0.22728615818769465,1.152341987147723,-0.10162520431422599,-0.6316673078364355,0.8572573449768213,-1.1800047788746517,-0.15424440384292884,0.9147421938760273,0.13264136630472417,4.346239870814609,-0.04697341571952417
-0.532835142037919,-0.6232303351999943,-0.8535906800807505,-0.8522782574182828,-0.43302784110597414,0.002023477479661268,-0.048489591816105244,-0.6734519956409103,-1.4776233654358661,-0.49493647010904973,-0.9729523750017269
0.6893607933629772,1.8625709160868098,-0.6485091866898801,-0.6316673078364355,0.3356526952837765,-1.1800047788746517,-1.599560168209518,0.7630038955145528,0.4423076608702215,4.480716991395821,-0.21533322649810593
-0.3800606501128069,-0.9191590555912804,-0.5801486888929233,0.2507764904909534,-0.26831058330817054,0.3397458364380364,0.05726522021071835,-0.012547407221946727,0.6900406965226205,-0.6966521509808691,-0.8045925642231452
0.765748039325533,-0.9783447996695377,0.4452587780614284,-0.8743393523764675,-0.46048071740560814,0.6211811355700156,-0.38337982990104663,-1.3208687353166169,-2.1588892134799647,0.44640337395943913,1.2157251651198437
0.1546500716250855,-0.6232303351999943,-0.6485091866898801,1.2435257636092658,-0.4055749648063402,-0.22312476182592217,-0.5772636519502232,0.29092918950100205,-2.2827557313061644,-1.1673220730151137,-0.7204126588338543
0.5365863014378657,2.4840212289085106,-2.1524401382229295,-0.6757894977528051,0.7474458397782857,-1.1800047788746517,-1.6171859702139886,0.5573142021800873,0.628107437609522,0.9843118562842905,0.2897462058376409
-0.8383841258881435,-1.0967162878260521,-0.16998570211118283,0.2066543005745839,-0.7350094804019477,-0.05426358234673459,0.5331618743314246,0.06837968523748382,2.7957714995680116,-0.49493647010904973,0.12138639505905761
-0.9147713718506992,-0.5048588470434797,-0.16998570211118283,-0.8964004473346523,-0.6801037278026797,-0.1668377019995263,-0.31287662188316423,-1.6648088782692996,0.9377737321750194,-0.6294135906902626,1.4682648812877177
-0.7619968799255871,-0.14974438257393632,-1.058672173471621,0.42726525015643113,-0.3232163359074385,0.002023477479661268,0.39215545829565973,0.12233108021047497,-0.3008914460869726,-0.4276979098184437,-0.8045925642231452
-1.1439331097383671,-0.5344517190826084,2.2909922185792615,-0.8522782574182828,0.6101814582801158,-0.7297083002634849,0.40978126030013035,-0.49473799979292166,-0.17702492826077312,-0.7638907112714755,-0.9729523750017269
0.6129735474004214,2.1584996364780955,-2.1524401382229295,-0.5434229280036967,0.6376343345797498,-1.06743065922186,-1.4056763461603414,1.0327608703794338,1.3093732856536178,-0.024266548074805126,-0.8887724696124361
0.6893607933629772,2.5727998450258966,-1.4688351602533614,-0.3889952632964037,0.9121630975760892,-1.461440078006631,-1.775818188254224,1.3530972780314727,0.81390721434882,-0.29322078923723083,-0.8887724696124361
0.765748039325533,-0.031372894417421755,-0.16998570211118283,0.030165540909106146,0.5278228293812139,-0.6171341806106931,-0.38337982990104663,-1.0645996091949557,-1.7253564010882652,-0.9656063921432944,1.6366246920662995
-0.8383841258881435,-0.09055863849567904,0.0350957912796877,0.6037540098219089,-0.13104620181000085,1.24033879366037,1.2205681525057779,0.6854487652408805,0.9997069910881204,0.7825961754124713,-0.8887724696124361
0.46019905547530926,0.3829273141303786,2.496073711970132,-0.7419727826273592,11.261897462538089,-0.6734212404370891,-0.7887732760038705,0.9316020048050799,-0.92022403521797,5.220341154592492,-1.057132280391018
0.3838118095127535,-0.5048588470434797,0.581979773655342,-0.8743393523764675,-0.4055749648063402,-1.1800047788746517,-0.9474054940441059,-1.0241360629652216,-2.0969559545668637,-0.2259822289466244,0.037206489669766724
-1.0675458637758115,0.0869985937390925,1.2655847516249097,-0.8964004473346523,1.9279195206625455,1.8594964517507246,1.132439142483425,-0.8150744074449606,-0.7963575173917705,-0.5621750303996562,-0.7204126588338543
-0.6092223880004748,-0.2089301266521936,-0.03326470651726914,1.72886985268933,-0.3232163359074385,1.4091999731395577,0.8328005084074248,0.31116096261588777,-1.2918235886965683,0.3791648136688327,-0.2995131318873983
0.07826282566252908,-0.564044591121737,-0.2383461999081393,-0.7860949725437287,-0.3781220885067064,-0.6171341806106931,-0.013237987807164047,-0.3902071720327724,0.9377737321750194,0.17744913279701416,-0.3836930372766892
0.001875579699973319,0.26455582597386434,0.855421764843169,-0.5434229280036967,0.2532940663848746,-0.4482730011315056,-1.158915118097753,0.1358189289537321,0.4423076608702215,2.060128820933992,0.7948256381733877
0.2310373175876413,0.3829273141303786,-0.5801486888929233,2.14803065689484,-0.07614044921073289,-0.11055064217313045,1.0619359344655426,1.4980916520213186,-0.3008914460869726,-0.29322078923723083,-0.7204126588338543
-0.15089891222513888,-1.0967162878260521,0.3085377824675147,-0.5434229280036967,-0.7624623567015816,-0.11055064217313045,-0.27762501787422306,-1.1050631554246897,-0.7344242584786721,-1.1000835127245072,0.5422859220055135
